date,tag,team,kind,market,open_ml,close_ml,clv_pts,won,profit_1u,slip_id,slip_odds,slip_result,joint_prob,correlation,line,edge_pct,home,away,pick,pitcher,home_pitcher,away_pitcher,odds,model_prob,edge,qualifies,timestamp,kelly_stake_pct,abbr_home,abbr_away,abbr_pick,c_team_edge,c_pitcher_fip_edge,c_pitcher_era_edge,c_pitcher_whip_edge,c_pitcher_k9_edge,c_offense_edge,c_bullpen_edge,c_season_form_edge,c_h2h_edge,c_weather_edge,c_rest_edge,c_lineup_edge,c_injury_edge,c_fatigue_edge,slip_leg_num,slip_leg_count
2026-06-18,me,Philadelphia Phillies,,,,,,,,,,,,,,,,,,,,,,,,,,,,,,,,,,,,,,,,,,,,,
2026-06-18,me,Boston Red Sox,team,,,,,0,-1.0,,,,,,,,,,,,,,,,,,,,,,,,,,,,,,,,,,,,,,
2026-06-18,me,Atlanta Braves,team,,,,,,,,,,,,,,,,,,,,,,,,,,,,,,,,,,,,,,,,,,,,
2026-06-18,me,LA Dodgers,team,Moneyline,-157.0,,,1,0.637,SGPx 16 Pick Parlay (+452960) #1,452960.0,,,,,,,,,,,,,,,,,,,,,,,,,,,,,,,,,,,,
2026-06-18,me,SD Padres,team,Moneyline,105.0,,,1,1.05,SGPx 16 Pick Parlay (+452960) #1,452960.0,,,,,,,,,,,,,,,,,,,,,,,,,,,,,,,,,,,,
2026-06-18,me,Boston Red Sox,team,Moneyline,-131.0,,,0,-1.0,SGPx 16 Pick Parlay (+452960) #1,452960.0,,,,,,,,,,,,,,,,,,,,,,,,,,,,,,,,,,,,
2026-06-18,me,New York Yankees,team,Run Line -1.5,113.0,,,1,1.13,SGPx 16 Pick Parlay (+452960) #1,452960.0,,,,,,,,,,,,,,,,,,,,,,,,,,,,,,,,,,,,
2026-06-18,me,CHI Cubs,team,Moneyline,-194.0,,,1,0.515,SGPx 16 Pick Parlay (+452960) #1,452960.0,,,,,,,,,,,,,,,,,,,,,,,,,,,,,,,,,,,,
2026-06-18,me,Los Angeles Angels,team,Moneyline,141.0,,,0,-1.0,SGPx 16 Pick Parlay (+452960) #1,452960.0,,,,,,,,,,,,,,,,,,,,,,,,,,,,,,,,,,,,
2026-06-18,me,MIA Marlins,team,Moneyline,,,,1,,2 Pick SGP (+212) #2,212.0,,,,,,,,,,,,,,,,,,,,,,,,,,,,,,,,,,,,
2026-06-18,me,Sandy Alcantara,prop,5+ Strikeouts Thrown,,,,1,,2 Pick SGP (+212) #2,212.0,,,,,,,,,,,,,,,,,,,,,,,,,,,,,,,,,,,,
2026-06-18,me,Total,total,Over 10.5,,,,0,,2 Pick SGP (+174) #3,174.0,,,,,,,,,,,,,,,,,,,,,,,,,,,,,,,,,,,,
2026-06-18,me,Zack Littell,prop,3+ Strikeouts Thrown,,,,0,,2 Pick SGP (+174) #3,174.0,,,,,,,,,,,,,,,,,,,,,,,,,,,,,,,,,,,,
2026-06-18,me,Atlanta Braves,team,Moneyline,,,,0,,2 Pick SGP (+152) #4,152.0,,,,,,,,,,,,,,,,,,,,,,,,,,,,,,,,,,,,
2026-06-18,me,JR Ritchie,prop,4+ Strikeouts Thrown,,,,1,,2 Pick SGP (+152) #4,152.0,,,,,,,,,,,,,,,,,,,,,,,,,,,,,,,,,,,,
2026-06-18,me,PIT Pirates,team,Moneyline,,,,1,,2 Pick SGP (+134) #5,134.0,,,,,,,,,,,,,,,,,,,,,,,,,,,,,,,,,,,,
2026-06-18,me,Braxton Ashcraft,prop,5+ Strikeouts Thrown,,,,1,,2 Pick SGP (+134) #5,134.0,,,,,,,,,,,,,,,,,,,,,,,,,,,,,,,,,,,,
2026-06-18,me,George Kirby,prop,5+ Strikeouts Thrown,,,,1,,2 Pick SGP (-104) #6,-104.0,,,,,,,,,,,,,,,,,,,,,,,,,,,,,,,,,,,,
2026-06-18,me,Seattle Mariners,team,Moneyline,,,,0,,2 Pick SGP (-104) #6,-104.0,,,,,,,,,,,,,,,,,,,,,,,,,,,,,,,,,,,,
2026-06-18,me,New York Mets,team,,,,,1,,,,,,,,,,,,,,,,,,,,,,,,,,,,,,,,,,,,,,,
2026-06-18,me,New York Yankees,team,,,,,0,-1.0,,,,,,,,,,,,,,,,,,,,,,,,,,,,,,,,,,,,,,
2026-06-18,me,Milwaukee Brewers,team,,,,,0,-1.0,,,,,,,,,,,,,,,,,,,,,,,,,,,,,,,,,,,,,,
2026-06-18,me,Seattle Mariners,team,,,,,1,,,,,,,,,,,,,,,,,,,,,,,,,,,,,,,,,,,,,,,
2026-06-18,me,NY Mets,other,,,,,,,2 Pick SGP (+140) #2,140.0,,,,,,,,,,,,,,,,,,,,,,,,,,,,,,,,,,,,
2026-06-18,me,6+,other,,,,,,,2 Pick SGP (+140) #2,140.0,,,,,,,,,,,,,,,,,,,,,,,,,,,,,,,,,,,,
2026-06-18,me,MIA Marlins,other,,,,,,,2 Pick SGP (+208) #3,208.0,,,,,,,,,,,,,,,,,,,,,,,,,,,,,,,,,,,,
2026-06-18,me,5+,other,,,,,,,2 Pick SGP (+208) #3,208.0,,,,,,,,,,,,,,,,,,,,,,,,,,,,,,,,,,,,
2026-06-18,me,3+,other,,,,,,,2 Pick SGP (+184) #4,184.0,,,,,,,,,,,,,,,,,,,,,,,,,,,,,,,,,,,,
2026-06-18,me,Over 10.5,other,,,,,,,2 Pick SGP (+184) #4,184.0,,,,,,,,,,,,,,,,,,,,,,,,,,,,,,,,,,,,
2026-06-18,me,BOS Red Sox,other,,,,,,,2 Pick SGP (+246) #5,246.0,,,,,,,,,,,,,,,,,,,,,,,,,,,,,,,,,,,,
2026-06-18,me,4+,other,,,,,,,2 Pick SGP (+246) #5,246.0,,,,,,,,,,,,,,,,,,,,,,,,,,,,,,,,,,,,
2026-06-18,me,NY Yankees,other,,,,,,,2 Pick SGP (+188) #6,188.0,,,,,,,,,,,,,,,,,,,,,,,,,,,,,,,,,,,,
2026-06-18,me,7+,other,,,,,,,2 Pick SGP (+188) #6,188.0,,,,,,,,,,,,,,,,,,,,,,,,,,,,,,,,,,,,
2026-06-18,me,3+,other,,,,,,,2 Pick SGP (-104) #7,-104.0,,,,,,,,,,,,,,,,,,,,,,,,,,,,,,,,,,,,
2026-06-18,me,ATL Braves,other,,,,,,,2 Pick SGP (-104) #7,-104.0,,,,,,,,,,,,,,,,,,,,,,,,,,,,,,,,,,,,
2026-06-18,me,6+,other,,,,,,,2 Pick SGP (+160) #8,160.0,,,,,,,,,,,,,,,,,,,,,,,,,,,,,,,,,,,,
2026-06-18,me,CLE Guardians,other,,,,,,,2 Pick SGP (+160) #8,160.0,,,,,,,,,,,,,,,,,,,,,,,,,,,,,,,,,,,,
2026-06-18,me,PIT Pirates,other,,,,,,,2 Pick SGP (+136) #9,136.0,,,,,,,,,,,,,,,,,,,,,,,,,,,,,,,,,,,,
2026-06-18,me,5+,other,,,,,,,2 Pick SGP (+136) #9,136.0,,,,,,,,,,,,,,,,,,,,,,,,,,,,,,,,,,,,
2026-06-18,me,SEA Mariners,other,,,,,,,2 Pick SGP (-104) #10,-104.0,,,,,,,,,,,,,,,,,,,,,,,,,,,,,,,,,,,,
2026-06-18,me,5+,other,,,,,,,2 Pick SGP (-104) #10,-104.0,,,,,,,,,,,,,,,,,,,,,,,,,,,,,,,,,,,,
2026-06-18,me,LA Dodgers,team,Moneyline,-181.0,,,1,0.552,20 Pick Parlay (+1153091) #1,1153091.0,,,,,,,,,,,,,,,,,,,,,,,,,,,,,,,,,,,,
2026-06-18,me,CHI Cubs,team,Moneyline,-193.0,,,1,0.518,20 Pick Parlay (+1153091) #1,1153091.0,,,,,,,,,,,,,,,,,,,,,,,,,,,,,,,,,,,,
2026-06-18,me,New York Mets,team,Moneyline,,,,1,,2 Pick SGP (+140) #2,140.0,,,,,,,,,,,,,,,,,,,,,,,,,,,,,,,,,,,,
2026-06-18,me,Nolan McLean,prop,6+ Strikeouts Thrown,,,,1,,2 Pick SGP (+140) #2,140.0,,,,,,,,,,,,,,,,,,,,,,,,,,,,,,,,,,,,
2026-06-18,me,MIA Marlins,team,Moneyline,,,,1,,2 Pick SGP (+208) #3,208.0,,,,,,,,,,,,,,,,,,,,,,,,,,,,,,,,,,,,
2026-06-18,me,Sandy Alcantara,prop,5+ Strikeouts Thrown,,,,1,,2 Pick SGP (+208) #3,208.0,,,,,,,,,,,,,,,,,,,,,,,,,,,,,,,,,,,,
2026-06-18,me,Zack Littell,prop,3+ Strikeouts Thrown,,,,0,,2 Pick SGP (+184) #4,184.0,,,,,,,,,,,,,,,,,,,,,,,,,,,,,,,,,,,,
2026-06-18,me,Total,total,Over 10.5,,,,0,,2 Pick SGP (+184) #4,184.0,,,,,,,,,,,,,,,,,,,,,,,,,,,,,,,,,,,,
2026-06-18,me,Boston Red Sox,team,Moneyline,,,,0,,2 Pick SGP (+246) #5,246.0,,,,,,,,,,,,,,,,,,,,,,,,,,,,,,,,,,,,
2026-06-18,me,Jake Bennett,prop,4+ Strikeouts Thrown,,,,1,,2 Pick SGP (+246) #5,246.0,,,,,,,,,,,,,,,,,,,,,,,,,,,,,,,,,,,,
2026-06-18,me,New York Yankees,team,Moneyline,,,,1,,2 Pick SGP (+188) #6,188.0,,,,,,,,,,,,,,,,,,,,,,,,,,,,,,,,,,,,
2026-06-18,me,Carlos Rodon,prop,7+ Strikeouts Thrown,,,,1,,2 Pick SGP (+188) #6,188.0,,,,,,,,,,,,,,,,,,,,,,,,,,,,,,,,,,,,
2026-06-18,me,JR Ritchie,prop,3+ Strikeouts Thrown,,,,1,,2 Pick SGP (-104) #7,-104.0,,,,,,,,,,,,,,,,,,,,,,,,,,,,,,,,,,,,
2026-06-18,me,Atlanta Braves,team,Moneyline,,,,0,,2 Pick SGP (-104) #7,-104.0,,,,,,,,,,,,,,,,,,,,,,,,,,,,,,,,,,,,
2026-06-18,me,Gavin Williams,prop,6+ Strikeouts Thrown,,,,0,,2 Pick SGP (+160) #8,160.0,,,,,,,,,,,,,,,,,,,,,,,,,,,,,,,,,,,,
2026-06-18,me,Cleveland Guardians,team,Moneyline,,,,0,,2 Pick SGP (+160) #8,160.0,,,,,,,,,,,,,,,,,,,,,,,,,,,,,,,,,,,,
2026-06-18,me,PIT Pirates,team,Moneyline,,,,1,,2 Pick SGP (+136) #9,136.0,,,,,,,,,,,,,,,,,,,,,,,,,,,,,,,,,,,,
2026-06-18,me,Braxton Ashcraft,prop,5+ Strikeouts Thrown,,,,1,,2 Pick SGP (+136) #9,136.0,,,,,,,,,,,,,,,,,,,,,,,,,,,,,,,,,,,,
2026-06-18,me,Seattle Mariners,team,Moneyline,,,,0,,2 Pick SGP (-104) #10,-104.0,,,,,,,,,,,,,,,,,,,,,,,,,,,,,,,,,,,,
2026-06-18,me,George Kirby,prop,5+ Strikeouts Thrown,,,,1,,2 Pick SGP (-104) #10,-104.0,,,,,,,,,,,,,,,,,,,,,,,,,,,,,,,,,,,,
2026-06-18,me,LA Dodgers,team,Moneyline,-181.0,,,1,0.552,20 Pick Parlay (+1147994) #1,1147994.0,,,,,,,,,,,,,,,,,,,,,,,,,,,,,,,,,,,,
2026-06-18,me,CHI Cubs,team,Moneyline,-193.0,,,1,0.518,20 Pick Parlay (+1147994) #1,1147994.0,,,,,,,,,,,,,,,,,,,,,,,,,,,,,,,,,,,,
2026-06-18,me,Jake Bennett,prop,4+ Strikeouts Thrown,130.0,,,1,1.3,20 Pick Parlay (+1147994) #1,1147994.0,,,,,,,,,,,,,,,,,,,,,,,,,,,,,,,,,,,,
2026-06-18,me,New York Mets,team,Moneyline,,,,1,,2 Pick SGP (+138) #2,138.0,,,,,,,,,,,,,,,,,,,,,,,,,,,,,,,,,,,,
2026-06-18,me,Nolan McLean,prop,6+ Strikeouts Thrown,,,,1,,2 Pick SGP (+138) #2,138.0,,,,,,,,,,,,,,,,,,,,,,,,,,,,,,,,,,,,
2026-06-18,me,MIA Marlins,team,Moneyline,,,,1,,2 Pick SGP (+200) #3,200.0,,,,,,,,,,,,,,,,,,,,,,,,,,,,,,,,,,,,
2026-06-18,me,Sandy Alcantara,prop,5+ Strikeouts Thrown,,,,1,,2 Pick SGP (+200) #3,200.0,,,,,,,,,,,,,,,,,,,,,,,,,,,,,,,,,,,,
2026-06-18,me,WAS Nationals,team,Moneyline,,,,0,,3 Pick SGP (+345) #4,345.0,,,,,,,,,,,,,,,,,,,,,,,,,,,,,,,,,,,,
2026-06-18,me,Zack Littell,prop,3+ Strikeouts Thrown,,,,0,,3 Pick SGP (+345) #4,345.0,,,,,,,,,,,,,,,,,,,,,,,,,,,,,,,,,,,,
2026-06-18,me,Total,total,Over 10.5,,,,0,,3 Pick SGP (+345) #4,345.0,,,,,,,,,,,,,,,,,,,,,,,,,,,,,,,,,,,,
2026-06-18,me,New York Yankees,team,Moneyline,,,,1,,2 Pick SGP (+188) #5,188.0,,,,,,,,,,,,,,,,,,,,,,,,,,,,,,,,,,,,
2026-06-18,me,Carlos Rodon,prop,7+ Strikeouts Thrown,,,,1,,2 Pick SGP (+188) #5,188.0,,,,,,,,,,,,,,,,,,,,,,,,,,,,,,,,,,,,
2026-06-18,me,JR Ritchie,prop,3+ Strikeouts Thrown,,,,1,,2 Pick SGP (-104) #6,-104.0,,,,,,,,,,,,,,,,,,,,,,,,,,,,,,,,,,,,
2026-06-18,me,Atlanta Braves,team,Moneyline,,,,0,,2 Pick SGP (-104) #6,-104.0,,,,,,,,,,,,,,,,,,,,,,,,,,,,,,,,,,,,
2026-06-18,me,Gavin Williams,prop,6+ Strikeouts Thrown,,,,0,,2 Pick SGP (+164) #7,164.0,,,,,,,,,,,,,,,,,,,,,,,,,,,,,,,,,,,,
2026-06-18,me,Milwaukee Brewers,team,Moneyline,,,,1,,2 Pick SGP (+164) #7,164.0,,,,,,,,,,,,,,,,,,,,,,,,,,,,,,,,,,,,
2026-06-18,me,PIT Pirates,team,Moneyline,,,,1,,2 Pick SGP (+130) #8,130.0,,,,,,,,,,,,,,,,,,,,,,,,,,,,,,,,,,,,
2026-06-18,me,Braxton Ashcraft,prop,5+ Strikeouts Thrown,,,,1,,2 Pick SGP (+130) #8,130.0,,,,,,,,,,,,,,,,,,,,,,,,,,,,,,,,,,,,
2026-06-18,me,Seattle Mariners,team,Moneyline,,,,0,,2 Pick SGP (-104) #9,-104.0,,,,,,,,,,,,,,,,,,,,,,,,,,,,,,,,,,,,
2026-06-18,me,George Kirby,prop,5+ Strikeouts Thrown,,,,1,,2 Pick SGP (-104) #9,-104.0,,,,,,,,,,,,,,,,,,,,,,,,,,,,,,,,,,,,
2026-06-18,me,LA Dodgers,team,Moneyline,-181.0,,,,,20 Pick Parlay (+931368) #1,931368.0,,,,,,,,,,,,,,,,,,,,,,,,,,,,,,,,,,,,
2026-06-18,me,CHI Cubs,team,Moneyline,-193.0,,,,,20 Pick Parlay (+931368) #1,931368.0,,,,,,,,,,,,,,,,,,,,,,,,,,,,,,,,,,,,
2026-06-18,me,Gavin Williams,prop,6+ Strikeouts Thrown,-234.0,,,,,20 Pick Parlay (+931368) #1,931368.0,,,,,,,,,,,,,,,,,,,,,,,,,,,,,,,,,,,,
2026-06-18,me,MIA Marlins,team,Moneyline,,,,,,2 Pick SGP (+186) #3,186.0,,,,,,,,,,,,,,,,,,,,,,,,,,,,,,,,,,,,
2026-06-18,me,Sandy Alcantara,prop,5+ Strikeouts Thrown,,,,,,2 Pick SGP (+186) #3,186.0,,,,,,,,,,,,,,,,,,,,,,,,,,,,,,,,,,,,
2026-06-18,me,WAS Nationals,team,Moneyline,,,,,,3 Pick SGP (+350) #4,350.0,,,,,,,,,,,,,,,,,,,,,,,,,,,,,,,,,,,,
2026-06-18,me,Zack Littell,prop,3+ Strikeouts Thrown,,,,,,3 Pick SGP (+350) #4,350.0,,,,,,,,,,,,,,,,,,,,,,,,,,,,,,,,,,,,
2026-06-18,me,Total,total,Over 10.5,,,,,,3 Pick SGP (+350) #4,350.0,,,,,,,,,,,,,,,,,,,,,,,,,,,,,,,,,,,,
2026-06-18,me,JR Ritchie,prop,3+ Strikeouts Thrown,,,,,,2 Pick SGP (-105) #7,-105.0,,,,,,,,,,,,,,,,,,,,,,,,,,,,,,,,,,,,
2026-06-18,me,Atlanta Braves,team,Moneyline,,,,,,2 Pick SGP (-105) #7,-105.0,,,,,,,,,,,,,,,,,,,,,,,,,,,,,,,,,,,,
2026-06-18,me,PIT Pirates,team,Moneyline,,,,,,2 Pick SGP (+136) #8,136.0,,,,,,,,,,,,,,,,,,,,,,,,,,,,,,,,,,,,
2026-06-18,me,Braxton Ashcraft,prop,5+ Strikeouts Thrown,,,,,,2 Pick SGP (+136) #8,136.0,,,,,,,,,,,,,,,,,,,,,,,,,,,,,,,,,,,,
2026-06-18,me,Seattle Mariners,team,Moneyline,,,,1,0.909,2 Pick SGP (-105) #9,-105.0,,,,,,,,,,,,,,,,,,,,,,,,,,,,,,,,,,,,
2026-06-18,me,George Kirby,prop,5+ Strikeouts Thrown,,,,,,2 Pick SGP (-105) #9,-105.0,,,,,,,,,,,,,,,,,,,,,,,,,,,,,,,,,,,,
2026-06-18,me,WAS Nationals,team,Moneyline,,,,1,,2 Pick SGP (-104) #1,-104.0,,,,,,,,,,,,,,,,,,,,,,,,,,,,,,,,,,,,
2026-06-18,me,Andrew Alvarez,prop,3+ Strikeouts Thrown,,,,1,,2 Pick SGP (-104) #1,-104.0,,,,,,,,,,,,,,,,,,,,,,,,,,,,,,,,,,,,
2026-06-18,me,CIN Reds,team,Moneyline,,,,1,,2 Pick SGP (+150) #2,150.0,,,,,,,,,,,,,,,,,,,,,,,,,,,,,,,,,,,,
2026-06-18,me,Chase Burns,prop,7+ Strikeouts Thrown,,,,1,,2 Pick SGP (+150) #2,150.0,,,,,,,,,,,,,,,,,,,,,,,,,,,,,,,,,,,,
2026-06-18,me,St. Louis Cardinals,team,Moneyline,,,,1,,2 Pick SGP (+136) #3,136.0,,,,,,,,,,,,,,,,,,,,,,,,,,,,,,,,,,,,
2026-06-18,me,Dustin May,prop,5+ Strikeouts Thrown,,,,1,,2 Pick SGP (+136) #3,136.0,,,,,,,,,,,,,,,,,,,,,,,,,,,,,,,,,,,,
2026-06-18,me,CHI Cubs,team,Run Line -1.5,,,,0,,2 Pick SGP (+172) #4,172.0,,,,,,,,,,,,,,,,,,,,,,,,,,,,,,,,,,,,
2026-06-18,me,Shota Imanaga,prop,6+ Strikeouts Thrown,,,,0,,2 Pick SGP (+172) #4,172.0,,,,,,,,,,,,,,,,,,,,,,,,,,,,,,,,,,,,
2026-06-18,me,Texas Rangers,team,Moneyline,,,,0,,2 Pick SGP (-109) #5,-109.0,,,,,,,,,,,,,,,,,,,,,,,,,,,,,,,,,,,,
2026-06-18,me,MacKenzie Gore,prop,5+ Strikeouts Thrown,,,,1,,2 Pick SGP (-109) #5,-109.0,,,,,,,,,,,,,,,,,,,,,,,,,,,,,,,,,,,,
2026-06-18,me,Total,total,Over 9,,,,1,,3 Pick SGP (+144) #6,144.0,,,,,,,,,,,,,,,,,,,,,,,,,,,,,,,,,,,,
2026-06-18,me,Kai-Wei Teng,prop,4+ Strikeouts Thrown,,,,1,,3 Pick SGP (+144) #6,144.0,,,,,,,,,,,,,,,,,,,,,,,,,,,,,,,,,,,,
2026-06-18,me,Troy Melton,prop,2+ Strikeouts Thrown,,,,0,,3 Pick SGP (+144) #6,144.0,,,,,,,,,,,,,,,,,,,,,,,,,,,,,,,,,,,,
2026-06-18,me,Athletics,team,Moneyline,,,,0,,2 Pick SGP (+202) #7,202.0,,,,,,,,,,,,,,,,,,,,,,,,,,,,,,,,,,,,
2026-06-18,me,Total,total,Under 10.5,,,,0,,2 Pick SGP (+202) #7,202.0,,,,,,,,,,,,,,,,,,,,,,,,,,,,,,,,,,,,
2026-06-18,me,TB Rays,team,Moneyline,,,,0,,2 Pick SGP (+216) #8,216.0,,,,,,,,,,,,,,,,,,,,,,,,,,,,,,,,,,,,
2026-06-18,me,Nick Martinez,prop,3+ Strikeouts Thrown,,,,0,,2 Pick SGP (+216) #8,216.0,,,,,,,,,,,,,,,,,,,,,,,,,,,,,,,,,,,,
2026-06-18,me,Philadelphia Phillies,team,Run Line -1.5,101.0,,,1,1.01,19 Pick Parlay (+585011) #1,585011.0,,,,,,,,,,,,,,,,,,,,,,,,,,,,,,,,,,,,
2026-06-18,me,Los Angeles Angels,team,Moneyline,109.0,,,0,-1.0,19 Pick Parlay (+585011) #1,585011.0,,,,,,,,,,,,,,,,,,,,,,,,,,,,,,,,,,,,
2026-06-18,me,WAS Nationals,team,Moneyline,,,,1,,2 Pick SGP (-104) #2,-104.0,,,,,,,,,,,,,,,,,,,,,,,,,,,,,,,,,,,,
2026-06-18,me,Andrew Alvarez,prop,3+ Strikeouts Thrown,,,,1,,2 Pick SGP (-104) #2,-104.0,,,,,,,,,,,,,,,,,,,,,,,,,,,,,,,,,,,,
2026-06-18,me,CIN Reds,team,Moneyline,,,,1,,2 Pick SGP (+150) #3,150.0,,,,,,,,,,,,,,,,,,,,,,,,,,,,,,,,,,,,
2026-06-18,me,Chase Burns,prop,7+ Strikeouts Thrown,,,,1,,2 Pick SGP (+150) #3,150.0,,,,,,,,,,,,,,,,,,,,,,,,,,,,,,,,,,,,
2026-06-18,me,St. Louis Cardinals,team,Moneyline,,,,1,,2 Pick SGP (+136) #4,136.0,,,,,,,,,,,,,,,,,,,,,,,,,,,,,,,,,,,,
2026-06-18,me,Dustin May,prop,5+ Strikeouts Thrown,,,,1,,2 Pick SGP (+136) #4,136.0,,,,,,,,,,,,,,,,,,,,,,,,,,,,,,,,,,,,
2026-06-18,me,CHI Cubs,team,Run Line -1.5,,,,0,,2 Pick SGP (+172) #5,172.0,,,,,,,,,,,,,,,,,,,,,,,,,,,,,,,,,,,,
2026-06-18,me,Shota Imanaga,prop,6+ Strikeouts Thrown,,,,0,,2 Pick SGP (+172) #5,172.0,,,,,,,,,,,,,,,,,,,,,,,,,,,,,,,,,,,,
2026-06-18,me,Texas Rangers,team,Moneyline,,,,0,,2 Pick SGP (-109) #6,-109.0,,,,,,,,,,,,,,,,,,,,,,,,,,,,,,,,,,,,
2026-06-18,me,MacKenzie Gore,prop,5+ Strikeouts Thrown,,,,1,,2 Pick SGP (-109) #6,-109.0,,,,,,,,,,,,,,,,,,,,,,,,,,,,,,,,,,,,
2026-06-18,me,Total,total,Over 9,,,,1,,3 Pick SGP (+144) #7,144.0,,,,,,,,,,,,,,,,,,,,,,,,,,,,,,,,,,,,
2026-06-18,me,Kai-Wei Teng,prop,4+ Strikeouts Thrown,,,,1,,3 Pick SGP (+144) #7,144.0,,,,,,,,,,,,,,,,,,,,,,,,,,,,,,,,,,,,
2026-06-18,me,Troy Melton,prop,2+ Strikeouts Thrown,,,,0,,3 Pick SGP (+144) #7,144.0,,,,,,,,,,,,,,,,,,,,,,,,,,,,,,,,,,,,
2026-06-18,me,Athletics,team,Moneyline,,,,0,,2 Pick SGP (+202) #8,202.0,,,,,,,,,,,,,,,,,,,,,,,,,,,,,,,,,,,,
2026-06-18,me,Total,total,Under 10.5,,,,0,,2 Pick SGP (+202) #8,202.0,,,,,,,,,,,,,,,,,,,,,,,,,,,,,,,,,,,,
2026-06-18,me,TB Rays,team,Moneyline,,,,0,,2 Pick SGP (+216) #9,216.0,,,,,,,,,,,,,,,,,,,,,,,,,,,,,,,,,,,,
2026-06-18,me,Nick Martinez,prop,3+ Strikeouts Thrown,,,,0,,2 Pick SGP (+216) #9,216.0,,,,,,,,,,,,,,,,,,,,,,,,,,,,,,,,,,,,
2026-06-18,me,Los Angeles Angels,team,Moneyline,114.0,,,0,-1.0,18 Pick Parlay (+406366) #1,406366.0,,,,,,,,,,,,,,,,,,,,,,,,,,,,,,,,,,,,
2026-06-18,me,Athletics,team,Moneyline,-122.0,,,1,0.82,18 Pick Parlay (+406366) #1,406366.0,,,,,,,,,,,,,,,,,,,,,,,,,,,,,,,,,,,,
2026-06-18,me,PHI Phillies Live,team,Moneyline,-209.0,,,,,18 Pick Parlay (+406366) #1,406366.0,,,,,,,,,,,,,,,,,,,,,,,,,,,,,,,,,,,,
2026-06-18,me,WAS Nationals,team,Moneyline,,,,1,,2 Pick SGP (-109) #2,-109.0,,,,,,,,,,,,,,,,,,,,,,,,,,,,,,,,,,,,
2026-06-18,me,Andrew Alvarez,prop,3+ Strikeouts Thrown,,,,1,,2 Pick SGP (-109) #2,-109.0,,,,,,,,,,,,,,,,,,,,,,,,,,,,,,,,,,,,
2026-06-18,me,CIN Reds,team,Moneyline,,,,,,2 Pick SGP (+140) #3,140.0,,,,,,,,,,,,,,,,,,,,,,,,,,,,,,,,,,,,
2026-06-18,me,Chase Burns,prop,7+ Strikeouts Thrown,,,,1,,2 Pick SGP (+140) #3,140.0,,,,,,,,,,,,,,,,,,,,,,,,,,,,,,,,,,,,
2026-06-18,me,St. Louis Cardinals,team,Moneyline,,,,0,-1.0,2 Pick SGP (+122) #4,122.0,,,,,,,,,,,,,,,,,,,,,,,,,,,,,,,,,,,,
2026-06-18,me,Dustin May,prop,5+ Strikeouts Thrown,,,,1,,2 Pick SGP (+122) #4,122.0,,,,,,,,,,,,,,,,,,,,,,,,,,,,,,,,,,,,
2026-06-18,me,CHI Cubs,team,Run Line -1.5,,,,,,2 Pick SGP (+166) #5,166.0,,,,,,,,,,,,,,,,,,,,,,,,,,,,,,,,,,,,
2026-06-18,me,Shota Imanaga,prop,6+ Strikeouts Thrown,,,,,,2 Pick SGP (+166) #5,166.0,,,,,,,,,,,,,,,,,,,,,,,,,,,,,,,,,,,,
2026-06-18,me,Texas Rangers,team,Moneyline,,,,0,-1.0,2 Pick SGP (-104) #6,-104.0,,,,,,,,,,,,,,,,,,,,,,,,,,,,,,,,,,,,
2026-06-18,me,MacKenzie Gore,prop,5+ Strikeouts Thrown,,,,1,,2 Pick SGP (-104) #6,-104.0,,,,,,,,,,,,,,,,,,,,,,,,,,,,,,,,,,,,
2026-06-18,me,Total,total,Over 9,,,,,,3 Pick SGP (+305) #7,305.0,,,,,,,,,,,,,,,,,,,,,,,,,,,,,,,,,,,,
2026-06-18,me,Kai-Wei Teng,prop,4+ Strikeouts Thrown,,,,1,,3 Pick SGP (+305) #7,305.0,,,,,,,,,,,,,,,,,,,,,,,,,,,,,,,,,,,,
2026-06-18,me,HOU Astros,team,Moneyline,,,,,,3 Pick SGP (+305) #7,305.0,,,,,,,,,,,,,,,,,,,,,,,,,,,,,,,,,,,,
2026-06-18,me,TB Rays,team,Moneyline,,,,,,2 Pick SGP (+230) #8,230.0,,,,,,,,,,,,,,,,,,,,,,,,,,,,,,,,,,,,
2026-06-18,me,Nick Martinez,prop,3+ Strikeouts Thrown,,,,,,2 Pick SGP (+230) #8,230.0,,,,,,,,,,,,,,,,,,,,,,,,,,,,,,,,,,,,
2026-06-18,me,Philadelphia Phillies,team,Run Line -1.5,101.0,,,0,-1.0,19 Pick Parlay (+841567) #1,841567.0,,,,,,,,,,,,,,,,,,,,,,,,,,,,,,,,,,,,
2026-06-18,me,Los Angeles Angels,team,Moneyline,109.0,,,0,-1.0,19 Pick Parlay (+841567) #1,841567.0,,,,,,,,,,,,,,,,,,,,,,,,,,,,,,,,,,,,
2026-06-18,me,WAS Nationals,team,Moneyline,,,,,,2 Pick SGP (-105) #2,-105.0,,,,,,,,,,,,,,,,,,,,,,,,,,,,,,,,,,,,
2026-06-18,me,Andrew Alvarez,prop,3+ Strikeouts Thrown,,,,,,2 Pick SGP (-105) #2,-105.0,,,,,,,,,,,,,,,,,,,,,,,,,,,,,,,,,,,,
2026-06-18,me,Texas Rangers,team,Moneyline,,,,0,-1.0,2 Pick SGP (-110) #6,-110.0,,,,,,,,,,,,,,,,,,,,,,,,,,,,,,,,,,,,
2026-06-18,me,MacKenzie Gore,prop,5+ Strikeouts Thrown,,,,,,2 Pick SGP (-110) #6,-110.0,,,,,,,,,,,,,,,,,,,,,,,,,,,,,,,,,,,,
2026-06-18,me,Total,total,Over 9,,,,,,3 Pick SGP (+170) #7,170.0,,,,,,,,,,,,,,,,,,,,,,,,,,,,,,,,,,,,
2026-06-18,me,Kai-Wei Teng,prop,4+ Strikeouts Thrown,,,,,,3 Pick SGP (+170) #7,170.0,,,,,,,,,,,,,,,,,,,,,,,,,,,,,,,,,,,,
2026-06-18,me,Troy Melton,prop,2+ Strikeouts Thrown,,,,,,3 Pick SGP (+170) #7,170.0,,,,,,,,,,,,,,,,,,,,,,,,,,,,,,,,,,,,
2026-06-18,me,SD Padres,team,Moneyline,114.0,,,,,14 Pick Parlay (+573950) #1,573950.0,,,,,,,,,,,,,,,,,,,,,,,,,,,,,,,,,,,,
2026-06-18,me,Seattle Mariners,team,Moneyline,-132.0,,,1,0.758,14 Pick Parlay (+573950) #1,573950.0,,,,,,,,,,,,,,,,,,,,,,,,,,,,,,,,,,,,
2026-06-18,me,New York Yankees,team,Moneyline,-136.0,,,0,-1.0,14 Pick Parlay (+573950) #1,573950.0,,,,,,,,,,,,,,,,,,,,,,,,,,,,,,,,,,,,
2026-06-18,me,Atlanta Braves,team,Moneyline,112.0,,,,,14 Pick Parlay (+573950) #1,573950.0,,,,,,,,,,,,,,,,,,,,,,,,,,,,,,,,,,,,
2026-06-18,me,CIN Reds,team,Moneyline,-109.0,,,,,14 Pick Parlay (+573950) #1,573950.0,,,,,,,,,,,,,,,,,,,,,,,,,,,,,,,,,,,,
2026-06-18,me,HOU Astros,team,Moneyline,100.0,,,,,14 Pick Parlay (+573950) #1,573950.0,,,,,,,,,,,,,,,,,,,,,,,,,,,,,,,,,,,,
2026-06-18,me,LA Dodgers,team,Moneyline,-205.0,,,,,14 Pick Parlay (+573950) #1,573950.0,,,,,,,,,,,,,,,,,,,,,,,,,,,,,,,,,,,,
2026-06-18,me,Milwaukee Brewers,team,Moneyline,108.0,,,0,-1.0,14 Pick Parlay (+573950) #1,573950.0,,,,,,,,,,,,,,,,,,,,,,,,,,,,,,,,,,,,
2026-06-18,me,St. Louis Cardinals,team,Moneyline,-103.0,,,0,-1.0,14 Pick Parlay (+573950) #1,573950.0,,,,,,,,,,,,,,,,,,,,,,,,,,,,,,,,,,,,
2026-06-18,me,Athletics,team,Moneyline,-199.0,,,1,0.503,14 Pick Parlay (+573950) #1,573950.0,,,,,,,,,,,,,,,,,,,,,,,,,,,,,,,,,,,,
2026-06-18,me,CHI Cubs,team,Moneyline,109.0,,,,,14 Pick Parlay (+573950) #1,573950.0,,,,,,,,,,,,,,,,,,,,,,,,,,,,,,,,,,,,
2026-06-18,me,TB Rays,team,Moneyline,-122.0,,,,,14 Pick Parlay (+573950) #1,573950.0,,,,,,,,,,,,,,,,,,,,,,,,,,,,,,,,,,,,
2026-06-18,me,Boston Red Sox,team,Moneyline,-114.0,,,0,-1.0,14 Pick Parlay (+573950) #1,573950.0,,,,,,,,,,,,,,,,,,,,,,,,,,,,,,,,,,,,
2026-06-18,me,MIA Marlins Live,team,Moneyline,-153.0,,,,,14 Pick Parlay (+573950) #1,573950.0,,,,,,,,,,,,,,,,,,,,,,,,,,,,,,,,,,,,
2026-06-18,me,PIT Pirates Live,team,Moneyline,118.0,,,,,14 Pick Parlay (+756693) #1,756693.0,,,,,,,,,,,,,,,,,,,,,,,,,,,,,,,,,,,,
2026-06-18,me,SD Padres,team,Moneyline,114.0,,,,,14 Pick Parlay (+756693) #1,756693.0,,,,,,,,,,,,,,,,,,,,,,,,,,,,,,,,,,,,
2026-06-18,me,Seattle Mariners,team,Moneyline,-132.0,,,1,0.758,14 Pick Parlay (+756693) #1,756693.0,,,,,,,,,,,,,,,,,,,,,,,,,,,,,,,,,,,,
2026-06-18,me,New York Yankees,team,Moneyline,-136.0,,,0,-1.0,14 Pick Parlay (+756693) #1,756693.0,,,,,,,,,,,,,,,,,,,,,,,,,,,,,,,,,,,,
2026-06-18,me,Atlanta Braves,team,Moneyline,112.0,,,,,14 Pick Parlay (+756693) #1,756693.0,,,,,,,,,,,,,,,,,,,,,,,,,,,,,,,,,,,,
2026-06-18,me,CIN Reds,team,Moneyline,-109.0,,,,,14 Pick Parlay (+756693) #1,756693.0,,,,,,,,,,,,,,,,,,,,,,,,,,,,,,,,,,,,
2026-06-18,me,HOU Astros,team,Moneyline,100.0,,,,,14 Pick Parlay (+756693) #1,756693.0,,,,,,,,,,,,,,,,,,,,,,,,,,,,,,,,,,,,
2026-06-18,me,LA Dodgers,team,Moneyline,-205.0,,,,,14 Pick Parlay (+756693) #1,756693.0,,,,,,,,,,,,,,,,,,,,,,,,,,,,,,,,,,,,
2026-06-18,me,Milwaukee Brewers,team,Moneyline,108.0,,,0,-1.0,14 Pick Parlay (+756693) #1,756693.0,,,,,,,,,,,,,,,,,,,,,,,,,,,,,,,,,,,,
2026-06-18,me,St. Louis Cardinals,team,Moneyline,-103.0,,,0,-1.0,14 Pick Parlay (+756693) #1,756693.0,,,,,,,,,,,,,,,,,,,,,,,,,,,,,,,,,,,,
2026-06-18,me,Athletics,team,Moneyline,-199.0,,,1,0.503,14 Pick Parlay (+756693) #1,756693.0,,,,,,,,,,,,,,,,,,,,,,,,,,,,,,,,,,,,
2026-06-18,me,CHI Cubs,team,Moneyline,109.0,,,,,14 Pick Parlay (+756693) #1,756693.0,,,,,,,,,,,,,,,,,,,,,,,,,,,,,,,,,,,,
2026-06-18,me,TB Rays,team,Moneyline,-122.0,,,,,14 Pick Parlay (+756693) #1,756693.0,,,,,,,,,,,,,,,,,,,,,,,,,,,,,,,,,,,,
2026-06-18,me,Boston Red Sox,team,Moneyline,-114.0,,,0,-1.0,14 Pick Parlay (+756693) #1,756693.0,,,,,,,,,,,,,,,,,,,,,,,,,,,,,,,,,,,,
2026-06-18,me,MIA Marlins,team,Moneyline,135.0,,,,,15 Pick Parlay (+4944213) #1,4944213.0,,,,,,,,,,,,,,,,,,,,,,,,,,,,,,,,,,,,
2026-06-18,me,SD Padres,team,Moneyline,114.0,,,,,15 Pick Parlay (+4944213) #1,4944213.0,,,,,,,,,,,,,,,,,,,,,,,,,,,,,,,,,,,,
2026-06-18,me,Seattle Mariners,team,Moneyline,-136.0,,,1,0.735,15 Pick Parlay (+4944213) #1,4944213.0,,,,,,,,,,,,,,,,,,,,,,,,,,,,,,,,,,,,
2026-06-18,me,New York Yankees,team,Moneyline,-130.0,,,0,-1.0,15 Pick Parlay (+4944213) #1,4944213.0,,,,,,,,,,,,,,,,,,,,,,,,,,,,,,,,,,,,
2026-06-18,me,Atlanta Braves,team,Moneyline,108.0,,,,,15 Pick Parlay (+4944213) #1,4944213.0,,,,,,,,,,,,,,,,,,,,,,,,,,,,,,,,,,,,
2026-06-18,me,Cleveland Guardians,team,Moneyline,-110.0,,,1,0.909,15 Pick Parlay (+4944213) #1,4944213.0,,,,,,,,,,,,,,,,,,,,,,,,,,,,,,,,,,,,
2026-06-18,me,CIN Reds,team,Moneyline,-109.0,,,,,15 Pick Parlay (+4944213) #1,4944213.0,,,,,,,,,,,,,,,,,,,,,,,,,,,,,,,,,,,,
2026-06-18,me,Chicago White Sox,team,Moneyline,168.0,,,1,1.68,15 Pick Parlay (+4944213) #1,4944213.0,,,,,,,,,,,,,,,,,,,,,,,,,,,,,,,,,,,,
2026-06-18,me,Philadelphia Phillies,team,Moneyline,-131.0,,,0,-1.0,15 Pick Parlay (+4944213) #1,4944213.0,,,,,,,,,,,,,,,,,,,,,,,,,,,,,,,,,,,,
2026-06-18,me,HOU Astros,team,Moneyline,100.0,,,,,15 Pick Parlay (+4944213) #1,4944213.0,,,,,,,,,,,,,,,,,,,,,,,,,,,,,,,,,,,,
2026-06-18,me,St. Louis Cardinals,team,Moneyline,-103.0,,,0,-1.0,15 Pick Parlay (+4944213) #1,4944213.0,,,,,,,,,,,,,,,,,,,,,,,,,,,,,,,,,,,,
2026-06-18,me,Athletics,team,Moneyline,-199.0,,,1,0.503,15 Pick Parlay (+4944213) #1,4944213.0,,,,,,,,,,,,,,,,,,,,,,,,,,,,,,,,,,,,
2026-06-18,me,CHI Cubs,team,Moneyline,113.0,,,,,15 Pick Parlay (+4944213) #1,4944213.0,,,,,,,,,,,,,,,,,,,,,,,,,,,,,,,,,,,,
2026-06-18,me,TB Rays,team,Moneyline,-120.0,,,,,15 Pick Parlay (+4944213) #1,4944213.0,,,,,,,,,,,,,,,,,,,,,,,,,,,,,,,,,,,,
2026-06-18,me,Boston Red Sox,team,Moneyline,-114.0,,,0,-1.0,15 Pick Parlay (+4944213) #1,4944213.0,,,,,,,,,,,,,,,,,,,,,,,,,,,,,,,,,,,,
2026-06-18,me,SD Padres,team,Moneyline,114.0,,,,,15 Pick Parlay (+1554678) #1,1554678.0,,,,,,,,,,,,,,,,,,,,,,,,,,,,,,,,,,,,
2026-06-18,me,Seattle Mariners,team,Moneyline,-136.0,,,1,0.735,15 Pick Parlay (+1554678) #1,1554678.0,,,,,,,,,,,,,,,,,,,,,,,,,,,,,,,,,,,,
2026-06-18,me,New York Yankees,team,Moneyline,-130.0,,,0,-1.0,15 Pick Parlay (+1554678) #1,1554678.0,,,,,,,,,,,,,,,,,,,,,,,,,,,,,,,,,,,,
2026-06-18,me,Atlanta Braves,team,Moneyline,108.0,,,,,15 Pick Parlay (+1554678) #1,1554678.0,,,,,,,,,,,,,,,,,,,,,,,,,,,,,,,,,,,,
2026-06-18,me,Cleveland Guardians,team,Moneyline,-110.0,,,1,0.909,15 Pick Parlay (+1554678) #1,1554678.0,,,,,,,,,,,,,,,,,,,,,,,,,,,,,,,,,,,,
2026-06-18,me,CIN Reds,team,Moneyline,-109.0,,,,,15 Pick Parlay (+1554678) #1,1554678.0,,,,,,,,,,,,,,,,,,,,,,,,,,,,,,,,,,,,
2026-06-18,me,Chicago White Sox,team,Moneyline,168.0,,,1,1.68,15 Pick Parlay (+1554678) #1,1554678.0,,,,,,,,,,,,,,,,,,,,,,,,,,,,,,,,,,,,
2026-06-18,me,Philadelphia Phillies,team,Moneyline,-131.0,,,0,-1.0,15 Pick Parlay (+1554678) #1,1554678.0,,,,,,,,,,,,,,,,,,,,,,,,,,,,,,,,,,,,
2026-06-18,me,HOU Astros,team,Moneyline,100.0,,,,,15 Pick Parlay (+1554678) #1,1554678.0,,,,,,,,,,,,,,,,,,,,,,,,,,,,,,,,,,,,
2026-06-18,me,Athletics,team,Moneyline,-199.0,,,1,0.503,15 Pick Parlay (+1554678) #1,1554678.0,,,,,,,,,,,,,,,,,,,,,,,,,,,,,,,,,,,,
2026-06-18,me,CHI Cubs,team,Moneyline,113.0,,,,,15 Pick Parlay (+1554678) #1,1554678.0,,,,,,,,,,,,,,,,,,,,,,,,,,,,,,,,,,,,
2026-06-18,me,TB Rays,team,Moneyline,-120.0,,,,,15 Pick Parlay (+1554678) #1,1554678.0,,,,,,,,,,,,,,,,,,,,,,,,,,,,,,,,,,,,
2026-06-18,me,Boston Red Sox,team,Moneyline,-114.0,,,0,-1.0,15 Pick Parlay (+1554678) #1,1554678.0,,,,,,,,,,,,,,,,,,,,,,,,,,,,,,,,,,,,
2026-06-18,me,PIT Pirates,team,Moneyline,-164.0,,,,,15 Pick Parlay (+1554678) #1,1554678.0,,,,,,,,,,,,,,,,,,,,,,,,,,,,,,,,,,,,
2026-06-18,me,Minnesota Twins,team,Moneyline,-117.0,,,1,0.855,15 Pick Parlay (+1554678) #1,1554678.0,,,,,,,,,,,,,,,,,,,,,,,,,,,,,,,,,,,,
2026-06-18,me,SD Padres,team,Moneyline,114.0,,,,,15 Pick Parlay (+2269641) #1,2269641.0,,,,,,,,,,,,,,,,,,,,,,,,,,,,,,,,,,,,
2026-06-18,me,Seattle Mariners,team,Moneyline,-136.0,,,1,0.735,15 Pick Parlay (+2269641) #1,2269641.0,,,,,,,,,,,,,,,,,,,,,,,,,,,,,,,,,,,,
2026-06-18,me,New York Yankees,team,Moneyline,-130.0,,,0,-1.0,15 Pick Parlay (+2269641) #1,2269641.0,,,,,,,,,,,,,,,,,,,,,,,,,,,,,,,,,,,,
2026-06-18,me,Atlanta Braves,team,Moneyline,108.0,,,,,15 Pick Parlay (+2269641) #1,2269641.0,,,,,,,,,,,,,,,,,,,,,,,,,,,,,,,,,,,,
2026-06-18,me,Cleveland Guardians,team,Moneyline,-110.0,,,1,0.909,15 Pick Parlay (+2269641) #1,2269641.0,,,,,,,,,,,,,,,,,,,,,,,,,,,,,,,,,,,,
2026-06-18,me,CIN Reds,team,Moneyline,-109.0,,,,,15 Pick Parlay (+2269641) #1,2269641.0,,,,,,,,,,,,,,,,,,,,,,,,,,,,,,,,,,,,
2026-06-18,me,Chicago White Sox,team,Moneyline,168.0,,,1,1.68,15 Pick Parlay (+2269641) #1,2269641.0,,,,,,,,,,,,,,,,,,,,,,,,,,,,,,,,,,,,
2026-06-18,me,Philadelphia Phillies,team,Moneyline,-131.0,,,0,-1.0,15 Pick Parlay (+2269641) #1,2269641.0,,,,,,,,,,,,,,,,,,,,,,,,,,,,,,,,,,,,
2026-06-18,me,HOU Astros,team,Moneyline,100.0,,,,,15 Pick Parlay (+2269641) #1,2269641.0,,,,,,,,,,,,,,,,,,,,,,,,,,,,,,,,,,,,
2026-06-18,me,Athletics,team,Moneyline,-199.0,,,1,0.503,15 Pick Parlay (+2269641) #1,2269641.0,,,,,,,,,,,,,,,,,,,,,,,,,,,,,,,,,,,,
2026-06-18,me,CHI Cubs,team,Moneyline,113.0,,,,,15 Pick Parlay (+2269641) #1,2269641.0,,,,,,,,,,,,,,,,,,,,,,,,,,,,,,,,,,,,
2026-06-18,me,TB Rays,team,Moneyline,-120.0,,,,,15 Pick Parlay (+2269641) #1,2269641.0,,,,,,,,,,,,,,,,,,,,,,,,,,,,,,,,,,,,
2026-06-18,me,Boston Red Sox,team,Moneyline,-114.0,,,0,-1.0,15 Pick Parlay (+2269641) #1,2269641.0,,,,,,,,,,,,,,,,,,,,,,,,,,,,,,,,,,,,
2026-06-18,me,Minnesota Twins,team,Moneyline,-117.0,,,1,0.855,15 Pick Parlay (+2269641) #1,2269641.0,,,,,,,,,,,,,,,,,,,,,,,,,,,,,,,,,,,,
2026-06-18,me,MIA Marlins,team,Moneyline,135.0,,,,,15 Pick Parlay (+2269641) #1,2269641.0,,,,,,,,,,,,,,,,,,,,,,,,,,,,,,,,,,,,
2026-06-18,me,New York Mets,team,Moneyline,,,,1,0.909,2 Pick SGP (+140) #1,140.0,,,,,,,,,,,,,,,,,,,,,,,,,,,,,,,,,,,,
2026-06-18,me,6+ Strikeouts Thrown,other,,,,,,,2 Pick SGP (+140) #1,140.0,,,,,,,,,,,,,,,,,,,,,,,,,,,,,,,,,,,,
2026-06-18,me,MIA Marlins,team,Moneyline,,,,,,2 Pick SGP (+208) #2,208.0,,,,,,,,,,,,,,,,,,,,,,,,,,,,,,,,,,,,
2026-06-18,me,5+ Strikeouts Thrown,other,,,,,,,2 Pick SGP (+208) #2,208.0,,,,,,,,,,,,,,,,,,,,,,,,,,,,,,,,,,,,
2026-06-18,me,3+ Strikeouts Thrown,other,,,,,,,2 Pick SGP (+184) #3,184.0,,,,,,,,,,,,,,,,,,,,,,,,,,,,,,,,,,,,
2026-06-18,me,Total,total,Over 10.5,,,,,,2 Pick SGP (+184) #3,184.0,,,,,,,,,,,,,,,,,,,,,,,,,,,,,,,,,,,,
2026-06-18,me,Boston Red Sox,team,Moneyline,,,,0,-1.0,2 Pick SGP (+246) #4,246.0,,,,,,,,,,,,,,,,,,,,,,,,,,,,,,,,,,,,
2026-06-18,me,4+ Strikeouts Thrown,other,,,,,,,2 Pick SGP (+246) #4,246.0,,,,,,,,,,,,,,,,,,,,,,,,,,,,,,,,,,,,
2026-06-18,me,7+ Strikeouts Thrown,other,,,,,,,2 Pick SGP (+188) #5,188.0,,,,,,,,,,,,,,,,,,,,,,,,,,,,,,,,,,,,
2026-06-18,me,3+ Strikeouts Thrown,other,,,,,,,2 Pick SGP (-104) #6,-104.0,,,,,,,,,,,,,,,,,,,,,,,,,,,,,,,,,,,,
2026-06-18,me,6+ Strikeouts Thrown,other,,,,,,,2 Pick SGP (+160) #7,160.0,,,,,,,,,,,,,,,,,,,,,,,,,,,,,,,,,,,,
2026-06-18,me,Cleveland Guardians,team,Moneyline,,,,1,0.909,2 Pick SGP (+160) #7,160.0,,,,,,,,,,,,,,,,,,,,,,,,,,,,,,,,,,,,
2026-06-18,me,5+ Strikeouts Thrown,other,,,,,,,2 Pick SGP (+136) #8,136.0,,,,,,,,,,,,,,,,,,,,,,,,,,,,,,,,,,,,
2026-06-18,me,5+ Strikeouts Thrown,other,,,,,,,2 Pick SGP (-104) #9,-104.0,,,,,,,,,,,,,,,,,,,,,,,,,,,,,,,,,,,,
2026-06-18,me,Jake Bennett 4+ Strikeouts Thrown,other,,130.0,,,1,1.3,20 Pick Parlay (+1147994) #1,1147994.0,,,,,,,,,,,,,,,,,,,,,,,,,,,,,,,,,,,,
2026-06-18,me,Nolan McLean 6+ Strikeouts Thrown,other,,,,,1,,2 Pick SGP (+138) #2,138.0,,,,,,,,,,,,,,,,,,,,,,,,,,,,,,,,,,,,
2026-06-18,me,Sandy Alcantara 5+ Strikeouts Thrown,other,,,,,1,,2 Pick SGP (+200) #3,200.0,,,,,,,,,,,,,,,,,,,,,,,,,,,,,,,,,,,,
2026-06-18,me,Zack Littell 3+ Strikeouts Thrown,other,,,,,0,,3 Pick SGP (+345) #4,345.0,,,,,,,,,,,,,,,,,,,,,,,,,,,,,,,,,,,,
2026-06-18,me,Carlos Rodon 7+ Strikeouts Thrown,other,,,,,1,,2 Pick SGP (+188) #5,188.0,,,,,,,,,,,,,,,,,,,,,,,,,,,,,,,,,,,,
2026-06-18,me,JR Ritchie 3+ Strikeouts Thrown,other,,,,,1,,2 Pick SGP (-104) #6,-104.0,,,,,,,,,,,,,,,,,,,,,,,,,,,,,,,,,,,,
2026-06-18,me,Gavin Williams 6+ Strikeouts Thrown,other,,,,,0,,2 Pick SGP (+164) #7,164.0,,,,,,,,,,,,,,,,,,,,,,,,,,,,,,,,,,,,
2026-06-18,me,Braxton Ashcraft 5+ Strikeouts Thrown,other,,,,,1,,2 Pick SGP (+130) #8,130.0,,,,,,,,,,,,,,,,,,,,,,,,,,,,,,,,,,,,
2026-06-18,me,George Kirby 5+ Strikeouts Thrown,other,,,,,1,,2 Pick SGP (-104) #9,-104.0,,,,,,,,,,,,,,,,,,,,,,,,,,,,,,,,,,,,
2026-06-18,me,LA Dodgers,team,Moneyline,-157.0,,,1,0.637,16 Pick Parlay (+452960) #1,452960.0,,,,,,,,,,,,,,,,,,,,,,,,,,,,,,,,,,,,
2026-06-18,me,SD Padres,team,Moneyline,105.0,,,1,1.05,16 Pick Parlay (+452960) #1,452960.0,,,,,,,,,,,,,,,,,,,,,,,,,,,,,,,,,,,,
2026-06-18,me,Boston Red Sox,team,Moneyline,-131.0,,,0,-1.0,16 Pick Parlay (+452960) #1,452960.0,,,,,,,,,,,,,,,,,,,,,,,,,,,,,,,,,,,,
2026-06-18,me,New York Yankees,team,Run Line -1.5,113.0,,,1,1.13,16 Pick Parlay (+452960) #1,452960.0,,,,,,,,,,,,,,,,,,,,,,,,,,,,,,,,,,,,
2026-06-18,me,CHI Cubs,team,Moneyline,-194.0,,,1,0.515,16 Pick Parlay (+452960) #1,452960.0,,,,,,,,,,,,,,,,,,,,,,,,,,,,,,,,,,,,
2026-06-18,me,Los Angeles Angels,team,Moneyline,141.0,,,0,-1.0,16 Pick Parlay (+452960) #1,452960.0,,,,,,,,,,,,,,,,,,,,,,,,,,,,,,,,,,,,
2026-06-18,me,Sandy Alcantara 5+ Strikeouts Thrown,other,,,,,1,,2 Pick SGP (+212) #2,212.0,,,,,,,,,,,,,,,,,,,,,,,,,,,,,,,,,,,,
2026-06-18,me,Zack Littell 3+ Strikeouts Thrown,other,,,,,0,,2 Pick SGP (+174) #3,174.0,,,,,,,,,,,,,,,,,,,,,,,,,,,,,,,,,,,,
2026-06-18,me,JR Ritchie 4+ Strikeouts Thrown,other,,,,,1,,2 Pick SGP (+152) #4,152.0,,,,,,,,,,,,,,,,,,,,,,,,,,,,,,,,,,,,
2026-06-18,me,Braxton Ashcraft 5+ Strikeouts Thrown,other,,,,,1,,2 Pick SGP (+134) #5,134.0,,,,,,,,,,,,,,,,,,,,,,,,,,,,,,,,,,,,
2026-06-18,me,George Kirby 5+ Strikeouts Thrown,other,,,,,1,,2 Pick SGP (-105) #6,-105.0,,,,,,,,,,,,,,,,,,,,,,,,,,,,,,,,,,,,
2026-06-18,me,Seattle Mariners,team,Moneyline,,,,0,,2 Pick SGP (-105) #6,-105.0,,,,,,,,,,,,,,,,,,,,,,,,,,,,,,,,,,,,
2026-06-18,me,Gavin Williams 6+ Strikeouts Thrown,other,,-234.0,,,,,20 Pick Parlay (+931368) #1,931368.0,,,,,,,,,,,,,,,,,,,,,,,,,,,,,,,,,,,,
2026-06-18,me,Nolan McLean 6+ Strikeouts Thrown,other,,,,,,,2 Pick SGP (+140) #2,140.0,,,,,,,,,,,,,,,,,,,,,,,,,,,,,,,,,,,,
2026-06-18,me,Sandy Alcantara 5+ Strikeouts Thrown,other,,,,,,,2 Pick SGP (+186) #3,186.0,,,,,,,,,,,,,,,,,,,,,,,,,,,,,,,,,,,,
2026-06-18,me,Zack Littell 3+ Strikeouts Thrown,other,,,,,,,3 Pick SGP (+350) #4,350.0,,,,,,,,,,,,,,,,,,,,,,,,,,,,,,,,,,,,
2026-06-18,me,Jake Bennett 4+ Strikeouts Thrown,other,,,,,,,2 Pick SGP (+246) #5,246.0,,,,,,,,,,,,,,,,,,,,,,,,,,,,,,,,,,,,
2026-06-18,me,Carlos Rodon 7+ Strikeouts Thrown,other,,,,,,,2 Pick SGP (+188) #6,188.0,,,,,,,,,,,,,,,,,,,,,,,,,,,,,,,,,,,,
2026-06-18,me,JR Ritchie 3+ Strikeouts Thrown,other,,,,,,,2 Pick SGP (-105) #7,-105.0,,,,,,,,,,,,,,,,,,,,,,,,,,,,,,,,,,,,
2026-06-18,me,Braxton Ashcraft 5+ Strikeouts Thrown,other,,,,,,,2 Pick SGP (+136) #8,136.0,,,,,,,,,,,,,,,,,,,,,,,,,,,,,,,,,,,,
2026-06-18,me,George Kirby 5+ Strikeouts Thrown,other,,,,,,,2 Pick SGP (-105) #9,-105.0,,,,,,,,,,,,,,,,,,,,,,,,,,,,,,,,,,,,
2026-06-18,me,St. Louis Cardinals,team,Moneyline,-120.0,,,0,-1.0,17 Pick Parlay (+2790712) #1,2790712.0,,,,,,,,,,,,,,,,,,,,,,,,,,,,,,,,,,,,
2026-06-18,me,Philadelphia Phillies,team,Moneyline,-180.0,,,0,-1.0,17 Pick Parlay (+2790712) #1,2790712.0,,,,,,,,,,,,,,,,,,,,,,,,,,,,,,,,,,,,
2026-06-18,me,WAS Nationals,team,Moneyline,-143.0,,,,,17 Pick Parlay (+2790712) #1,2790712.0,,,,,,,,,,,,,,,,,,,,,,,,,,,,,,,,,,,,
2026-06-18,me,Atlanta Braves,team,Run Line -1.5,119.0,,,,,17 Pick Parlay (+2790712) #1,2790712.0,,,,,,,,,,,,,,,,,,,,,,,,,,,,,,,,,,,,
2026-06-18,me,Total,total,Over 9.5,-111.0,,,,,17 Pick Parlay (+2790712) #1,2790712.0,,,,,,,,,,,,,,,,,,,,,,,,,,,,,,,,,,,,
2026-06-18,me,Total,total,Over 10,-104.0,,,,,17 Pick Parlay (+2790712) #1,2790712.0,,,,,,,,,,,,,,,,,,,,,,,,,,,,,,,,,,,,
2026-06-18,me,HOU Astros,team,Moneyline,-171.0,,,,,17 Pick Parlay (+2790712) #1,2790712.0,,,,,,,,,,,,,,,,,,,,,,,,,,,,,,,,,,,,
2026-06-18,me,Texas Rangers,team,Moneyline,-132.0,,,0,-1.0,17 Pick Parlay (+2790712) #1,2790712.0,,,,,,,,,,,,,,,,,,,,,,,,,,,,,,,,,,,,
2026-06-18,me,TB Rays,team,Moneyline,130.0,,,,,17 Pick Parlay (+2790712) #1,2790712.0,,,,,,,,,,,,,,,,,,,,,,,,,,,,,,,,,,,,
2026-06-18,me,Cleveland Guardians,team,Moneyline,129.0,,,1,1.29,17 Pick Parlay (+2790712) #1,2790712.0,,,,,,,,,,,,,,,,,,,,,,,,,,,,,,,,,,,,
2026-06-18,me,Total,total,Under 8,-114.0,,,,,17 Pick Parlay (+2790712) #1,2790712.0,,,,,,,,,,,,,,,,,,,,,,,,,,,,,,,,,,,,
2026-06-18,me,Los Angeles Angels,team,Moneyline,,,,0,-1.0,2 Pick SGP (+262) #2,262.0,,,,,,,,,,,,,,,,,,,,,,,,,,,,,,,,,,,,
2026-06-18,me,Reid Detmers 6+ Strikeouts Thrown,other,,,,,,,2 Pick SGP (+262) #2,262.0,,,,,,,,,,,,,,,,,,,,,,,,,,,,,,,,,,,,
2026-06-18,me,Mitch Keller 4+ Strikeouts Thrown,other,,,,,,,2 Pick SGP (+170) #3,170.0,,,,,,,,,,,,,,,,,,,,,,,,,,,,,,,,,,,,
2026-06-18,me,Total,total,Over 10.5,,,,,,2 Pick SGP (+170) #3,170.0,,,,,,,,,,,,,,,,,,,,,,,,,,,,,,,,,,,,
2026-06-18,me,Baltimore Orioles,team,Moneyline,,,,0,-1.0,2 Pick SGP (+162) #4,162.0,,,,,,,,,,,,,,,,,,,,,,,,,,,,,,,,,,,,
2026-06-18,me,Logan Gilbert 5+ Strikeouts Thrown,other,,,,,,,2 Pick SGP (+162) #4,162.0,,,,,,,,,,,,,,,,,,,,,,,,,,,,,,,,,,,,
2026-06-18,me,Philadelphia Phillies Run Line -1.5,other,,101.0,,,1,1.01,19 Pick Parlay (+585011) #1,585011.0,,,,,,,,,,,,,,,,,,,,,,,,,,,,,,,,,,,,
2026-06-18,me,Andrew Alvarez 3+ Strikeouts Thrown,other,,,,,1,,2 Pick SGP (-104) #2,-104.0,,,,,,,,,,,,,,,,,,,,,,,,,,,,,,,,,,,,
2026-06-18,me,Chase Burns 7+ Strikeouts Thrown,other,,,,,1,,2 Pick SGP (+150) #3,150.0,,,,,,,,,,,,,,,,,,,,,,,,,,,,,,,,,,,,
2026-06-18,me,Dustin May 5+ Strikeouts Thrown,other,,,,,1,,2 Pick SGP (+136) #4,136.0,,,,,,,,,,,,,,,,,,,,,,,,,,,,,,,,,,,,
2026-06-18,me,CHI Cubs Run Line -1.5,other,,,,,0,,2 Pick SGP (+172) #5,172.0,,,,,,,,,,,,,,,,,,,,,,,,,,,,,,,,,,,,
2026-06-18,me,Shota Imanaga 6+ Strikeouts Thrown,other,,,,,0,,2 Pick SGP (+172) #5,172.0,,,,,,,,,,,,,,,,,,,,,,,,,,,,,,,,,,,,
2026-06-18,me,MacKenzie Gore 5+ Strikeouts Thrown,other,,,,,1,,2 Pick SGP (-109) #6,-109.0,,,,,,,,,,,,,,,,,,,,,,,,,,,,,,,,,,,,
2026-06-18,me,Kai-Wei Teng 4+ Strikeouts Thrown,other,,,,,1,,3 Pick SGP (+144) #7,144.0,,,,,,,,,,,,,,,,,,,,,,,,,,,,,,,,,,,,
2026-06-18,me,Troy Melton 2+ Strikeouts Thrown,other,,,,,0,,3 Pick SGP (+144) #7,144.0,,,,,,,,,,,,,,,,,,,,,,,,,,,,,,,,,,,,
2026-06-18,me,Nick Martinez 3+ Strikeouts Thrown,other,,,,,0,,2 Pick SGP (+216) #9,216.0,,,,,,,,,,,,,,,,,,,,,,,,,,,,,,,,,,,,
2026-06-18,me,Total Over 9,other,,,,,1,,3 Pick SGP (+144) #7,144.0,,,,,,,,,,,,,,,,,,,,,,,,,,,,,,,,,,,,
2026-06-18,me,Total Under 10.5,other,,,,,0,,2 Pick SGP (+202) #8,202.0,,,,,,,,,,,,,,,,,,,,,,,,,,,,,,,,,,,,
2026-06-18,me,Noah Cameron,prop,3+ Strikeouts Thrown,-575.0,,,,,16 Pick Parlay (+52371) #1,52371.0,,,,,,,,,,,,,,,,,,,,,,,,,,,,,,,,,,,,
2026-06-18,me,Milwaukee Brewers,team,Moneyline,,,,0,-1.0,2 Pick SGP (+126) #2,126.0,,,,,,,,,,,,,,,,,,,,,,,,,,,,,,,,,,,,
2026-06-18,me,Shane Drohan,prop,5+ Strikeouts Thrown,,,,,,2 Pick SGP (+126) #2,126.0,,,,,,,,,,,,,,,,,,,,,,,,,,,,,,,,,,,,
2026-06-18,me,Minnesota Twins,team,Moneyline,,,,1,0.909,2 Pick SGP (+124) #3,124.0,,,,,,,,,,,,,,,,,,,,,,,,,,,,,,,,,,,,
2026-06-18,me,Joe Ryan,prop,6+ Strikeouts Thrown,,,,,,2 Pick SGP (+124) #3,124.0,,,,,,,,,,,,,,,,,,,,,,,,,,,,,,,,,,,,
2026-06-18,me,Seattle Mariners,team,Moneyline,,,,1,0.909,2 Pick SGP (-115) #4,-115.0,,,,,,,,,,,,,,,,,,,,,,,,,,,,,,,,,,,,
2026-06-18,me,Bryan Woo,prop,5+ Strikeouts Thrown,,,,,,2 Pick SGP (-115) #4,-115.0,,,,,,,,,,,,,,,,,,,,,,,,,,,,,,,,,,,,
2026-06-18,me,New York Mets,team,Moneyline,,,,1,0.909,3 Pick SGP (+395) #5,395.0,,,,,,,,,,,,,,,,,,,,,,,,,,,,,,,,,,,,
2026-06-18,me,Total,total,Over 9.5,,,,,,3 Pick SGP (+395) #5,395.0,,,,,,,,,,,,,,,,,,,,,,,,,,,,,,,,,,,,
2026-06-18,me,Aaron Nola,prop,4+ Strikeouts Thrown,,,,,,3 Pick SGP (+395) #5,395.0,,,,,,,,,,,,,,,,,,,,,,,,,,,,,,,,,,,,
2026-06-18,me,New York Yankees,team,Moneyline,,,,0,-1.0,2 Pick SGP (-130) #6,-130.0,,,,,,,,,,,,,,,,,,,,,,,,,,,,,,,,,,,,
2026-06-18,me,Ryan Weathers,prop,4+ Strikeouts Thrown,,,,,,2 Pick SGP (-130) #6,-130.0,,,,,,,,,,,,,,,,,,,,,,,,,,,,,,,,,,,,
2026-06-18,me,Atlanta Braves,team,Moneyline,,,,,,2 Pick SGP (+122) #7,122.0,,,,,,,,,,,,,,,,,,,,,,,,,,,,,,,,,,,,
2026-06-18,me,Martin Perez,prop,4+ Strikeouts Thrown,,,,,,2 Pick SGP (+122) #7,122.0,,,,,,,,,,,,,,,,,,,,,,,,,,,,,,,,,,,,
2026-06-18,me,Gage Jump,prop,4+ Strikeouts Thrown,,,,,,2 Pick SGP (-115) #8,-115.0,,,,,,,,,,,,,,,,,,,,,,,,,,,,,,,,,,,,
2026-06-18,me,Athletics,team,Moneyline,,,,1,0.909,2 Pick SGP (-115) #8,-115.0,,,,,,,,,,,,,,,,,,,,,,,,,,,,,,,,,,,,
2026-06-18,me,Boston Red Sox,team,Moneyline,-136.0,,,0,-1.0,18 Pick Parlay (+119294) #1,119294.0,,,,,,,,,,,,,,,,,,,,,,,,,,,,,,,,,,,,
2026-06-18,me,Noah Cameron,prop,3+ Strikeouts Thrown,,,,,,2 Pick SGP (+100) #8,100.0,,,,,,,,,,,,,,,,,,,,,,,,,,,,,,,,,,,,
2026-06-18,me,Kansas City Royals,team,Moneyline,,,,1,0.909,2 Pick SGP (+100) #8,100.0,,,,,,,,,,,,,,,,,,,,,,,,,,,,,,,,,,,,
2026-06-18,me,Gage Jump,prop,4+ Strikeouts Thrown,,,,,,2 Pick SGP (-115) #9,-115.0,,,,,,,,,,,,,,,,,,,,,,,,,,,,,,,,,,,,
2026-06-18,me,Athletics,team,Moneyline,,,,1,0.909,2 Pick SGP (-115) #9,-115.0,,,,,,,,,,,,,,,,,,,,,,,,,,,,,,,,,,,,
2026-06-18,me,Noah Cameron 3+ Strikeouts Thrown,other,,-610.0,,,1,0.164,10 Pick Parlay (+2922) #1,2922.0,,,,,,,,,,,,,,,,,,,,,,,,,,,,,,,,,,,,
2026-06-18,me,Seattle Mariners,team,Moneyline,,,,1,,2 Pick SGP (-109) #2,-109.0,,,,,,,,,,,,,,,,,,,,,,,,,,,,,,,,,,,,
2026-06-18,me,Bryan Woo 5+ Strikeouts Thrown,other,,,,,1,,2 Pick SGP (-109) #2,-109.0,,,,,,,,,,,,,,,,,,,,,,,,,,,,,,,,,,,,
2026-06-18,me,New York Mets,team,Moneyline,,,,1,,3 Pick SGP (+375) #3,375.0,,,,,,,,,,,,,,,,,,,,,,,,,,,,,,,,,,,,
2026-06-18,me,Total,total,Over 9.5,,,,1,,3 Pick SGP (+375) #3,375.0,,,,,,,,,,,,,,,,,,,,,,,,,,,,,,,,,,,,
2026-06-18,me,Aaron Nola 4+ Strikeouts Thrown,other,,,,,1,,3 Pick SGP (+375) #3,375.0,,,,,,,,,,,,,,,,,,,,,,,,,,,,,,,,,,,,
2026-06-18,me,New York Yankees,team,Moneyline,,,,0,,2 Pick SGP (-154) #4,-154.0,,,,,,,,,,,,,,,,,,,,,,,,,,,,,,,,,,,,
2026-06-18,me,Ryan Weathers 4+ Strikeouts Thrown,other,,,,,1,,2 Pick SGP (-154) #4,-154.0,,,,,,,,,,,,,,,,,,,,,,,,,,,,,,,,,,,,
2026-06-18,me,Gage Jump 4+ Strikeouts Thrown,other,,,,,1,,2 Pick SGP (-134) #5,-134.0,,,,,,,,,,,,,,,,,,,,,,,,,,,,,,,,,,,,
2026-06-18,me,Athletics,team,Moneyline,,,,1,0.909,2 Pick SGP (-134) #5,-134.0,,,,,,,,,,,,,,,,,,,,,,,,,,,,,,,,,,,,
2026-06-18,me,Gage Jump 4+ Strikeouts Thrown,other,,,,,,,2 Pick SGP (-135) #5,-135.0,,,,,,,,,,,,,,,,,,,,,,,,,,,,,,,,,,,,
2026-06-18,me,Athletics,team,Moneyline,,,,1,0.909,2 Pick SGP (-135) #5,-135.0,,,,,,,,,,,,,,,,,,,,,,,,,,,,,,,,,,,,
2026-06-18,me,NY Yankees Run Line -1.5,other,,113.0,,,1,1.13,16 Pick Parlay (+452960) #1,452960.0,,,,,,,,,,,,,,,,,,,,,,,,,,,,,,,,,,,,
2026-06-18,me,Total Over 9.5,other,,,,,1,,3 Pick SGP (+375) #3,375.0,,,,,,,,,,,,,,,,,,,,,,,,,,,,,,,,,,,,
2026-06-18,me,PHI Phillies Run Line -1.5,other,,101.0,,,1,1.01,19 Pick Parlay (+585011) #1,585011.0,,,,,,,,,,,,,,,,,,,,,,,,,,,,,,,,,,,,
2026-06-18,me,Philadelphia Phillies Run Line -1.5,other,,101.0,,,1,1.01,19 Pick Parlay (+841567) #1,841567.0,,,,,,,,,,,,,,,,,,,,,,,,,,,,,,,,,,,,
2026-06-18,me,Andrew Alvarez 3+ Strikeouts Thrown,other,,,,,,,2 Pick SGP (-105) #2,-105.0,,,,,,,,,,,,,,,,,,,,,,,,,,,,,,,,,,,,
2026-06-18,me,MacKenzie Gore 5+ Strikeouts Thrown,other,,,,,,,2 Pick SGP (-110) #6,-110.0,,,,,,,,,,,,,,,,,,,,,,,,,,,,,,,,,,,,
2026-06-18,me,Total Over 9,other,,,,,,,3 Pick SGP (+170) #7,170.0,,,,,,,,,,,,,,,,,,,,,,,,,,,,,,,,,,,,
2026-06-18,me,Kai-Wei Teng 4+ Strikeouts Thrown,other,,,,,,,3 Pick SGP (+170) #7,170.0,,,,,,,,,,,,,,,,,,,,,,,,,,,,,,,,,,,,
2026-06-18,me,Troy Melton 2+ Strikeouts Thrown,other,,,,,,,3 Pick SGP (+170) #7,170.0,,,,,,,,,,,,,,,,,,,,,,,,,,,,,,,,,,,,
2026-06-18,me,Cincinnati Reds,team,Moneyline,-109.0,,,,,15 Pick Parlay (+1554678) #1,1554678.0,,,,,,,,,,,,,,,,,,,,,,,,,,,,,,,,,,,,
2026-06-18,me,Houston Astros,team,Moneyline,100.0,,,,,15 Pick Parlay (+1554678) #1,1554678.0,,,,,,,,,,,,,,,,,,,,,,,,,,,,,,,,,,,,
2026-06-18,me,Chicago Cubs,team,Moneyline,113.0,,,,,15 Pick Parlay (+1554678) #1,1554678.0,,,,,,,,,,,,,,,,,,,,,,,,,,,,,,,,,,,,
2026-06-18,me,Tampa Bay Rays,team,Moneyline,-120.0,,,,,15 Pick Parlay (+1554678) #1,1554678.0,,,,,,,,,,,,,,,,,,,,,,,,,,,,,,,,,,,,
2026-06-18,me,Pittsburgh Pirates,team,Moneyline,-164.0,,,,,15 Pick Parlay (+1554678) #1,1554678.0,,,,,,,,,,,,,,,,,,,,,,,,,,,,,,,,,,,,
2026-06-18,me,MIA Marlins Live,team,Moneyline,-168.0,,,,,15 Pick Parlay (+897472) #1,897472.0,,,,,,,,,,,,,,,,,,,,,,,,,,,,,,,,,,,,
2026-06-18,me,SD Padres,team,Moneyline,114.0,,,,,15 Pick Parlay (+897472) #1,897472.0,,,,,,,,,,,,,,,,,,,,,,,,,,,,,,,,,,,,
2026-06-18,me,Seattle Mariners,team,Moneyline,-132.0,,,1,0.758,15 Pick Parlay (+897472) #1,897472.0,,,,,,,,,,,,,,,,,,,,,,,,,,,,,,,,,,,,
2026-06-18,me,New York Yankees,team,Moneyline,-131.0,,,0,-1.0,15 Pick Parlay (+897472) #1,897472.0,,,,,,,,,,,,,,,,,,,,,,,,,,,,,,,,,,,,
2026-06-18,me,Boston Red Sox,team,Moneyline,-114.0,,,0,-1.0,15 Pick Parlay (+897472) #1,897472.0,,,,,,,,,,,,,,,,,,,,,,,,,,,,,,,,,,,,
2026-06-18,me,Cleveland Guardians,team,Moneyline,-110.0,,,1,0.909,15 Pick Parlay (+897472) #1,897472.0,,,,,,,,,,,,,,,,,,,,,,,,,,,,,,,,,,,,
2026-06-18,me,Atlanta Braves,team,Moneyline,105.0,,,,,15 Pick Parlay (+897472) #1,897472.0,,,,,,,,,,,,,,,,,,,,,,,,,,,,,,,,,,,,
2026-06-18,me,HOU Astros,team,Moneyline,100.0,,,,,15 Pick Parlay (+897472) #1,897472.0,,,,,,,,,,,,,,,,,,,,,,,,,,,,,,,,,,,,
2026-06-18,me,LA Dodgers,team,Moneyline,-205.0,,,,,15 Pick Parlay (+897472) #1,897472.0,,,,,,,,,,,,,,,,,,,,,,,,,,,,,,,,,,,,
2026-06-18,me,St. Louis Cardinals,team,Moneyline,-103.0,,,0,-1.0,15 Pick Parlay (+897472) #1,897472.0,,,,,,,,,,,,,,,,,,,,,,,,,,,,,,,,,,,,
2026-06-18,me,Athletics,team,Moneyline,-199.0,,,1,0.503,15 Pick Parlay (+897472) #1,897472.0,,,,,,,,,,,,,,,,,,,,,,,,,,,,,,,,,,,,
2026-06-18,me,CHI Cubs,team,Moneyline,113.0,,,,,15 Pick Parlay (+897472) #1,897472.0,,,,,,,,,,,,,,,,,,,,,,,,,,,,,,,,,,,,
2026-06-18,me,TB Rays,team,Moneyline,-122.0,,,,,15 Pick Parlay (+897472) #1,897472.0,,,,,,,,,,,,,,,,,,,,,,,,,,,,,,,,,,,,
2026-06-18,me,Philadelphia Phillies,team,Moneyline,-131.0,,,0,-1.0,15 Pick Parlay (+897472) #1,897472.0,,,,,,,,,,,,,,,,,,,,,,,,,,,,,,,,,,,,
2026-06-18,me,CIN Reds,team,Moneyline,-109.0,,,,,15 Pick Parlay (+897472) #1,897472.0,,,,,,,,,,,,,,,,,,,,,,,,,,,,,,,,,,,,
2026-06-19,me,Detroit Tigers,team,Moneyline,-209.0,,,1,0.478,13 Pick Parlay (+138167) #1,138167.0,,,,,,,,,,,,,,,,,,,,,,,,,,,,,,,,,,,,
2026-06-19,me,New York Yankees,team,Moneyline,-281.0,,,1,0.356,13 Pick Parlay (+138167) #1,138167.0,,,,,,,,,,,,,,,,,,,,,,,,,,,,,,,,,,,,
2026-06-19,me,Washington Nationals,team,Moneyline,123.0,,,0,-1.0,13 Pick Parlay (+138167) #1,138167.0,,,,,,,,,,,,,,,,,,,,,,,,,,,,,,,,,,,,
2026-06-19,me,Milwaukee Brewers,team,Moneyline,-171.0,,,0,-1.0,13 Pick Parlay (+138167) #1,138167.0,,,,,,,,,,,,,,,,,,,,,,,,,,,,,,,,,,,,
2026-06-19,me,St. Louis Cardinals,team,Moneyline,-120.0,,,0,-1.0,13 Pick Parlay (+138167) #1,138167.0,,,,,,,,,,,,,,,,,,,,,,,,,,,,,,,,,,,,
2026-06-19,me,Cleveland Guardians,team,Moneyline,108.0,,,0,-1.0,13 Pick Parlay (+138167) #1,138167.0,,,,,,,,,,,,,,,,,,,,,,,,,,,,,,,,,,,,
2026-06-19,me,Texas Rangers,team,Moneyline,-163.0,,,1,0.613,13 Pick Parlay (+138167) #1,138167.0,,,,,,,,,,,,,,,,,,,,,,,,,,,,,,,,,,,,
2026-06-19,me,Pittsburgh Pirates,team,Moneyline,-143.0,,,0,-1.0,13 Pick Parlay (+138167) #1,138167.0,,,,,,,,,,,,,,,,,,,,,,,,,,,,,,,,,,,,
2026-06-19,me,Los Angeles Angels,team,Moneyline,135.0,,,0,-1.0,13 Pick Parlay (+138167) #1,138167.0,,,,,,,,,,,,,,,,,,,,,,,,,,,,,,,,,,,,
2026-06-19,me,Arizona Diamondbacks,team,Moneyline,-175.0,,,1,0.571,13 Pick Parlay (+138167) #1,138167.0,,,,,,,,,,,,,,,,,,,,,,,,,,,,,,,,,,,,
2026-06-19,me,Seattle Mariners,team,Moneyline,-112.0,,,0,-1.0,13 Pick Parlay (+138167) #1,138167.0,,,,,,,,,,,,,,,,,,,,,,,,,,,,,,,,,,,,
2026-06-19,me,Los Angeles Dodgers,team,Moneyline,-219.0,,,1,0.457,13 Pick Parlay (+138167) #1,138167.0,,,,,,,,,,,,,,,,,,,,,,,,,,,,,,,,,,,,
2026-06-19,me,Miami Marlins,team,Moneyline,-120.0,,,1,0.833,13 Pick Parlay (+138167) #1,138167.0,,,,,,,,,,,,,,,,,,,,,,,,,,,,,,,,,,,,
2026-06-19,me,Toronto Blue Jays,team,Moneyline,-101.0,,,0,-1.0,13 Pick Parlay (+178729) #1,178729.0,,,,,,,,,,,,,,,,,,,,,,,,,,,,,,,,,,,,
2026-06-19,me,Detroit Tigers,team,Moneyline,-204.0,,,1,0.49,13 Pick Parlay (+178729) #1,178729.0,,,,,,,,,,,,,,,,,,,,,,,,,,,,,,,,,,,,
2026-06-19,me,New York Yankees,team,Moneyline,-281.0,,,1,0.356,13 Pick Parlay (+178729) #1,178729.0,,,,,,,,,,,,,,,,,,,,,,,,,,,,,,,,,,,,
2026-06-19,me,Miami Marlins,team,Moneyline,-120.0,,,1,0.833,13 Pick Parlay (+178729) #1,178729.0,,,,,,,,,,,,,,,,,,,,,,,,,,,,,,,,,,,,
2026-06-19,me,Milwaukee Brewers,team,Moneyline,-168.0,,,0,-1.0,13 Pick Parlay (+178729) #1,178729.0,,,,,,,,,,,,,,,,,,,,,,,,,,,,,,,,,,,,
2026-06-19,me,San Diego Padres,team,Moneyline,135.0,,,0,-1.0,13 Pick Parlay (+178729) #1,178729.0,,,,,,,,,,,,,,,,,,,,,,,,,,,,,,,,,,,,
2026-06-19,me,Cleveland Guardians,team,Moneyline,104.0,,,0,-1.0,13 Pick Parlay (+178729) #1,178729.0,,,,,,,,,,,,,,,,,,,,,,,,,,,,,,,,,,,,
2026-06-19,me,St. Louis Cardinals,team,Moneyline,-120.0,,,0,-1.0,13 Pick Parlay (+178729) #1,178729.0,,,,,,,,,,,,,,,,,,,,,,,,,,,,,,,,,,,,
2026-06-19,me,Pittsburgh Pirates,team,Moneyline,-143.0,,,0,-1.0,13 Pick Parlay (+178729) #1,178729.0,,,,,,,,,,,,,,,,,,,,,,,,,,,,,,,,,,,,
2026-06-19,me,Los Angeles Angels,team,Moneyline,135.0,,,0,-1.0,13 Pick Parlay (+178729) #1,178729.0,,,,,,,,,,,,,,,,,,,,,,,,,,,,,,,,,,,,
2026-06-19,me,Arizona Diamondbacks,team,Moneyline,-175.0,,,1,0.571,13 Pick Parlay (+178729) #1,178729.0,,,,,,,,,,,,,,,,,,,,,,,,,,,,,,,,,,,,
2026-06-19,me,Seattle Mariners,team,Moneyline,-112.0,,,0,-1.0,13 Pick Parlay (+178729) #1,178729.0,,,,,,,,,,,,,,,,,,,,,,,,,,,,,,,,,,,,
2026-06-19,me,Los Angeles Dodgers,team,Moneyline,-219.0,,,1,0.457,13 Pick Parlay (+178729) #1,178729.0,,,,,,,,,,,,,,,,,,,,,,,,,,,,,,,,,,,,
2026-06-20,me,Chicago White Sox,team,Moneyline,108.0,,,0,-1.0,15 Pick Parlay (+825007) #1,825007.0,,,,,,,,,,,,,,,,,,,,,,,,,,,,,,,,,,,,
2026-06-20,me,New York Yankees,team,Moneyline,-201.0,,,0,-1.0,15 Pick Parlay (+825007) #1,825007.0,,,,,,,,,,,,,,,,,,,,,,,,,,,,,,,,,,,,
2026-06-20,me,Chicago Cubs,team,Moneyline,-136.0,,,0,-1.0,15 Pick Parlay (+825007) #1,825007.0,,,,,,,,,,,,,,,,,,,,,,,,,,,,,,,,,,,,
2026-06-20,me,Atlanta Braves,team,Moneyline,-132.0,,,1,0.758,15 Pick Parlay (+825007) #1,825007.0,,,,,,,,,,,,,,,,,,,,,,,,,,,,,,,,,,,,
2026-06-20,me,Miami Marlins,team,Moneyline,-143.0,,,1,0.699,15 Pick Parlay (+825007) #1,825007.0,,,,,,,,,,,,,,,,,,,,,,,,,,,,,,,,,,,,
2026-06-20,me,Washington Nationals,team,Moneyline,104.0,,,1,1.04,15 Pick Parlay (+825007) #1,825007.0,,,,,,,,,,,,,,,,,,,,,,,,,,,,,,,,,,,,
2026-06-20,me,Philadelphia Phillies,team,Moneyline,-194.0,,,1,0.515,15 Pick Parlay (+825007) #1,825007.0,,,,,,,,,,,,,,,,,,,,,,,,,,,,,,,,,,,,
2026-06-20,me,Houston Astros,team,Moneyline,-144.0,,,0,-1.0,15 Pick Parlay (+825007) #1,825007.0,,,,,,,,,,,,,,,,,,,,,,,,,,,,,,,,,,,,
2026-06-20,me,Athletics,team,Moneyline,-171.0,,,0,-1.0,15 Pick Parlay (+825007) #1,825007.0,,,,,,,,,,,,,,,,,,,,,,,,,,,,,,,,,,,,
2026-06-20,me,Los Angeles Dodgers,team,Moneyline,-248.0,,,0,-1.0,15 Pick Parlay (+825007) #1,825007.0,,,,,,,,,,,,,,,,,,,,,,,,,,,,,,,,,,,,
2026-06-20,me,Seattle Mariners,team,Moneyline,-126.0,,,0,-1.0,15 Pick Parlay (+825007) #1,825007.0,,,,,,,,,,,,,,,,,,,,,,,,,,,,,,,,,,,,
2026-06-20,me,Pittsburgh Pirates,team,Run Line -1.5,-136.0,,,0,-1.0,15 Pick Parlay (+825007) #1,825007.0,,,,,,,,,,,,,,,,,,,,,,,,,,,,,,,,,,,,
2026-06-20,me,Texas Rangers,team,Moneyline,-131.0,,,0,-1.0,15 Pick Parlay (+825007) #1,825007.0,,,,,,,,,,,,,,,,,,,,,,,,,,,,,,,,,,,,
2026-06-20,me,Minnesota Twins,team,Moneyline,,,,1,0.909,2 Pick SGP (+290) #2,290.0,,,,,,,,,,,,,,,,,,,,,,,,,,,,,,,,,,,,
2026-06-20,me,Total,total,Over 9,,,,,,2 Pick SGP (+290) #2,290.0,,,,,,,,,,,,,,,,,,,,,,,,,,,,,,,,,,,,
2026-06-20,me,Atlanta Braves,team,Moneyline,-142.0,,,1,0.704,11 Pick Parlay (+41385) #1,41385.0,,,,,,,,,,,,,,,,,,,,,,,,,,,,,,,,,,,,
2026-06-20,me,Miami Marlins,team,Moneyline,-144.0,,,1,0.694,11 Pick Parlay (+41385) #1,41385.0,,,,,,,,,,,,,,,,,,,,,,,,,,,,,,,,,,,,
2026-06-20,me,Washington Nationals,team,Moneyline,108.0,,,1,1.08,11 Pick Parlay (+41385) #1,41385.0,,,,,,,,,,,,,,,,,,,,,,,,,,,,,,,,,,,,
2026-06-20,me,Philadelphia Phillies,team,Moneyline,-198.0,,,1,0.505,11 Pick Parlay (+41385) #1,41385.0,,,,,,,,,,,,,,,,,,,,,,,,,,,,,,,,,,,,
2026-06-20,me,Houston Astros,team,Moneyline,-149.0,,,0,-1.0,11 Pick Parlay (+41385) #1,41385.0,,,,,,,,,,,,,,,,,,,,,,,,,,,,,,,,,,,,
2026-06-20,me,Athletics,team,Moneyline,-171.0,,,0,-1.0,11 Pick Parlay (+41385) #1,41385.0,,,,,,,,,,,,,,,,,,,,,,,,,,,,,,,,,,,,
2026-06-20,me,Los Angeles Dodgers,team,Moneyline,-238.0,,,0,-1.0,11 Pick Parlay (+41385) #1,41385.0,,,,,,,,,,,,,,,,,,,,,,,,,,,,,,,,,,,,
2026-06-20,me,Seattle Mariners,team,Moneyline,-126.0,,,0,-1.0,11 Pick Parlay (+41385) #1,41385.0,,,,,,,,,,,,,,,,,,,,,,,,,,,,,,,,,,,,
2026-06-20,me,Pittsburgh Pirates,team,Run Line -1.5,-136.0,,,0,-1.0,11 Pick Parlay (+41385) #1,41385.0,,,,,,,,,,,,,,,,,,,,,,,,,,,,,,,,,,,,
2026-06-20,me,Minnesota Twins,team,Moneyline,,,,1,0.909,2 Pick SGP (+292) #2,292.0,,,,,,,,,,,,,,,,,,,,,,,,,,,,,,,,,,,,
2026-06-20,me,Total,total,Over 9,,,,,,2 Pick SGP (+292) #2,292.0,,,,,,,,,,,,,,,,,,,,,,,,,,,,,,,,,,,,
2026-06-20,me,Atlanta Braves,team,Moneyline,-142.0,,,1,0.704,12 Pick Parlay (+108181) #1,108181.0,,,,,,,,,,,,,,,,,,,,,,,,,,,,,,,,,,,,
2026-06-20,me,Miami Marlins,team,Moneyline,-149.0,,,1,0.671,12 Pick Parlay (+108181) #1,108181.0,,,,,,,,,,,,,,,,,,,,,,,,,,,,,,,,,,,,
2026-06-20,me,Washington Nationals,team,Moneyline,108.0,,,1,1.08,12 Pick Parlay (+108181) #1,108181.0,,,,,,,,,,,,,,,,,,,,,,,,,,,,,,,,,,,,
2026-06-20,me,Philadelphia Phillies,team,Moneyline,-198.0,,,1,0.505,12 Pick Parlay (+108181) #1,108181.0,,,,,,,,,,,,,,,,,,,,,,,,,,,,,,,,,,,,
2026-06-20,me,Houston Astros,team,Moneyline,-149.0,,,0,-1.0,12 Pick Parlay (+108181) #1,108181.0,,,,,,,,,,,,,,,,,,,,,,,,,,,,,,,,,,,,
2026-06-20,me,Los Angeles Dodgers,team,Moneyline,-238.0,,,0,-1.0,12 Pick Parlay (+108181) #1,108181.0,,,,,,,,,,,,,,,,,,,,,,,,,,,,,,,,,,,,
2026-06-20,me,Seattle Mariners,team,Moneyline,-126.0,,,0,-1.0,12 Pick Parlay (+108181) #1,108181.0,,,,,,,,,,,,,,,,,,,,,,,,,,,,,,,,,,,,
2026-06-20,me,Los Angeles Angels,team,Moneyline,141.0,,,1,1.41,12 Pick Parlay (+108181) #1,108181.0,,,,,,,,,,,,,,,,,,,,,,,,,,,,,,,,,,,,
2026-06-20,me,Pittsburgh Pirates,team,Run Line -1.5,,,,0,-1.0,2 Pick SGP (+202) #2,202.0,,,,,,,,,,,,,,,,,,,,,,,,,,,,,,,,,,,,
2026-06-20,me,Total,total,Over 10.5,,,,,,2 Pick SGP (+202) #2,202.0,,,,,,,,,,,,,,,,,,,,,,,,,,,,,,,,,,,,
2026-06-20,me,Minnesota Twins,team,Moneyline,,,,1,0.909,2 Pick SGP (+292) #3,292.0,,,,,,,,,,,,,,,,,,,,,,,,,,,,,,,,,,,,
2026-06-20,me,Total,total,Over 9,,,,,,2 Pick SGP (+292) #3,292.0,,,,,,,,,,,,,,,,,,,,,,,,,,,,,,,,,,,,
2026-06-21,me,Cincinnati Reds,team,Moneyline,-102.0,,,1,0.98,14 Pick Parlay (+704092) #1,704092.0,,,,,,,,,,,,,,,,,,,,,,,,,,,,,,,,,,,,
2026-06-21,me,Atlanta Braves,team,Moneyline,-119.0,,,0,-1.0,14 Pick Parlay (+704092) #1,704092.0,,,,,,,,,,,,,,,,,,,,,,,,,,,,,,,,,,,,
2026-06-21,me,Tampa Bay Rays,team,Moneyline,-137.0,,,1,0.73,14 Pick Parlay (+704092) #1,704092.0,,,,,,,,,,,,,,,,,,,,,,,,,,,,,,,,,,,,
2026-06-21,me,Chicago White Sox,team,Moneyline,101.0,,,0,-1.0,14 Pick Parlay (+704092) #1,704092.0,,,,,,,,,,,,,,,,,,,,,,,,,,,,,,,,,,,,
2026-06-21,me,San Francisco Giants,team,Moneyline,-144.0,,,0,-1.0,14 Pick Parlay (+704092) #1,704092.0,,,,,,,,,,,,,,,,,,,,,,,,,,,,,,,,,,,,
2026-06-21,me,Kansas City Royals,team,Moneyline,104.0,,,0,-1.0,14 Pick Parlay (+704092) #1,704092.0,,,,,,,,,,,,,,,,,,,,,,,,,,,,,,,,,,,,
2026-06-21,me,Toronto Blue Jays,team,Moneyline,-112.0,,,,,14 Pick Parlay (+704092) #1,704092.0,,,,,,,,,,,,,,,,,,,,,,,,,,,,,,,,,,,,
2026-06-21,me,San Diego Padres,team,Moneyline,130.0,,,0,-1.0,14 Pick Parlay (+704092) #1,704092.0,,,,,,,,,,,,,,,,,,,,,,,,,,,,,,,,,,,,
2026-06-21,me,Pittsburgh Pirates,team,Moneyline,-149.0,,,1,0.671,14 Pick Parlay (+704092) #1,704092.0,,,,,,,,,,,,,,,,,,,,,,,,,,,,,,,,,,,,
2026-06-21,me,Minnesota Twins,team,Moneyline,113.0,,,1,1.13,14 Pick Parlay (+704092) #1,704092.0,,,,,,,,,,,,,,,,,,,,,,,,,,,,,,,,,,,,
2026-06-21,me,Los Angeles Angels,team,Moneyline,113.0,,,1,1.13,14 Pick Parlay (+704092) #1,704092.0,,,,,,,,,,,,,,,,,,,,,,,,,,,,,,,,,,,,
2026-06-21,me,Baltimore Orioles,team,Moneyline,193.0,,,1,1.93,14 Pick Parlay (+704092) #1,704092.0,,,,,,,,,,,,,,,,,,,,,,,,,,,,,,,,,,,,
2026-06-21,me,Boston Red Sox,team,Moneyline,105.0,,,0,-1.0,14 Pick Parlay (+704092) #1,704092.0,,,,,,,,,,,,,,,,,,,,,,,,,,,,,,,,,,,,
2026-06-21,me,Philadelphia Phillies,team,Moneyline,-187.0,,,1,0.535,14 Pick Parlay (+704092) #1,704092.0,,,,,,,,,,,,,,,,,,,,,,,,,,,,,,,,,,,,
2026-06-22,me,Total,total,Under 11.5,-105.0,,,,,SGPx 16 Pick Parlay (+2937506) #1,2937506.0,,,,,,,,,,,,,,,,,,,,,,,,,,,,,,,,,,,,
2026-06-22,me,Total,total,Over 9.5,-104.0,,,,,SGPx 16 Pick Parlay (+2937506) #1,2937506.0,,,,,,,,,,,,,,,,,,,,,,,,,,,,,,,,,,,,
2026-06-22,me,Total,total,Under 10,-114.0,,,,,SGPx 16 Pick Parlay (+2937506) #1,2937506.0,,,,,,,,,,,,,,,,,,,,,,,,,,,,,,,,,,,,
2026-06-22,me,Total,total,Under 8.5,-114.0,,,,,SGPx 16 Pick Parlay (+2937506) #1,2937506.0,,,,,,,,,,,,,,,,,,,,,,,,,,,,,,,,,,,,
2026-06-22,me,Total,total,Over 8.5,-120.0,,,,,SGPx 16 Pick Parlay (+2937506) #1,2937506.0,,,,,,,,,,,,,,,,,,,,,,,,,,,,,,,,,,,,
2026-06-22,me,Total,total,Under 7.5,-120.0,,,,,SGPx 16 Pick Parlay (+2937506) #1,2937506.0,,,,,,,,,,,,,,,,,,,,,,,,,,,,,,,,,,,,
2026-06-22,me,Total,total,Over 7.5,-118.0,,,,,SGPx 16 Pick Parlay (+2937506) #1,2937506.0,,,,,,,,,,,,,,,,,,,,,,,,,,,,,,,,,,,,
2026-06-22,me,New York Yankees,team,Moneyline,,,,0,-1.0,2 Pick SGP (+260) #2,260.0,,,,,,,,,,,,,,,,,,,,,,,,,,,,,,,,,,,,
2026-06-22,me,Total,total,Under 8.5,,,,,,2 Pick SGP (+260) #2,260.0,,,,,,,,,,,,,,,,,,,,,,,,,,,,,,,,,,,,
2026-06-22,me,Total,total,Under 7.5,,,,,,2 Pick SGP (+128) #3,128.0,,,,,,,,,,,,,,,,,,,,,,,,,,,,,,,,,,,,
2026-06-22,me,Dylan Cease,prop,6+ Strikeouts Thrown,,,,,,2 Pick SGP (+128) #3,128.0,,,,,,,,,,,,,,,,,,,,,,,,,,,,,,,,,,,,
2026-06-22,me,Los Angeles Angels,team,Moneyline,,,,0,-1.0,2 Pick SGP (+360) #4,360.0,,,,,,,,,,,,,,,,,,,,,,,,,,,,,,,,,,,,
2026-06-22,me,Total,total,Over 9,,,,,,2 Pick SGP (+360) #4,360.0,,,,,,,,,,,,,,,,,,,,,,,,,,,,,,,,,,,,
2026-06-22,me,Total,total,Under 11.5,-105.0,,,,,15 Pick Parlay (+1193806) #1,1193806.0,,,,,,,,,,,,,,,,,,,,,,,,,,,,,,,,,,,,
2026-06-22,me,Total,total,Over 9.5,-104.0,,,,,15 Pick Parlay (+1193806) #1,1193806.0,,,,,,,,,,,,,,,,,,,,,,,,,,,,,,,,,,,,
2026-06-22,me,Total,total,Under 8.5,-114.0,,,,,15 Pick Parlay (+1193806) #1,1193806.0,,,,,,,,,,,,,,,,,,,,,,,,,,,,,,,,,,,,
2026-06-22,me,Total,total,Over 8.5,-120.0,,,,,15 Pick Parlay (+1193806) #1,1193806.0,,,,,,,,,,,,,,,,,,,,,,,,,,,,,,,,,,,,
2026-06-22,me,Total,total,Under 7.5,-118.0,,,,,15 Pick Parlay (+1193806) #1,1193806.0,,,,,,,,,,,,,,,,,,,,,,,,,,,,,,,,,,,,
2026-06-22,me,Total,total,Over 7.5,-118.0,,,,,15 Pick Parlay (+1193806) #1,1193806.0,,,,,,,,,,,,,,,,,,,,,,,,,,,,,,,,,,,,
2026-06-22,me,Total,total,Under 10,-114.0,,,,,15 Pick Parlay (+1193806) #1,1193806.0,,,,,,,,,,,,,,,,,,,,,,,,,,,,,,,,,,,,
2026-06-22,me,New York Yankees,team,Moneyline,,,,0,-1.0,2 Pick SGP (+246) #2,246.0,,,,,,,,,,,,,,,,,,,,,,,,,,,,,,,,,,,,
2026-06-22,me,Total,total,Under 8.5,,,,,,2 Pick SGP (+246) #2,246.0,,,,,,,,,,,,,,,,,,,,,,,,,,,,,,,,,,,,
2026-06-22,me,Total,total,Under 7,,,,,,2 Pick SGP (+150) #3,150.0,,,,,,,,,,,,,,,,,,,,,,,,,,,,,,,,,,,,
2026-06-22,me,Dylan Cease,prop,6+ Strikeouts Thrown,,,,,,2 Pick SGP (+150) #3,150.0,,,,,,,,,,,,,,,,,,,,,,,,,,,,,,,,,,,,
2026-06-22,me,Total,total,Under 9.5,-108.0,,,,,10 Pick Parlay (+87166) #1,87166.0,,,,,,,,,,,,,,,,,,,,,,,,,,,,,,,,,,,,
2026-06-22,me,Total,total,Under 12,-116.0,,,,,10 Pick Parlay (+87166) #1,87166.0,,,,,,,,,,,,,,,,,,,,,,,,,,,,,,,,,,,,
2026-06-22,me,Over 6.5 Live Total,other,,-124.0,,,,,10 Pick Parlay (+87166) #1,87166.0,,,,,,,,,,,,,,,,,,,,,,,,,,,,,,,,,,,,
2026-06-22,me,Over 5.5 Live Total,other,,-106.0,,,,,10 Pick Parlay (+87166) #1,87166.0,,,,,,,,,,,,,,,,,,,,,,,,,,,,,,,,,,,,
2026-06-22,me,Over 7.5 Live Total,other,,101.0,,,,,10 Pick Parlay (+87166) #1,87166.0,,,,,,,,,,,,,,,,,,,,,,,,,,,,,,,,,,,,
2026-06-22,me,Total,total,Over 7.5,100.0,,,,,10 Pick Parlay (+87166) #1,87166.0,,,,,,,,,,,,,,,,,,,,,,,,,,,,,,,,,,,,
2026-06-22,me,Over 10.5 Live Total,other,,-139.0,,,,,10 Pick Parlay (+87166) #1,87166.0,,,,,,,,,,,,,,,,,,,,,,,,,,,,,,,,,,,,
2026-06-22,me,Los Angeles Angels,team,Moneyline,,,,0,-1.0,2 Pick SGP (+360) #2,360.0,,,,,,,,,,,,,,,,,,,,,,,,,,,,,,,,,,,,
2026-06-22,me,Total,total,Over 9,,,,,,2 Pick SGP (+360) #2,360.0,,,,,,,,,,,,,,,,,,,,,,,,,,,,,,,,,,,,
2026-06-23,me,San Francisco Giants,team,Moneyline,-142.0,,,1,0.704,18 Pick Parlay (+258532) #1,258532.0,,,,,,,,,,,,,,,,,,,,,,,,,,,,,,,,,,,,
2026-06-23,me,Chicago Cubs,team,Moneyline,-114.0,,,1,0.877,18 Pick Parlay (+258532) #1,258532.0,,,,,,,,,,,,,,,,,,,,,,,,,,,,,,,,,,,,
2026-06-23,me,Cleveland Guardians,team,Moneyline,-118.0,,,0,-1.0,18 Pick Parlay (+258532) #1,258532.0,,,,,,,,,,,,,,,,,,,,,,,,,,,,,,,,,,,,
2026-06-23,me,Baltimore Orioles,team,Moneyline,-143.0,,,0,-1.0,18 Pick Parlay (+258532) #1,258532.0,,,,,,,,,,,,,,,,,,,,,,,,,,,,,,,,,,,,
2026-06-23,me,San Diego Padres,team,Moneyline,-105.0,,,1,0.952,18 Pick Parlay (+258532) #1,258532.0,,,,,,,,,,,,,,,,,,,,,,,,,,,,,,,,,,,,
2026-06-23,me,Pittsburgh Pirates,team,Moneyline,105.0,,,0,-1.0,18 Pick Parlay (+258532) #1,258532.0,,,,,,,,,,,,,,,,,,,,,,,,,,,,,,,,,,,,
2026-06-23,me,Toronto Blue Jays,team,Moneyline,108.0,,,0,-1.0,18 Pick Parlay (+258532) #1,258532.0,,,,,,,,,,,,,,,,,,,,,,,,,,,,,,,,,,,,
2026-06-23,me,Casey Mize,prop,4+ Strikeouts Thrown,,,,,,2 Pick SGP (-310) #2,-310.0,,,,,,,,,,,,,,,,,,,,,,,,,,,,,,,,,,,,
2026-06-23,me,Carlos Rodon,prop,4+ Strikeouts Thrown,,,,,,2 Pick SGP (-310) #2,-310.0,,,,,,,,,,,,,,,,,,,,,,,,,,,,,,,,,,,,
2026-06-23,me,Sandy Alcantara,prop,5+ Strikeouts Thrown,,,,,,2 Pick SGP (+126) #3,126.0,,,,,,,,,,,,,,,,,,,,,,,,,,,,,,,,,,,,
2026-06-23,me,Miami Marlins,team,Moneyline,,,,1,0.909,2 Pick SGP (+126) #3,126.0,,,,,,,,,,,,,,,,,,,,,,,,,,,,,,,,,,,,
2026-06-23,me,Tampa Bay Rays,team,Moneyline,,,,0,-1.0,3 Pick SGP (+142) #4,142.0,,,,,,,,,,,,,,,,,,,,,,,,,,,,,,,,,,,,
2026-06-23,me,Shane McClanahan,prop,5+ Strikeouts Thrown,,,,,,3 Pick SGP (+142) #4,142.0,,,,,,,,,,,,,,,,,,,,,,,,,,,,,,,,,,,,
2026-06-23,me,Luinder Avila,prop,2+ Strikeouts Thrown,,,,,,3 Pick SGP (+142) #4,142.0,,,,,,,,,,,,,,,,,,,,,,,,,,,,,,,,,,,,
2026-06-23,me,Jesus Luzardo,prop,6+ Strikeouts Thrown,,,,,,2 Pick SGP (+124) #5,124.0,,,,,,,,,,,,,,,,,,,,,,,,,,,,,,,,,,,,
2026-06-23,me,Philadelphia Phillies,team,Moneyline,,,,1,0.909,2 Pick SGP (+124) #5,124.0,,,,,,,,,,,,,,,,,,,,,,,,,,,,,,,,,,,,
2026-06-23,me,Boston Red Sox,team,Moneyline,,,,1,0.909,2 Pick SGP (-110) #6,-110.0,,,,,,,,,,,,,,,,,,,,,,,,,,,,,,,,,,,,
2026-06-23,me,Sonny Gray,prop,4+ Strikeouts Thrown,,,,,,2 Pick SGP (-110) #6,-110.0,,,,,,,,,,,,,,,,,,,,,,,,,,,,,,,,,,,,
2026-06-23,me,San Francisco Giants,team,Moneyline,-142.0,,,1,0.704,18 Pick Parlay (+212428) #1,212428.0,,,,,,,,,,,,,,,,,,,,,,,,,,,,,,,,,,,,
2026-06-23,me,Chicago Cubs,team,Moneyline,-114.0,,,1,0.877,18 Pick Parlay (+212428) #1,212428.0,,,,,,,,,,,,,,,,,,,,,,,,,,,,,,,,,,,,
2026-06-23,me,Cleveland Guardians,team,Moneyline,-118.0,,,0,-1.0,18 Pick Parlay (+212428) #1,212428.0,,,,,,,,,,,,,,,,,,,,,,,,,,,,,,,,,,,,
2026-06-23,me,Baltimore Orioles,team,Moneyline,-143.0,,,0,-1.0,18 Pick Parlay (+212428) #1,212428.0,,,,,,,,,,,,,,,,,,,,,,,,,,,,,,,,,,,,
2026-06-23,me,San Diego Padres,team,Moneyline,-105.0,,,1,0.952,18 Pick Parlay (+212428) #1,212428.0,,,,,,,,,,,,,,,,,,,,,,,,,,,,,,,,,,,,
2026-06-23,me,Pittsburgh Pirates,team,Moneyline,105.0,,,0,-1.0,18 Pick Parlay (+212428) #1,212428.0,,,,,,,,,,,,,,,,,,,,,,,,,,,,,,,,,,,,
2026-06-23,me,Houston Astros,team,Moneyline,-141.0,,,1,0.709,18 Pick Parlay (+212428) #1,212428.0,,,,,,,,,,,,,,,,,,,,,,,,,,,,,,,,,,,,
2026-06-24,me,Total,total,Under 8.5,,,,,,2 Pick SGP (+150) #1,150.0,,,,,,,,,,,,,,,,,,,,,,,,,,,,,,,,,,,,
2026-06-24,me,Tanner Bibee,prop,5+ Strikeouts Thrown,,,,,,2 Pick SGP (+150) #1,150.0,,,,,,,,,,,,,,,,,,,,,,,,,,,,,,,,,,,,
2026-06-24,me,Total,total,Over 11,,,,,,2 Pick SGP (+148) #2,148.0,,,,,,,,,,,,,,,,,,,,,,,,,,,,,,,,,,,,
2026-06-24,me,Ranger Suarez,prop,4+ Strikeouts Thrown,,,,,,2 Pick SGP (+148) #2,148.0,,,,,,,,,,,,,,,,,,,,,,,,,,,,,,,,,,,,
2026-06-24,me,Total,total,Over 9.5,,,,,,2 Pick SGP (+212) #3,212.0,,,,,,,,,,,,,,,,,,,,,,,,,,,,,,,,,,,,
2026-06-24,me,Jose Soriano,prop,6+ Strikeouts Thrown,,,,,,2 Pick SGP (+212) #3,212.0,,,,,,,,,,,,,,,,,,,,,,,,,,,,,,,,,,,,
2026-06-24,me,Total,total,Over 9.5,,,,,,2 Pick SGP (+194) #4,194.0,,,,,,,,,,,,,,,,,,,,,,,,,,,,,,,,,,,,
2026-06-24,me,Milwaukee Brewers,team,Moneyline,,,,1,0.909,2 Pick SGP (+194) #4,194.0,,,,,,,,,,,,,,,,,,,,,,,,,,,,,,,,,,,,
2026-06-24,me,Los Angeles Dodgers,team,Moneyline,,,,1,0.909,2 Pick SGP (+218) #5,218.0,,,,,,,,,,,,,,,,,,,,,,,,,,,,,,,,,,,,
2026-06-24,me,Total,total,Under 8,,,,,,2 Pick SGP (+218) #5,218.0,,,,,,,,,,,,,,,,,,,,,,,,,,,,,,,,,,,,
2026-06-24,me,Total,total,Over 11,-103.0,,,,,12 Pick Parlay (+157351) #1,157351.0,,,,,,,,,,,,,,,,,,,,,,,,,,,,,,,,,,,,
2026-06-24,me,Total,total,Over 9.5,-112.0,,,,,12 Pick Parlay (+157351) #1,157351.0,,,,,,,,,,,,,,,,,,,,,,,,,,,,,,,,,,,,
2026-06-24,me,Total,total,Over 9,-110.0,,,,,12 Pick Parlay (+157351) #1,157351.0,,,,,,,,,,,,,,,,,,,,,,,,,,,,,,,,,,,,
2026-06-24,me,Total,total,Under 8.5,-112.0,,,,,12 Pick Parlay (+157351) #1,157351.0,,,,,,,,,,,,,,,,,,,,,,,,,,,,,,,,,,,,
2026-06-24,me,Total,total,Under 8,-116.0,,,,,12 Pick Parlay (+157351) #1,157351.0,,,,,,,,,,,,,,,,,,,,,,,,,,,,,,,,,,,,
2026-06-24,me,Athletics,team,Moneyline,-131.0,,,0,-1.0,12 Pick Parlay (+157351) #1,157351.0,,,,,,,,,,,,,,,,,,,,,,,,,,,,,,,,,,,,
2026-06-24,me,Total,total,Over 9.5,,,,,,2 Pick SGP (+194) #2,194.0,,,,,,,,,,,,,,,,,,,,,,,,,,,,,,,,,,,,
2026-06-24,me,Milwaukee Brewers,team,Moneyline,,,,1,0.909,2 Pick SGP (+194) #2,194.0,,,,,,,,,,,,,,,,,,,,,,,,,,,,,,,,,,,,
2026-06-24,me,Los Angeles Dodgers,team,Moneyline,,,,1,0.909,2 Pick SGP (+218) #3,218.0,,,,,,,,,,,,,,,,,,,,,,,,,,,,,,,,,,,,
2026-06-24,me,Total,total,Under 8,,,,,,2 Pick SGP (+218) #3,218.0,,,,,,,,,,,,,,,,,,,,,,,,,,,,,,,,,,,,
2026-06-24,me,Total,total,Over 9.5,-112.0,,,,,20 Pick Parlay (+437970) #1,437970.0,,,,,,,,,,,,,,,,,,,,,,,,,,,,,,,,,,,,
2026-06-24,me,Chicago Cubs,team,Moneyline,-125.0,,,1,0.8,20 Pick Parlay (+437970) #1,437970.0,,,,,,,,,,,,,,,,,,,,,,,,,,,,,,,,,,,,
2026-06-24,me,Atlanta Braves,team,Moneyline,-136.0,,,0,-1.0,20 Pick Parlay (+437970) #1,437970.0,,,,,,,,,,,,,,,,,,,,,,,,,,,,,,,,,,,,
2026-06-24,me,Boston Red Sox,team,Moneyline,-171.0,,,0,-1.0,20 Pick Parlay (+437970) #1,437970.0,,,,,,,,,,,,,,,,,,,,,,,,,,,,,,,,,,,,
2026-06-24,me,Athletics,team,Moneyline,-131.0,,,0,-1.0,20 Pick Parlay (+437970) #1,437970.0,,,,,,,,,,,,,,,,,,,,,,,,,,,,,,,,,,,,
2026-06-24,me,Jose Soriano,prop,6+ Strikeouts Thrown,-218.0,,,,,20 Pick Parlay (+437970) #1,437970.0,,,,,,,,,,,,,,,,,,,,,,,,,,,,,,,,,,,,
2026-06-24,me,Bryan Woo,prop,5+ Strikeouts Thrown,-229.0,,,,,20 Pick Parlay (+437970) #1,437970.0,,,,,,,,,,,,,,,,,,,,,,,,,,,,,,,,,,,,
2026-06-24,me,Trey Yesavage,prop,5+ Strikeouts Thrown,-265.0,,,,,20 Pick Parlay (+437970) #1,437970.0,,,,,,,,,,,,,,,,,,,,,,,,,,,,,,,,,,,,
2026-06-24,me,Total,total,Under 7.5,,,,,,2 Pick SGP (+124) #2,124.0,,,,,,,,,,,,,,,,,,,,,,,,,,,,,,,,,,,,
2026-06-24,me,Jacob deGrom,prop,6+ Strikeouts Thrown,,,,,,2 Pick SGP (+124) #2,124.0,,,,,,,,,,,,,,,,,,,,,,,,,,,,,,,,,,,,
2026-06-24,me,Tarik Skubal,prop,6+ Strikeouts Thrown,,,,,,2 Pick SGP (-310) #3,-310.0,,,,,,,,,,,,,,,,,,,,,,,,,,,,,,,,,,,,
2026-06-24,me,Ryan Weathers,prop,3+ Strikeouts Thrown,,,,,,2 Pick SGP (-310) #3,-310.0,,,,,,,,,,,,,,,,,,,,,,,,,,,,,,,,,,,,
2026-06-24,me,Los Angeles Dodgers,team,Moneyline,,,,1,0.909,4 Pick SGP (+212) #5,212.0,,,,,,,,,,,,,,,,,,,,,,,,,,,,,,,,,,,,
2026-06-24,me,Shohei Ohtani,prop,6+ Strikeouts Thrown,,,,,,4 Pick SGP (+212) #5,212.0,,,,,,,,,,,,,,,,,,,,,,,,,,,,,,,,,,,,
2026-06-24,me,Shohei Ohtani,prop,1+ Hits,,,,,,4 Pick SGP (+212) #5,212.0,,,,,,,,,,,,,,,,,,,,,,,,,,,,,,,,,,,,
2026-06-24,me,Joe Ryan,prop,4+ Strikeouts Thrown,,,,,,4 Pick SGP (+212) #5,212.0,,,,,,,,,,,,,,,,,,,,,,,,,,,,,,,,,,,,
2026-06-24,me,Total,total,Over 9,,,,,,2 Pick SGP (+238) #6,238.0,,,,,,,,,,,,,,,,,,,,,,,,,,,,,,,,,,,,
2026-06-24,me,St. Louis Cardinals,team,Moneyline,,,,0,-1.0,2 Pick SGP (+238) #6,238.0,,,,,,,,,,,,,,,,,,,,,,,,,,,,,,,,,,,,
2026-06-24,me,Total,total,Over 9.5,-112.0,,,,,18 Pick Parlay (+172770) #1,172770.0,,,,,,,,,,,,,,,,,,,,,,,,,,,,,,,,,,,,
2026-06-24,me,Chicago Cubs,team,Moneyline,-125.0,,,1,0.8,18 Pick Parlay (+172770) #1,172770.0,,,,,,,,,,,,,,,,,,,,,,,,,,,,,,,,,,,,
2026-06-24,me,Milwaukee Brewers,team,Moneyline,-148.0,,,1,0.676,18 Pick Parlay (+172770) #1,172770.0,,,,,,,,,,,,,,,,,,,,,,,,,,,,,,,,,,,,
2026-06-24,me,Atlanta Braves,team,Moneyline,-136.0,,,0,-1.0,18 Pick Parlay (+172770) #1,172770.0,,,,,,,,,,,,,,,,,,,,,,,,,,,,,,,,,,,,
2026-06-24,me,Boston Red Sox,team,Moneyline,-171.0,,,0,-1.0,18 Pick Parlay (+172770) #1,172770.0,,,,,,,,,,,,,,,,,,,,,,,,,,,,,,,,,,,,
2026-06-24,me,Athletics,team,Moneyline,-131.0,,,0,-1.0,18 Pick Parlay (+172770) #1,172770.0,,,,,,,,,,,,,,,,,,,,,,,,,,,,,,,,,,,,
2026-06-24,me,Jose Soriano,prop,6+ Strikeouts Thrown,-243.0,,,,,18 Pick Parlay (+172770) #1,172770.0,,,,,,,,,,,,,,,,,,,,,,,,,,,,,,,,,,,,
2026-06-24,me,Bryan Woo,prop,5+ Strikeouts Thrown,-228.0,,,,,18 Pick Parlay (+172770) #1,172770.0,,,,,,,,,,,,,,,,,,,,,,,,,,,,,,,,,,,,
2026-06-24,me,Total,total,Under 7.5,,,,,,2 Pick SGP (+126) #2,126.0,,,,,,,,,,,,,,,,,,,,,,,,,,,,,,,,,,,,
2026-06-24,me,Jacob deGrom,prop,6+ Strikeouts Thrown,,,,,,2 Pick SGP (+126) #2,126.0,,,,,,,,,,,,,,,,,,,,,,,,,,,,,,,,,,,,
2026-06-24,me,Trey Yesavage,prop,5+ Strikeouts Thrown,,,,,,2 Pick SGP (+234) #4,234.0,,,,,,,,,,,,,,,,,,,,,,,,,,,,,,,,,,,,
2026-06-24,me,Houston Astros,team,Moneyline,,,,1,0.909,2 Pick SGP (+234) #4,234.0,,,,,,,,,,,,,,,,,,,,,,,,,,,,,,,,,,,,
2026-06-24,me,Los Angeles Dodgers,team,Moneyline,,,,1,0.909,4 Pick SGP (+208) #5,208.0,,,,,,,,,,,,,,,,,,,,,,,,,,,,,,,,,,,,
2026-06-24,me,Shohei Ohtani,prop,6+ Strikeouts Thrown,,,,,,4 Pick SGP (+208) #5,208.0,,,,,,,,,,,,,,,,,,,,,,,,,,,,,,,,,,,,
2026-06-24,me,Shohei Ohtani,prop,1+ Hits,,,,,,4 Pick SGP (+208) #5,208.0,,,,,,,,,,,,,,,,,,,,,,,,,,,,,,,,,,,,
2026-06-24,me,Joe Ryan,prop,4+ Strikeouts Thrown,,,,,,4 Pick SGP (+208) #5,208.0,,,,,,,,,,,,,,,,,,,,,,,,,,,,,,,,,,,,
2026-06-24,me,Total,total,Over 9.5,-112.0,,,,,18 Pick Parlay (+111938) #1,111938.0,,,,,,,,,,,,,,,,,,,,,,,,,,,,,,,,,,,,
2026-06-24,me,Chicago Cubs,team,Moneyline,-126.0,,,1,0.794,18 Pick Parlay (+111938) #1,111938.0,,,,,,,,,,,,,,,,,,,,,,,,,,,,,,,,,,,,
2026-06-24,me,Milwaukee Brewers,team,Moneyline,-148.0,,,1,0.676,18 Pick Parlay (+111938) #1,111938.0,,,,,,,,,,,,,,,,,,,,,,,,,,,,,,,,,,,,
2026-06-24,me,Atlanta Braves,team,Moneyline,-136.0,,,0,-1.0,18 Pick Parlay (+111938) #1,111938.0,,,,,,,,,,,,,,,,,,,,,,,,,,,,,,,,,,,,
2026-06-24,me,Boston Red Sox,team,Moneyline,-175.0,,,0,-1.0,18 Pick Parlay (+111938) #1,111938.0,,,,,,,,,,,,,,,,,,,,,,,,,,,,,,,,,,,,
2026-06-24,me,Athletics,team,Moneyline,-131.0,,,0,-1.0,18 Pick Parlay (+111938) #1,111938.0,,,,,,,,,,,,,,,,,,,,,,,,,,,,,,,,,,,,
2026-06-24,me,Jose Soriano,prop,6+ Strikeouts Thrown,-243.0,,,,,18 Pick Parlay (+111938) #1,111938.0,,,,,,,,,,,,,,,,,,,,,,,,,,,,,,,,,,,,
2026-06-24,me,Bryan Woo,prop,5+ Strikeouts Thrown,-230.0,,,,,18 Pick Parlay (+111938) #1,111938.0,,,,,,,,,,,,,,,,,,,,,,,,,,,,,,,,,,,,
2026-06-24,me,Total,total,Under 7.5,,,,,,2 Pick SGP (+128) #2,128.0,,,,,,,,,,,,,,,,,,,,,,,,,,,,,,,,,,,,
2026-06-24,me,Jacob deGrom,prop,6+ Strikeouts Thrown,,,,,,2 Pick SGP (+128) #2,128.0,,,,,,,,,,,,,,,,,,,,,,,,,,,,,,,,,,,,
2026-06-24,me,Tarik Skubal,prop,6+ Strikeouts Thrown,,,,,,2 Pick SGP (-275) #3,-275.0,,,,,,,,,,,,,,,,,,,,,,,,,,,,,,,,,,,,
2026-06-24,me,Ryan Weathers,prop,3+ Strikeouts Thrown,,,,,,2 Pick SGP (-275) #3,-275.0,,,,,,,,,,,,,,,,,,,,,,,,,,,,,,,,,,,,
2026-06-24,me,Toronto Blue Jays,team,Moneyline,,,,0,-1.0,2 Pick SGP (+102) #4,102.0,,,,,,,,,,,,,,,,,,,,,,,,,,,,,,,,,,,,
2026-06-24,me,Trey Yesavage,prop,5+ Strikeouts Thrown,,,,,,2 Pick SGP (+102) #4,102.0,,,,,,,,,,,,,,,,,,,,,,,,,,,,,,,,,,,,
2026-06-24,me,Los Angeles Dodgers,team,Moneyline,,,,1,0.909,4 Pick SGP (+222) #5,222.0,,,,,,,,,,,,,,,,,,,,,,,,,,,,,,,,,,,,
2026-06-24,me,Shohei Ohtani,prop,6+ Strikeouts Thrown,,,,,,4 Pick SGP (+222) #5,222.0,,,,,,,,,,,,,,,,,,,,,,,,,,,,,,,,,,,,
2026-06-24,me,Shohei Ohtani,prop,1+ Hits,,,,,,4 Pick SGP (+222) #5,222.0,,,,,,,,,,,,,,,,,,,,,,,,,,,,,,,,,,,,
2026-06-24,me,Joe Ryan,prop,4+ Strikeouts Thrown,,,,,,4 Pick SGP (+222) #5,222.0,,,,,,,,,,,,,,,,,,,,,,,,,,,,,,,,,,,,
2026-06-24,me,Total,total,Over 9.5,-112.0,,,,,18 Pick Parlay (+145521) #1,145521.0,,,,,,,,,,,,,,,,,,,,,,,,,,,,,,,,,,,,
2026-06-24,me,Chicago Cubs,team,Moneyline,-126.0,,,1,0.794,18 Pick Parlay (+145521) #1,145521.0,,,,,,,,,,,,,,,,,,,,,,,,,,,,,,,,,,,,
2026-06-24,me,Milwaukee Brewers,team,Moneyline,-148.0,,,1,0.676,18 Pick Parlay (+145521) #1,145521.0,,,,,,,,,,,,,,,,,,,,,,,,,,,,,,,,,,,,
2026-06-24,me,Atlanta Braves,team,Moneyline,-136.0,,,0,-1.0,18 Pick Parlay (+145521) #1,145521.0,,,,,,,,,,,,,,,,,,,,,,,,,,,,,,,,,,,,
2026-06-24,me,Boston Red Sox,team,Moneyline,-175.0,,,0,-1.0,18 Pick Parlay (+145521) #1,145521.0,,,,,,,,,,,,,,,,,,,,,,,,,,,,,,,,,,,,
2026-06-24,me,Athletics,team,Moneyline,-131.0,,,0,-1.0,18 Pick Parlay (+145521) #1,145521.0,,,,,,,,,,,,,,,,,,,,,,,,,,,,,,,,,,,,
2026-06-24,me,Jose Soriano,prop,6+ Strikeouts Thrown,-243.0,,,,,18 Pick Parlay (+145521) #1,145521.0,,,,,,,,,,,,,,,,,,,,,,,,,,,,,,,,,,,,
2026-06-24,me,Bryan Woo,prop,5+ Strikeouts Thrown,-230.0,,,,,18 Pick Parlay (+145521) #1,145521.0,,,,,,,,,,,,,,,,,,,,,,,,,,,,,,,,,,,,
2026-06-24,me,Boston Red Sox,team,Moneyline,-175.0,,,0,-1.0,10 Pick Parlay (+25908) #1,25908.0,,,,,,,,,,,,,,,,,,,,,,,,,,,,,,,,,,,,
2026-06-24,me,Los Angeles Angels,team,Moneyline,-125.0,,,1,0.8,10 Pick Parlay (+25908) #1,25908.0,,,,,,,,,,,,,,,,,,,,,,,,,,,,,,,,,,,,
2026-06-24,me,Kansas City Royals,team,Moneyline,123.0,,,0,-1.0,10 Pick Parlay (+25908) #1,25908.0,,,,,,,,,,,,,,,,,,,,,,,,,,,,,,,,,,,,
2026-06-24,me,Detroit Tigers,team,Moneyline,-143.0,,,0,-1.0,10 Pick Parlay (+25908) #1,25908.0,,,,,,,,,,,,,,,,,,,,,,,,,,,,,,,,,,,,
2026-06-24,me,Toronto Blue Jays,team,Moneyline,-163.0,,,0,-1.0,10 Pick Parlay (+25908) #1,25908.0,,,,,,,,,,,,,,,,,,,,,,,,,,,,,,,,,,,,
2026-06-24,me,Pittsburgh Pirates,team,Moneyline,-118.0,,,1,0.847,10 Pick Parlay (+25908) #1,25908.0,,,,,,,,,,,,,,,,,,,,,,,,,,,,,,,,,,,,
2026-06-24,me,Milwaukee Brewers,team,Moneyline,-143.0,,,1,0.699,10 Pick Parlay (+25908) #1,25908.0,,,,,,,,,,,,,,,,,,,,,,,,,,,,,,,,,,,,
2026-06-24,me,Los Angeles Dodgers,team,Moneyline,-185.0,,,1,0.541,10 Pick Parlay (+25908) #1,25908.0,,,,,,,,,,,,,,,,,,,,,,,,,,,,,,,,,,,,
2026-06-24,me,Atlanta Braves,team,Moneyline,-131.0,,,0,-1.0,10 Pick Parlay (+25908) #1,25908.0,,,,,,,,,,,,,,,,,,,,,,,,,,,,,,,,,,,,
2026-06-24,me,Athletics,team,Moneyline,-131.0,,,0,-1.0,10 Pick Parlay (+25908) #1,25908.0,,,,,,,,,,,,,,,,,,,,,,,,,,,,,,,,,,,,
2026-06-25,me,Bryce Miller,prop,5+ Strikeouts Thrown,,,,,,2 Pick SGP (+126) #1,126.0,,,,,,,,,,,,,,,,,,,,,,,,,,,,,,,,,,,,
2026-06-25,me,Seattle Mariners,team,Moneyline,,,,0,-1.0,2 Pick SGP (+126) #1,126.0,,,,,,,,,,,,,,,,,,,,,,,,,,,,,,,,,,,,
2026-06-25,me,Detroit Tigers,team,Moneyline,,,,0,-1.0,2 Pick SGP (+218) #2,218.0,,,,,,,,,,,,,,,,,,,,,,,,,,,,,,,,,,,,
2026-06-25,me,Total,total,Under 9,,,,,,2 Pick SGP (+218) #2,218.0,,,,,,,,,,,,,,,,,,,,,,,,,,,,,,,,,,,,
2026-06-25,me,Cristopher Sanchez,prop,5+ Strikeouts Thrown,,,,,,2 Pick SGP (+134) #3,134.0,,,,,,,,,,,,,,,,,,,,,,,,,,,,,,,,,,,,
2026-06-25,me,Total,total,Over 8.5,,,,,,2 Pick SGP (+134) #3,134.0,,,,,,,,,,,,,,,,,,,,,,,,,,,,,,,,,,,,
2026-06-25,me,New York Yankees,team,Moneyline,,,,0,-1.0,2 Pick SGP (+188) #4,188.0,,,,,,,,,,,,,,,,,,,,,,,,,,,,,,,,,,,,
2026-06-25,me,Total,total,Over 8,,,,,,2 Pick SGP (+188) #4,188.0,,,,,,,,,,,,,,,,,,,,,,,,,,,,,,,,,,,,
2026-06-26,me,Zack Wheeler,prop,7+ Strikeouts Thrown,-112.0,,,,,14 Pick Parlay (+203830) #1,203830.0,,,,,,,,,,,,,,,,,,,,,,,,,,,,,,,,,,,,
2026-06-26,me,Total,total,Over 9,-121.0,,,,,14 Pick Parlay (+203830) #1,203830.0,,,,,,,,,,,,,,,,,,,,,,,,,,,,,,,,,,,,
2026-06-26,me,Total,total,Over 8.5,-115.0,,,,,14 Pick Parlay (+203830) #1,203830.0,,,,,,,,,,,,,,,,,,,,,,,,,,,,,,,,,,,,
2026-06-26,me,Total,total,Over 8,-111.0,,,,,14 Pick Parlay (+203830) #1,203830.0,,,,,,,,,,,,,,,,,,,,,,,,,,,,,,,,,,,,
2026-06-26,me,Total,total,Over 7.5,-110.0,,,,,14 Pick Parlay (+203830) #1,203830.0,,,,,,,,,,,,,,,,,,,,,,,,,,,,,,,,,,,,
2026-06-26,me,Paul Skenes,prop,7+ Strikeouts Thrown,,,,,,2 Pick SGP (+152) #2,152.0,,,,,,,,,,,,,,,,,,,,,,,,,,,,,,,,,,,,
2026-06-26,me,Total,total,Over 7.5,,,,,,2 Pick SGP (+152) #2,152.0,,,,,,,,,,,,,,,,,,,,,,,,,,,,,,,,,,,,
2026-06-26,me,Washington Nationals,team,Run Line +1.5,,,,0,-1.0,2 Pick SGP (+204) #3,204.0,,,,,,,,,,,,,,,,,,,,,,,,,,,,,,,,,,,,
2026-06-26,me,Total,total,Over 9,,,,,,2 Pick SGP (+204) #3,204.0,,,,,,,,,,,,,,,,,,,,,,,,,,,,,,,,,,,,
2026-06-26,me,Zac Gallen,prop,3+ Strikeouts Thrown,,,,,,3 Pick SGP (+385) #4,385.0,,,,,,,,,,,,,,,,,,,,,,,,,,,,,,,,,,,,
2026-06-26,me,Total,total,Over 8.5,,,,,,3 Pick SGP (+385) #4,385.0,,,,,,,,,,,,,,,,,,,,,,,,,,,,,,,,,,,,
2026-06-26,me,Tampa Bay Rays,team,Moneyline,,,,1,0.909,3 Pick SGP (+385) #4,385.0,,,,,,,,,,,,,,,,,,,,,,,,,,,,,,,,,,,,
2026-06-26,me,Milwaukee Brewers,team,Moneyline,,,,1,0.909,2 Pick SGP (+134) #5,134.0,,,,,,,,,,,,,,,,,,,,,,,,,,,,,,,,,,,,
2026-06-26,me,Total,total,Over 7,,,,,,2 Pick SGP (+134) #5,134.0,,,,,,,,,,,,,,,,,,,,,,,,,,,,,,,,,,,,
2026-06-26,me,Total,total,Over 7,-124.0,,,,,8 Pick Parlay (+13610) #1,13610.0,,,,,,,,,,,,,,,,,,,,,,,,,,,,,,,,,,,,
2026-06-26,me,Los Angeles Angels,team,Moneyline,108.0,,,0,-1.0,8 Pick Parlay (+13610) #1,13610.0,,,,,,,,,,,,,,,,,,,,,,,,,,,,,,,,,,,,
2026-06-26,me,New York Yankees,team,Moneyline,-115.0,,,0,-1.0,8 Pick Parlay (+13610) #1,13610.0,,,,,,,,,,,,,,,,,,,,,,,,,,,,,,,,,,,,
2026-06-26,me,Miami Marlins,team,Moneyline,-105.0,,,1,0.952,8 Pick Parlay (+13610) #1,13610.0,,,,,,,,,,,,,,,,,,,,,,,,,,,,,,,,,,,,
2026-06-26,me,Total,total,Over 7.5,-114.0,,,,,8 Pick Parlay (+13610) #1,13610.0,,,,,,,,,,,,,,,,,,,,,,,,,,,,,,,,,,,,
2026-06-26,me,Total,total,Over 8.5,-116.0,,,,,8 Pick Parlay (+13610) #1,13610.0,,,,,,,,,,,,,,,,,,,,,,,,,,,,,,,,,,,,
2026-06-26,me,Minnesota Twins,team,Moneyline,,,,1,0.909,2 Pick SGP (+186) #2,186.0,,,,,,,,,,,,,,,,,,,,,,,,,,,,,,,,,,,,
2026-06-26,me,Total,total,Over 9,,,,,,2 Pick SGP (+186) #2,186.0,,,,,,,,,,,,,,,,,,,,,,,,,,,,,,,,,,,,
2026-06-26,me,Philadelphia Phillies,team,Moneyline,-163.0,,,1,0.613,13 Pick Parlay (+56083) #1,56083.0,,,,,,,,,,,,,,,,,,,,,,,,,,,,,,,,,,,,
2026-06-26,me,Total,total,Over 8.5,-118.0,,,,,13 Pick Parlay (+56083) #1,56083.0,,,,,,,,,,,,,,,,,,,,,,,,,,,,,,,,,,,,
2026-06-26,me,Roki Sasaki,prop,4+ Strikeouts Thrown,-597.0,,,,,13 Pick Parlay (+56083) #1,56083.0,,,,,,,,,,,,,,,,,,,,,,,,,,,,,,,,,,,,
2026-06-26,me,Total,total,Over 7.5,,,,,,2 Pick SGP (+148) #2,148.0,,,,,,,,,,,,,,,,,,,,,,,,,,,,,,,,,,,,
2026-06-26,me,Paul Skenes,prop,7+ Strikeouts Thrown,,,,,,2 Pick SGP (+148) #2,148.0,,,,,,,,,,,,,,,,,,,,,,,,,,,,,,,,,,,,
2026-06-26,me,Washington Nationals,team,Run Line +1.5,,,,0,-1.0,2 Pick SGP (+210) #3,210.0,,,,,,,,,,,,,,,,,,,,,,,,,,,,,,,,,,,,
2026-06-26,me,Total,total,Over 9,,,,,,2 Pick SGP (+210) #3,210.0,,,,,,,,,,,,,,,,,,,,,,,,,,,,,,,,,,,,
2026-06-26,me,Total,total,Over 8.5,,,,,,2 Pick SGP (+148) #4,148.0,,,,,,,,,,,,,,,,,,,,,,,,,,,,,,,,,,,,
2026-06-26,me,Zac Gallen,prop,3+ Strikeouts Thrown,,,,,,2 Pick SGP (+148) #4,148.0,,,,,,,,,,,,,,,,,,,,,,,,,,,,,,,,,,,,
2026-06-26,me,Milwaukee Brewers,team,Moneyline,,,,1,0.909,2 Pick SGP (+152) #5,152.0,,,,,,,,,,,,,,,,,,,,,,,,,,,,,,,,,,,,
2026-06-26,me,Total,total,Over 7.5,,,,,,2 Pick SGP (+152) #5,152.0,,,,,,,,,,,,,,,,,,,,,,,,,,,,,,,,,,,,
2026-06-26,me,Miami Marlins,team,Moneyline,,,,1,0.909,2 Pick SGP (+236) #6,236.0,,,,,,,,,,,,,,,,,,,,,,,,,,,,,,,,,,,,
2026-06-26,me,Total,total,Over 8,,,,,,2 Pick SGP (+236) #6,236.0,,,,,,,,,,,,,,,,,,,,,,,,,,,,,,,,,,,,
2026-06-26,me,Zack Wheeler,prop,7+ Strikeouts Thrown,-127.0,,,,,14 Pick Parlay (+275316) #1,275316.0,,,,,,,,,,,,,,,,,,,,,,,,,,,,,,,,,,,,
2026-06-26,me,Total,total,Over 9,-120.0,,,,,14 Pick Parlay (+275316) #1,275316.0,,,,,,,,,,,,,,,,,,,,,,,,,,,,,,,,,,,,
2026-06-26,me,Total,total,Over 8.5,-118.0,,,,,14 Pick Parlay (+275316) #1,275316.0,,,,,,,,,,,,,,,,,,,,,,,,,,,,,,,,,,,,
2026-06-26,me,Total,total,Over 8,-114.0,,,,,14 Pick Parlay (+275316) #1,275316.0,,,,,,,,,,,,,,,,,,,,,,,,,,,,,,,,,,,,
2026-06-26,me,Houston Astros,team,Moneyline,101.0,,,0,-1.0,14 Pick Parlay (+275316) #1,275316.0,,,,,,,,,,,,,,,,,,,,,,,,,,,,,,,,,,,,
2026-06-26,me,Total,total,Over 7.5,-113.0,,,,,14 Pick Parlay (+275316) #1,275316.0,,,,,,,,,,,,,,,,,,,,,,,,,,,,,,,,,,,,
2026-06-26,me,Zac Gallen,prop,3+ Strikeouts Thrown,,,,,,2 Pick SGP (+154) #4,154.0,,,,,,,,,,,,,,,,,,,,,,,,,,,,,,,,,,,,
2026-06-26,me,Total,total,Over 8.5,,,,,,2 Pick SGP (+154) #4,154.0,,,,,,,,,,,,,,,,,,,,,,,,,,,,,,,,,,,,
2026-06-28,me,Baltimore Orioles,team,Moneyline,-199.0,,,0,-1.0,15 Pick Parlay (+319564) #1,319564.0,,,,,,,,,,,,,,,,,,,,,,,,,,,,,,,,,,,,
2026-06-28,me,Pittsburgh Pirates,team,Moneyline,-136.0,,,1,0.735,15 Pick Parlay (+319564) #1,319564.0,,,,,,,,,,,,,,,,,,,,,,,,,,,,,,,,,,,,
2026-06-28,me,Toronto Blue Jays,team,Moneyline,-131.0,,,0,-1.0,15 Pick Parlay (+319564) #1,319564.0,,,,,,,,,,,,,,,,,,,,,,,,,,,,,,,,,,,,
2026-06-28,me,Houston Astros,team,Moneyline,-131.0,,,1,0.763,15 Pick Parlay (+319564) #1,319564.0,,,,,,,,,,,,,,,,,,,,,,,,,,,,,,,,,,,,
2026-06-28,me,Tampa Bay Rays,team,Moneyline,-193.0,,,1,0.518,15 Pick Parlay (+319564) #1,319564.0,,,,,,,,,,,,,,,,,,,,,,,,,,,,,,,,,,,,
2026-06-28,me,Philadelphia Phillies,team,Moneyline,-149.0,,,1,0.671,15 Pick Parlay (+319564) #1,319564.0,,,,,,,,,,,,,,,,,,,,,,,,,,,,,,,,,,,,
2026-06-28,me,Chicago White Sox,team,Moneyline,-137.0,,,0,-1.0,15 Pick Parlay (+319564) #1,319564.0,,,,,,,,,,,,,,,,,,,,,,,,,,,,,,,,,,,,
2026-06-28,me,Minnesota Twins,team,Moneyline,-156.0,,,1,0.641,15 Pick Parlay (+319564) #1,319564.0,,,,,,,,,,,,,,,,,,,,,,,,,,,,,,,,,,,,
2026-06-28,me,Cleveland Guardians,team,Moneyline,-114.0,,,1,0.877,15 Pick Parlay (+319564) #1,319564.0,,,,,,,,,,,,,,,,,,,,,,,,,,,,,,,,,,,,
2026-06-28,me,Milwaukee Brewers,team,Moneyline,-219.0,,,0,-1.0,15 Pick Parlay (+319564) #1,319564.0,,,,,,,,,,,,,,,,,,,,,,,,,,,,,,,,,,,,
2026-06-28,me,St. Louis Cardinals,team,Moneyline,-131.0,,,1,0.763,15 Pick Parlay (+319564) #1,319564.0,,,,,,,,,,,,,,,,,,,,,,,,,,,,,,,,,,,,
2026-06-28,me,Athletics,team,Moneyline,-120.0,,,0,-1.0,15 Pick Parlay (+319564) #1,319564.0,,,,,,,,,,,,,,,,,,,,,,,,,,,,,,,,,,,,
2026-06-28,me,Atlanta Braves,team,Moneyline,-162.0,,,0,-1.0,15 Pick Parlay (+319564) #1,319564.0,,,,,,,,,,,,,,,,,,,,,,,,,,,,,,,,,,,,
2026-06-28,me,Los Angeles Dodgers,team,Moneyline,-149.0,,,1,0.671,15 Pick Parlay (+319564) #1,319564.0,,,,,,,,,,,,,,,,,,,,,,,,,,,,,,,,,,,,
2026-06-28,me,Boston Red Sox,team,Moneyline,-120.0,,,1,0.833,15 Pick Parlay (+319564) #1,319564.0,,,,,,,,,,,,,,,,,,,,,,,,,,,,,,,,,,,,
2026-06-28,me,Philadelphia Phillies,team,Moneyline,-149.0,,,1,0.671,20 Pick Parlay (+2332482) #1,2332482.0,,,,,,,,,,,,,,,,,,,,,,,,,,,,,,,,,,,,
2026-06-28,me,Chicago White Sox,team,Moneyline,-137.0,,,0,-1.0,20 Pick Parlay (+2332482) #1,2332482.0,,,,,,,,,,,,,,,,,,,,,,,,,,,,,,,,,,,,
2026-06-28,me,Minnesota Twins,team,Moneyline,-156.0,,,1,0.641,20 Pick Parlay (+2332482) #1,2332482.0,,,,,,,,,,,,,,,,,,,,,,,,,,,,,,,,,,,,
2026-06-28,me,Cleveland Guardians,team,Moneyline,-114.0,,,1,0.877,20 Pick Parlay (+2332482) #1,2332482.0,,,,,,,,,,,,,,,,,,,,,,,,,,,,,,,,,,,,
2026-06-28,me,Milwaukee Brewers,team,Moneyline,-219.0,,,0,-1.0,20 Pick Parlay (+2332482) #1,2332482.0,,,,,,,,,,,,,,,,,,,,,,,,,,,,,,,,,,,,
2026-06-28,me,St. Louis Cardinals,team,Moneyline,-131.0,,,1,0.763,20 Pick Parlay (+2332482) #1,2332482.0,,,,,,,,,,,,,,,,,,,,,,,,,,,,,,,,,,,,
2026-06-28,me,Athletics,team,Moneyline,-120.0,,,0,-1.0,20 Pick Parlay (+2332482) #1,2332482.0,,,,,,,,,,,,,,,,,,,,,,,,,,,,,,,,,,,,
2026-06-28,me,Atlanta Braves,team,Moneyline,-162.0,,,0,-1.0,20 Pick Parlay (+2332482) #1,2332482.0,,,,,,,,,,,,,,,,,,,,,,,,,,,,,,,,,,,,
2026-06-28,me,Los Angeles Dodgers,team,Moneyline,-149.0,,,1,0.671,20 Pick Parlay (+2332482) #1,2332482.0,,,,,,,,,,,,,,,,,,,,,,,,,,,,,,,,,,,,
2026-06-28,me,Boston Red Sox,team,Moneyline,-120.0,,,1,0.833,20 Pick Parlay (+2332482) #1,2332482.0,,,,,,,,,,,,,,,,,,,,,,,,,,,,,,,,,,,,
2026-06-28,me,Total,total,Over 7.5,-114.0,,,,,20 Pick Parlay (+2332482) #1,2332482.0,,,,,,,,,,,,,,,,,,,,,,,,,,,,,,,,,,,,
2026-06-28,me,Kyle Bradish,prop,6+ Strikeouts Thrown,,,,,,3 Pick SGP (+375) #2,375.0,,,,,,,,,,,,,,,,,,,,,,,,,,,,,,,,,,,,
2026-06-28,me,Total,total,Over 9,,,,,,3 Pick SGP (+375) #2,375.0,,,,,,,,,,,,,,,,,,,,,,,,,,,,,,,,,,,,
2026-06-28,me,Baltimore Orioles,team,Moneyline,,,,0,-1.0,3 Pick SGP (+375) #2,375.0,,,,,,,,,,,,,,,,,,,,,,,,,,,,,,,,,,,,
2026-06-28,me,Mitch Keller,prop,4+ Strikeouts Thrown,,,,,,2 Pick SGP (+132) #3,132.0,,,,,,,,,,,,,,,,,,,,,,,,,,,,,,,,,,,,
2026-06-28,me,Total,total,Over 8.5,,,,,,2 Pick SGP (+132) #3,132.0,,,,,,,,,,,,,,,,,,,,,,,,,,,,,,,,,,,,
2026-06-28,me,Toronto Blue Jays,team,Moneyline,,,,0,-1.0,2 Pick SGP (+138) #4,138.0,,,,,,,,,,,,,,,,,,,,,,,,,,,,,,,,,,,,
2026-06-28,me,Shane Bieber,prop,5+ Strikeouts Thrown,,,,,,2 Pick SGP (+138) #4,138.0,,,,,,,,,,,,,,,,,,,,,,,,,,,,,,,,,,,,
2026-06-28,me,Houston Astros,team,Moneyline,,,,1,0.909,2 Pick SGP (+128) #5,128.0,,,,,,,,,,,,,,,,,,,,,,,,,,,,,,,,,,,,
2026-06-28,me,Hunter Brown,prop,6+ Strikeouts Thrown,,,,,,2 Pick SGP (+128) #5,128.0,,,,,,,,,,,,,,,,,,,,,,,,,,,,,,,,,,,,
2026-06-28,auto,WSH@BAL,total,Under 11.5,-116.0,,,1,0.862,,,,,,,,,,,,,,,,,,,,,,,,,,,,,,,,,,,,,,
2026-06-28,auto,CIN@PIT,total,Under 10.5,-126.0,,,0,-1.0,,,,,,,,,,,,,,,,,,,,,,,,,,,,,,,,,,,,,,
2026-06-28,auto,TEX@TOR,total,Over 7.5,116.0,,,0,-1.0,,,,,,,,,,,,,,,,,,,,,,,,,,,,,,,,,,,,,,
2026-06-28,auto,HOU@DET,total,Over 7.5,116.0,,,1,1.16,,,,,,,,,,,,,,,,,,,,,,,,,,,,,,,,,,,,,,
2026-06-28,auto,SEA@CLE,total,Under 8.5,104.0,,,0,-1.0,,,,,,,,,,,,,,,,,,,,,,,,,,,,,,,,,,,,,,
2026-06-28,auto,ARI@TBR,total,Over 8.5,100.0,,,0,-1.0,,,,,,,,,,,,,,,,,,,,,,,,,,,,,,,,,,,,,,
2026-06-28,auto,PHI@NYM,total,Under 8.5,-109.0,,,0,-1.0,,,,,,,,,,,,,,,,,,,,,,,,,,,,,,,,,,,,,,
2026-06-28,auto,COL@MIN,total,Over 9.5,100.0,,,0,-1.0,,,,,,,,,,,,,,,,,,,,,,,,,,,,,,,,,,,,,,
2026-06-28,auto,KCR@CHW,total,Under 10.5,-115.0,,,1,0.87,,,,,,,,,,,,,,,,,,,,,,,,,,,,,,,,,,,,,,
2026-06-28,auto,CHC@MIL,total,Over 6.5,-122.0,,,1,0.82,,,,,,,,,,,,,,,,,,,,,,,,,,,,,,,,,,,,,,
2026-06-28,auto,ATL@SFG,total,Under 7.5,-105.0,,,1,0.952,,,,,,,,,,,,,,,,,,,,,,,,,,,,,,,,,,,,,,
2026-06-28,auto,WSH@BAL,total,Over 9.5,-114.0,,,1,0.877,,,,,,,,,,,,,,,,,,,,,,,,,,,,,,,,,,,,,,
2026-06-28,auto,CIN@PIT,total,Under 11.5,-137.0,,,0,-1.0,,,,,,,,,,,,,,,,,,,,,,,,,,,,,,,,,,,,,,
2026-06-28,auto,PHI@NYM,total,Under 9.5,-101.0,,,1,0.99,,,,,,,,,,,,,,,,,,,,,,,,,,,,,,,,,,,,,,
2026-06-28,auto,COL@MIN,total,Over 8.5,109.0,,,0,-1.0,,,,,,,,,,,,,,,,,,,,,,,,,,,,,,,,,,,,,,
2026-06-28,auto,MIA@STL,total,Over 6.5,-131.0,,,0,-1.0,,,,,,,,,,,,,,,,,,,,,,,,,,,,,,,,,,,,,,
2026-06-28,auto,OAK@LAA,total,Over 7.5,-105.0,,,0,-1.0,,,,,,,,,,,,,,,,,,,,,,,,,,,,,,,,,,,,,,
2026-06-29,auto,PIT@PHI,total,Over 8.5,-108.0,,,1,0.926,,,,,,,,,,,,,,,,,,,,,,,,,,,,,,,,,,,,,,
2026-06-29,auto,NYM@TOR,total,Under 8.5,-110.0,,,1,0.909,,,,,,,,,,,,,,,,,,,,,,,,,,,,,,,,,,,,,,
2026-06-29,auto,TEX@CLE,total,Under 7.5,-105.0,,,0,-1.0,,,,,,,,,,,,,,,,,,,,,,,,,,,,,,,,,,,,,,
2026-06-29,auto,SDP@CHC,total,Under 11.5,-105.0,,,1,0.952,,,,,,,,,,,,,,,,,,,,,,,,,,,,,,,,,,,,,,
2026-06-29,auto,MIN@HOU,total,Over 9.0,-103.0,,,P,0.0,,,,,,,,,,,,,,,,,,,,,,,,,,,,,,,,,,,,,,
2026-06-29,auto,LAD@OAK,total,Under 10.5,-108.0,,,0,-1.0,,,,,,,,,,,,,,,,,,,,,,,,,,,,,,,,,,,,,,
2026-06-29,auto,NYM@TOR,total,Under 9.0,-120.0,,,1,0.833,,,,,,,,,,,,,,,,,,,,,,,,,,,,,,,,,,,,,,
2026-06-29,auto,WSH@BOS,total,Over 8.5,-110.0,,,1,0.909,,,,,,,,,,,,,,,,,,,,,,,,,,,,,,,,,,,,,,
2026-06-29,auto,MIA@COL,total,Under 11.5,-107.0,,,0,-1.0,,,,,,,,,,,,,,,,,,,,,,,,,,,,,,,,,,,,,,
2026-06-29,auto,LAA@SEA,total,Over 7.5,-119.0,,,1,0.84,,,,,,,,,,,,,,,,,,,,,,,,,,,,,,,,,,,,,,
2026-06-29,auto,SFG@ARI,total,Under 9.0,-114.0,,,P,0.0,,,,,,,,,,,,,,,,,,,,,,,,,,,,,,,,,,,,,,
2026-06-29,auto,CHW@BAL,total,Under 10.5,-112.0,,,1,0.893,,,,,,,,,,,,,,,,,,,,,,,,,,,,,,,,,,,,,,
2026-06-29,auto,WSH@BOS,total,Over 9.5,-105.0,,,0,-1.0,,,,,,,,,,,,,,,,,,,,,,,,,,,,,,,,,,,,,,
2026-06-29,auto,CIN@MIL,total,Over 8.5,-122.0,,,0,-1.0,,,,,,,,,,,,,,,,,,,,,,,,,,,,,,,,,,,,,,
2026-06-29,auto,MIN@HOU,total,Over 8.5,-102.0,,,1,0.98,,,,,,,,,,,,,,,,,,,,,,,,,,,,,,,,,,,,,,
2026-06-29,auto,NYM@TOR,total,Over 7.5,-105.0,,,0,-1.0,,,,,,,,,,,,,,,,,,,,,,,,,,,,,,,,,,,,,,
2026-06-29,auto,SDP@CHC,total,Over 11.5,100.0,,,0,-1.0,,,,,,,,,,,,,,,,,,,,,,,,,,,,,,,,,,,,,,
2026-06-30,auto,PIT@PHI,total,Over 8.5,100.0,,,0,-1.0,,,,,,,,,,,,,,,,,,,,,,,,,,,,,,,,,,,,,,
2026-06-30,auto,DET@NYY,total,Under 7.5,101.0,,,0,-1.0,,,,,,,,,,,,,,,,,,,,,,,,,,,,,,,,,,,,,,
2026-06-30,auto,NYM@TOR,total,Under 7.5,107.0,,,1,1.07,,,,,,,,,,,,,,,,,,,,,,,,,,,,,,,,,,,,,,
2026-06-30,auto,STL@ATL,total,Under 9.5,-110.0,,,1,0.909,,,,,,,,,,,,,,,,,,,,,,,,,,,,,,,,,,,,,,
2026-06-30,auto,SDP@CHC,total,Over 11.5,101.0,,,1,1.01,,,,,,,,,,,,,,,,,,,,,,,,,,,,,,,,,,,,,,
2026-06-30,auto,MIN@HOU,total,Over 8.5,103.0,,,1,1.03,,,,,,,,,,,,,,,,,,,,,,,,,,,,,,,,,,,,,,
2026-06-30,auto,MIA@COL,total,Over 11.5,100.0,,,1,1.0,,,,,,,,,,,,,,,,,,,,,,,,,,,,,,,,,,,,,,
2026-06-30,auto,LAA@SEA,total,Under 7.5,-114.0,,,0,-1.0,,,,,,,,,,,,,,,,,,,,,,,,,,,,,,,,,,,,,,
2026-06-30,auto,CIN@MIL,total,Under 8.5,100.0,,,0,-1.0,,,,,,,,,,,,,,,,,,,,,,,,,,,,,,,,,,,,,,
2026-06-30,auto,NYM@TOR,total,Under 8.0,107.0,,,1,1.07,,,,,,,,,,,,,,,,,,,,,,,,,,,,,,,,,,,,,,
2026-06-30,auto,Chicago White Sox,team,Moneyline,123.0,,,1,1.23,,,,,,,,,,,,,,,,,,,,,,,,,,,,,,,,,,,,,,
2026-06-30,auto,Texas Rangers,team,Moneyline,-115.0,,,1,0.87,,,,,,,,,,,,,,,,,,,,,,,,,,,,,,,,,,,,,,
2026-06-30,auto,Pittsburgh Pirates,team,Moneyline,212.0,,,0,-1.0,,,,,,,,,,,,,,,,,,,,,,,,,,,,,,,,,,,,,,
2026-06-30,auto,Toronto Blue Jays,team,Moneyline,-113.0,,,0,-1.0,,,,,,,,,,,,,,,,,,,,,,,,,,,,,,,,,,,,,,
2026-06-30,auto,Cincinnati Reds,team,Moneyline,150.0,,,0,-1.0,,,,,,,,,,,,,,,,,,,,,,,,,,,,,,,,,,,,,,
2026-06-30,auto,Minnesota Twins,team,Moneyline,-109.0,,,0,-1.0,,,,,,,,,,,,,,,,,,,,,,,,,,,,,,,,,,,,,,
2026-06-30,auto,Colorado Rockies,team,Moneyline,135.0,,,0,-1.0,,,,,,,,,,,,,,,,,,,,,,,,,,,,,,,,,,,,,,
2026-06-30,auto,Los Angeles Angels,team,Moneyline,158.0,,,0,-1.0,,,,,,,,,,,,,,,,,,,,,,,,,,,,,,,,,,,,,,
2026-06-30,auto,TEX@CLE,total,Over 7.5,-104.0,,,0,-1.0,,,,,,,,,,,,,,,,,,,,,,,,,,,,,,,,,,,,,,
2026-06-30,auto,CIN@MIL,total,Over 9.0,100.0,,,P,0.0,,,,,,,,,,,,,,,,,,,,,,,,,,,,,,,,,,,,,,
2026-06-30,auto,Houston Astros,team,Moneyline,101.0,,,1,1.01,,,,,,,,,,,,,,,,,,,,,,,,,,,,,,,,,,,,,,
2026-06-30,auto,DET@NYY,total,Under 7.0,103.0,,,0,-1.0,,,,,,,,,,,,,,,,,,,,,,,,,,,,,,,,,,,,,,
2026-06-30,auto,TEX@CLE,total,Over 8.5,107.0,,,0,-1.0,,,,,,,,,,,,,,,,,,,,,,,,,,,,,,,,,,,,,,
2026-06-30,auto,NYM@TOR,total,Under 9.0,-120.0,,,1,0.833,,,,,,,,,,,,,,,,,,,,,,,,,,,,,,,,,,,,,,
2026-06-30,auto,STL@ATL,total,Under 9.0,-112.0,,,1,0.893,,,,,,,,,,,,,,,,,,,,,,,,,,,,,,,,,,,,,,
2026-06-30,auto,CIN@MIL,total,Over 8.5,-113.0,,,1,0.885,,,,,,,,,,,,,,,,,,,,,,,,,,,,,,,,,,,,,,
2026-06-30,auto,Detroit Tigers,team,Moneyline,127.0,,,1,1.27,,,,,,,,,,,,,,,,,,,,,,,,,,,,,,,,,,,,,,
2026-06-30,auto,Washington Nationals,team,Moneyline,131.0,,,1,1.31,,,,,,,,,,,,,,,,,,,,,,,,,,,,,,,,,,,,,,
2026-06-30,auto,Chicago Cubs,team,Moneyline,-122.0,,,1,0.82,,,,,,,,,,,,,,,,,,,,,,,,,,,,,,,,,,,,,,
2026-07-01,auto,NYM@TOR,total,Under 8.5,100.0,,,0,-1.0,,,,,,,,,,,,,,,,,,,,,,,,,,,,,,,,,,,,,,
2026-07-01,auto,PIT@PHI,total,Over 8.5,102.0,,,1,1.02,,,,,,,,,,,,,,,,,,,,,,,,,,,,,,,,,,,,,,
2026-07-01,auto,STL@ATL,total,Over 9.0,106.0,,,0,-1.0,,,,,,,,,,,,,,,,,,,,,,,,,,,,,,,,,,,,,,
2026-07-01,auto,MIN@HOU,total,Over 8.5,-105.0,,,1,0.952,,,,,,,,,,,,,,,,,,,,,,,,,,,,,,,,,,,,,,
2026-07-01,auto,Chicago White Sox,team,Moneyline,120.0,,,0,-1.0,,,,,,,,,,,,,,,,,,,,,,,,,,,,,,,,,,,,,,
2026-07-01,auto,Texas Rangers,team,Moneyline,-104.0,,,0,-1.0,,,,,,,,,,,,,,,,,,,,,,,,,,,,,,,,,,,,,,
2026-07-01,auto,Washington Nationals,team,Moneyline,125.0,,,1,1.25,,,,,,,,,,,,,,,,,,,,,,,,,,,,,,,,,,,,,,
2026-07-01,auto,Detroit Tigers,team,Moneyline,121.0,,,1,1.21,,,,,,,,,,,,,,,,,,,,,,,,,,,,,,,,,,,,,,
2026-07-01,auto,Chicago Cubs,team,Moneyline,-119.0,,,1,0.84,,,,,,,,,,,,,,,,,,,,,,,,,,,,,,,,,,,,,,
2026-07-01,auto,Philadelphia Phillies,team,Moneyline,-130.0,,,1,0.769,,,,,,,,,,,,,,,,,,,,,,,,,,,,,,,,,,,,,,
2026-07-01,auto,St. Louis Cardinals,team,Moneyline,118.0,,,0,-1.0,,,,,,,,,,,,,,,,,,,,,,,,,,,,,,,,,,,,,,
2026-07-01,auto,Minnesota Twins,team,Moneyline,115.0,,,1,1.15,,,,,,,,,,,,,,,,,,,,,,,,,,,,,,,,,,,,,,
2026-07-01,auto,Los Angeles Dodgers,team,Moneyline,-164.0,,,0,-1.0,,,,,,,,,,,,,,,,,,,,,,,,,,,,,,,,,,,,,,
2026-07-01,auto,Arizona Diamondbacks,team,Moneyline,-116.0,,,0,-1.0,,,,,,,,,,,,,,,,,,,,,,,,,,,,,,,,,,,,,,
2026-07-01,auto,PIT@PHI,total,Over 8.0,-105.0,,,1,0.952,,,,,,,,,,,,,,,,,,,,,,,,,,,,,,,,,,,,,,
2026-07-01,auto,Toronto Blue Jays,team,Moneyline,101.0,,,1,1.01,,,,,,,,,,,,,,,,,,,,,,,,,,,,,,,,,,,,,,
2026-07-01,auto,STL@ATL,total,Under 9.0,-102.0,,,1,0.98,,,,,,,,,,,,,,,,,,,,,,,,,,,,,,,,,,,,,,
2026-07-01,auto,Pittsburgh Pirates,team,Moneyline,120.0,,,0,-1.0,,,,,,,,,,,,,,,,,,,,,,,,,,,,,,,,,,,,,,
2026-07-01,auto,NYM@TOR,total,Over 8.5,100.0,,,1,1.0,,,,,,,,,,,,,,,,,,,,,,,,,,,,,,,,,,,,,,
2026-07-01,auto,MIN@HOU,total,Under 8.5,109.0,,,0,-1.0,,,,,,,,,,,,,,,,,,,,,,,,,,,,,,,,,,,,,,
2026-07-01,auto,Tampa Bay Rays,team,Moneyline,-127.0,,,1,0.787,,,,,,,,,,,,,,,,,,,,,,,,,,,,,,,,,,,,,,
2026-07-01,auto,Miami Marlins,team,Moneyline,-154.0,,,0,-1.0,,,,,,,,,,,,,,,,,,,,,,,,,,,,,,,,,,,,,,
2026-07-01,auto,Milwaukee Brewers,team,Moneyline,-155.0,,,1,0.645,,,,,,,,,,,,,,,,,,,,,,,,,,,,,,,,,,,,,,
2026-07-01,auto,CHW@BAL,total,Over 7.5,1280.0,,,0,-1.0,,,,,,,,,,,,,,,,,,,,,,,,,,,,,,,,,,,,,,
2026-07-01,auto,CIN@MIL,total,Under 7.0,107.0,,,1,1.07,,,,,,,,,,,,,,,,,,,,,,,,,,,,,,,,,,,,,,
2026-07-01,auto,Boston Red Sox,team,Moneyline,1100.0,,,0,-1.0,,,,,,,,,,,,,,,,,,,,,,,,,,,,,,,,,,,,,,
2026-07-01,auto,New York Yankees,team,Moneyline,400.0,,,0,-1.0,,,,,,,,,,,,,,,,,,,,,,,,,,,,,,,,,,,,,,
2026-07-01,auto,San Diego Padres,team,Moneyline,1200.0,,,0,-1.0,,,,,,,,,,,,,,,,,,,,,,,,,,,,,,,,,,,,,,
2026-07-01,auto,New York Mets,team,Moneyline,103.0,,,0,-1.0,,,,,,,,,,,,,,,,,,,,,,,,,,,,,,,,,,,,,,
2026-07-01,auto,CIN@MIL,total,Over 7.0,100.0,,,0,-1.0,,,,,,,,,,,,,,,,,,,,,,,,,,,,,,,,,,,,,,
2026-07-01,auto,NYM@TOR,total,Over 6.5,115.0,,,1,1.15,,,,,,,,,,,,,,,,,,,,,,,,,,,,,,,,,,,,,,
2026-07-01,auto,DET@NYY,total,Over 8.5,600.0,,,0,-1.0,,,,,,,,,,,,,,,,,,,,,,,,,,,,,,,,,,,,,,
2026-07-01,auto,NYM@TOR,total,Over 7.5,100.0,,,1,1.0,,,,,,,,,,,,,,,,,,,,,,,,,,,,,,,,,,,,,,
2026-07-02,auto,CIN@MIL,total,Over 6.5,103.0,,,1,1.03,,,,,,6.5,8.64,,,,,,,,,,,,,,,,,,,,,,,,,,,,,,,
2026-07-02,auto,MIA@COL,total,Under 12.0,-105.0,,,0,-1.0,,,,,,12.0,8.63,,,,,,,,,,,,,,,,,,,,,,,,,,,,,,,
2026-07-02,auto,STL@ATL,total,Over 9.0,-102.0,,,1,0.98,,,,,,9.0,6.49,,,,,,,,,,,,,,,,,,,,,,,,,,,,,,,
2026-07-02,auto,TBR@KCR,total,Under 10.5,-109.0,,,1,0.917,,,,,,10.5,8.98,,,,,,,,,,,,,,,,,,,,,,,,,,,,,,,
2026-07-02,auto,DET@TEX,total,Over 7.5,-110.0,,,1,0.909,,,,,,7.5,8.54,,,,,,,,,,,,,,,,,,,,,,,,,,,,,,,
2026-07-02,auto,LAA@SEA,total,Under 7.5,-107.0,,,1,0.935,,,,,,7.5,7.51,,,,,,,,,,,,,,,,,,,,,,,,,,,,,,,
2026-07-02,auto,SDP@LAD,total,Under 8.5,100.0,,,0,-1.0,,,,,,8.5,15.63,,,,,,,,,,,,,,,,,,,,,,,,,,,,,,,
2026-07-02,auto,Chicago White Sox,team,Moneyline,-115.0,,,0,-1.0,,,,,,,13.33,,,,,,,,,,,,,,,,,,,,,,,,,,,,,,,
2026-07-02,auto,Atlanta Braves,team,Moneyline,-105.0,,,0,-1.0,,,,,,,5.56,,,,,,,,,,,,,,,,,,,,,,,,,,,,,,,
2026-07-02,auto,Tampa Bay Rays,team,Moneyline,-118.0,,,1,0.847,,,,,,,10.68,,,,,,,,,,,,,,,,,,,,,,,,,,,,,,,
2026-07-02,auto,Detroit Tigers,team,Moneyline,116.0,,,0,-1.0,,,,,,,5.44,,,,,,,,,,,,,,,,,,,,,,,,,,,,,,,
2026-07-02,auto,Los Angeles Angels,team,Moneyline,184.0,,,0,-1.0,,,,,,,13.22,,,,,,,,,,,,,,,,,,,,,,,,,,,,,,,
2026-07-02,auto,SDP@LAD,total,Over 8.5,-103.0,,,1,0.971,,,,,,8.5,17.75,,,,,,,,,,,,,,,,,,,,,,,,,,,,,,,
2026-07-02,auto,Miami Marlins,team,Moneyline,-118.0,,,0,-1.0,,,,,,,5.75,,,,,,,,,,,,,,,,,,,,,,,,,,,,,,,
2026-07-02,auto,PIT@PHI,total,Over 10.5,-104.0,,,0,-1.0,,,,,,10.5,13.34,,,,,,,,,,,,,,,,,,,,,,,,,,,,,,,
2026-07-02,auto,CHW@CLE,total,Under 8.5,100.0,,,0,-1.0,,,,,,8.5,6.01,,,,,,,,,,,,,,,,,,,,,,,,,,,,,,,
2026-07-02,auto,LAA@SEA,total,Over 7.5,107.0,,,0,-1.0,,,,,,,,,,,,,,,,,,,,,,,,,,,,,,,,,,,,,,
2026-07-02,auto,STL@ATL,total,Over 8.5,-109.0,,,1,0.917,,,,,,,,,,,,,,,,,,,,,,,,,,,,,,,,,,,,,,
2026-07-02,auto,PIT@PHI,total,Over 7.5,110.0,,,0,-1.0,,,,,,,,,,,,,,,,,,,,,,,,,,,,,,,,,,,,,,
2026-07-02,auto,CIN@MIL,total,Under 9.5,-112.0,,,1,0.893,,,,,,,,,,,,,,,,,,,,,,,,,,,,,,,,,,,,,,
2026-07-02,auto,SDP@LAD,total,Over 8.0,-107.0,,,1,0.935,,,,,,,,,,,,,,,,,,,,,,,,,,,,,,,,,,,,,,
2026-07-02,auto,Philadelphia Phillies,team,Moneyline,1200.0,,,0,-1.0,,,,,,,,,,,,,,,,,,,,,,,,,,,,,,,,,,,,,,
2026-07-02,auto,Milwaukee Brewers,team,Moneyline,900.0,,,0,-1.0,,,,,,,,,,,,,,,,,,,,,,,,,,,,,,,,,,,,,,
2026-07-02,auto,Colorado Rockies,team,Moneyline,210.0,,,1,2.1,,,,,,,,,,,,,,,,,,,,,,,,,,,,,,,,,,,,,,
2026-07-02,auto,St. Louis Cardinals,team,Moneyline,100.0,,,1,1.0,,,,,,,,,,,,,,,,,,,,,,,,,,,,,,,,,,,,,,
2026-07-02,auto,CIN@MIL,total,Under 8.5,108.0,,,0,-1.0,,,,,,,,,,,,,,,,,,,,,,,,,,,,,,,,,,,,,,
2026-07-02,auto,PIT@PHI,total,Over 6.5,100.0,,,1,1.0,,,,,,,,,,,,,,,,,,,,,,,,,,,,,,,,,,,,,,
2026-07-03,auto,PIT@WSH,total,Over 9.5,-105.0,,,1,0.952,,,,,,,,,,,,,,,,,,,,,,,,,,,,,,,,,,,,,,
2026-07-03,auto,MIN@NYY,total,Under 9.5,101.0,,,1,1.01,,,,,,,,,,,,,,,,,,,,,,,,,,,,,,,,,,,,,,
2026-07-03,auto,CHW@CLE,total,Over 8.5,101.0,,,0,-1.0,,,,,,,,,,,,,,,,,,,,,,,,,,,,,,,,,,,,,,
2026-07-03,auto,NYM@ATL,total,Under 9.5,100.0,,,1,1.0,,,,,,,,,,,,,,,,,,,,,,,,,,,,,,,,,,,,,,
2026-07-03,auto,TBR@HOU,total,Over 8.5,-102.0,,,0,-1.0,,,,,,,,,,,,,,,,,,,,,,,,,,,,,,,,,,,,,,
2026-07-03,auto,BOS@LAA,total,Under 8.5,-109.0,,,1,0.917,,,,,,,,,,,,,,,,,,,,,,,,,,,,,,,,,,,,,,
2026-07-03,auto,MIL@ARI,total,Over 8.5,-118.0,,,1,0.847,,,,,,,,,,,,,,,,,,,,,,,,,,,,,,,,,,,,,,
2026-07-03,auto,TOR@SEA,total,Under 7.5,100.0,,,1,1.0,,,,,,,,,,,,,,,,,,,,,,,,,,,,,,,,,,,,,,
2026-07-03,auto,Chicago Cubs,team,Moneyline,-125.0,,,0,-1.0,,,,,,,,,,,,,,,,,,,,,,,,,,,,,,,,,,,,,,
2026-07-03,auto,Minnesota Twins,team,Moneyline,161.0,,,0,-1.0,,,,,,,,,,,,,,,,,,,,,,,,,,,,,,,,,,,,,,
2026-07-03,auto,Baltimore Orioles,team,Moneyline,-119.0,,,1,0.84,,,,,,,,,,,,,,,,,,,,,,,,,,,,,,,,,,,,,,
2026-07-03,auto,Chicago White Sox,team,Moneyline,123.0,,,0,-1.0,,,,,,,,,,,,,,,,,,,,,,,,,,,,,,,,,,,,,,
2026-07-03,auto,New York Mets,team,Moneyline,102.0,,,0,-1.0,,,,,,,,,,,,,,,,,,,,,,,,,,,,,,,,,,,,,,
2026-07-03,auto,Colorado Rockies,team,Moneyline,136.0,,,1,1.36,,,,,,,,,,,,,,,,,,,,,,,,,,,,,,,,,,,,,,
2026-07-03,auto,Tampa Bay Rays,team,Moneyline,-105.0,,,1,0.952,,,,,,,,,,,,,,,,,,,,,,,,,,,,,,,,,,,,,,
2026-07-03,auto,Boston Red Sox,team,Moneyline,106.0,,,1,1.06,,,,,,,,,,,,,,,,,,,,,,,,,,,,,,,,,,,,,,
2026-07-03,auto,BAL@CIN,total,Under 10.0,-105.0,,,1,0.952,,,,,,,,,,,,,,,,,,,,,,,,,,,,,,,,,,,,,,
2026-07-03,auto,CHW@CLE,total,Over 8.0,108.0,,,0,-1.0,,,,,,,,,,,,,,,,,,,,,,,,,,,,,,,,,,,,,,
2026-07-03,auto,BOS@LAA,total,Under 8.0,100.0,,,1,1.0,,,,,,,,,,,,,,,,,,,,,,,,,,,,,,,,,,,,,,
2026-07-03,auto,MIL@ARI,total,Under 8.5,103.0,,,0,-1.0,,,,,,,,,,,,,,,,,,,,,,,,,,,,,,,,,,,,,,
2026-07-03,auto,Miami Marlins,team,Moneyline,109.0,,,1,1.09,,,,,,,,,,,,,,,,,,,,,,,,,,,,,,,,,,,,,,
2026-07-03,auto,BOS@LAA,total,Under 7.5,100.0,,,1,1.0,,,,,,,,,,,,,,,,,,,,,,,,,,,,,,,,,,,,,,
2026-07-03,auto,MIL@ARI,total,Over 9.0,100.0,,,1,1.0,,,,,,,,,,,,,,,,,,,,,,,,,,,,,,,,,,,,,,
2026-07-03,auto,SFG@COL,total,Under 11.0,100.0,,,0,-1.0,,,,,,,,,,,,,,,,,,,,,,,,,,,,,,,,,,,,,,
2026-07-03,auto,BAL@CIN,total,Under 10.5,105.0,,,1,1.05,,,,,,,,,,,,,,,,,,,,,,,,,,,,,,,,,,,,,,
2026-07-03,auto,NYM@ATL,total,Over 9.5,107.0,,,0,-1.0,,,,,,,,,,,,,,,,,,,,,,,,,,,,,,,,,,,,,,
2026-07-03,auto,TBR@HOU,total,Under 8.5,105.0,,,1,1.05,,,,,,,,,,,,,,,,,,,,,,,,,,,,,,,,,,,,,,
2026-07-03,auto,SFG@COL,total,Under 11.5,-106.0,,,0,-1.0,,,,,,,,,,,,,,,,,,,,,,,,,,,,,,,,,,,,,,
2026-07-03,auto,STL@CHC,total,Over 8.5,-105.0,,,1,0.952,,,,,,,,,,,,,,,,,,,,,,,,,,,,,,,,,,,,,,
2026-07-03,auto,Washington Nationals,team,Moneyline,142.0,,,1,1.42,,,,,,,,,,,,,,,,,,,,,,,,,,,,,,,,,,,,,,
2026-07-03,auto,BAL@CIN,total,Under 9.5,-101.0,,,1,0.99,,,,,,,,,,,,,,,,,,,,,,,,,,,,,,,,,,,,,,
2026-07-03,auto,NYM@ATL,total,Under 8.0,102.0,,,P,0.0,,,,,,,,,,,,,,,,,,,,,,,,,,,,,,,,,,,,,,
2026-07-03,auto,TBR@HOU,total,Over 7.5,100.0,,,0,-1.0,,,,,,,,,,,,,,,,,,,,,,,,,,,,,,,,,,,,,,
2026-07-03,auto,Los Angeles Angels,team,Moneyline,141.0,,,0,-1.0,,,,,,,,,,,,,,,,,,,,,,,,,,,,,,,,,,,,,,
2026-07-03,auto,MIA@OAK,total,Over 11.0,102.0,,,1,1.02,,,,,,,,,,,,,,,,,,,,,,,,,,,,,,,,,,,,,,
2026-07-03,auto,Athletics,team,Moneyline,102.0,,,0,-1.0,,,,,,,,,,,,,,,,,,,,,,,,,,,,,,,,,,,,,,
2026-07-03,auto,San Diego Padres,team,Moneyline,231.0,,,0,-1.0,,,,,,,,,,,,,,,,,,,,,,,,,,,,,,,,,,,,,,
2026-07-03,auto,Toronto Blue Jays,team,Moneyline,136.0,,,1,1.36,,,,,,,,,,,,,,,,,,,,,,,,,,,,,,,,,,,,,,
2026-07-03,auto,SDP@LAD,total,Under 8.5,-104.0,,,1,0.962,,,,,,,,,,,,,,,,,,,,,,,,,,,,,,,,,,,,,,
2026-07-05,auto,NYM@ATL,total,Under 8.5,-107.0,,,0,-1.0,,,,,,,,,,,,,,,,,,,,,,,,,,,,,,,,,,,,,,
2026-07-05,auto,Atlanta Braves,team,Moneyline,-101.0,,,0,-1.0,,,,,,,,,,,,,,,,,,,,,,,,,,,,,,,,,,,,,,
2026-07-05,auto,PIT@WSH,total,Over 9.5,-110.0,,,1,0.909,,,,,,,,,,,,,,,,,,,,,,,,,,,,,,,,,,,,,,
2026-07-05,auto,Pittsburgh Pirates,team,Moneyline,128.0,,,1,1.28,,,,,,,,,,,,,,,,,,,,,,,,,,,,,,,,,,,,,,
2026-07-05,auto,BAL@CIN,total,Under 10.0,101.0,,,1,1.01,,,,,,,,,,,,,,,,,,,,,,,,,,,,,,,,,,,,,,
2026-07-05,auto,Cincinnati Reds,team,Moneyline,103.0,,,1,1.03,,,,,,,,,,,,,,,,,,,,,,,,,,,,,,,,,,,,,,
2026-07-05,auto,MIN@NYY,total,Over 8.0,-107.0,,,0,-1.0,,,,,,,,,,,,,,,,,,,,,,,,,,,,,,,,,,,,,,
2026-07-05,auto,Minnesota Twins,team,Moneyline,115.0,,,1,1.15,,,,,,,,,,,,,,,,,,,,,,,,,,,,,,,,,,,,,,
2026-07-05,auto,Chicago White Sox,team,Moneyline,121.0,,,1,1.21,,,,,,,,,,,,,,,,,,,,,,,,,,,,,,,,,,,,,,
2026-07-05,auto,STL@CHC,total,Over 8.0,100.0,,,1,1.0,,,,,,,,,,,,,,,,,,,,,,,,,,,,,,,,,,,,,,
2026-07-05,auto,PHI@KCR,total,Over 10.0,-104.0,,,0,-1.0,,,,,,,,,,,,,,,,,,,,,,,,,,,,,,,,,,,,,,
2026-07-05,auto,Philadelphia Phillies,team,Moneyline,-135.0,,,0,-1.0,,,,,,,,,,,,,,,,,,,,,,,,,,,,,,,,,,,,,,
2026-07-05,auto,Tampa Bay Rays,team,Moneyline,105.0,,,0,-1.0,,,,,,,,,,,,,,,,,,,,,,,,,,,,,,,,,,,,,,
2026-07-05,auto,DET@TEX,total,Under 7.5,101.0,,,0,-1.0,,,,,,,,,,,,,,,,,,,,,,,,,,,,,,,,,,,,,,
2026-07-05,auto,Colorado Rockies,team,Moneyline,105.0,,,1,1.05,,,,,,,,,,,,,,,,,,,,,,,,,,,,,,,,,,,,,,
2026-07-05,auto,Miami Marlins,team,Moneyline,105.0,,,1,1.05,,,,,,,,,,,,,,,,,,,,,,,,,,,,,,,,,,,,,,
2026-07-05,auto,TOR@SEA,total,Under 7.5,-120.0,,,1,0.833,,,,,,,,,,,,,,,,,,,,,,,,,,,,,,,,,,,,,,
2026-07-05,auto,SDP@LAD,total,Under 9.5,102.0,,,1,1.02,,,,,,,,,,,,,,,,,,,,,,,,,,,,,,,,,,,,,,
2026-07-05,auto,NYM@ATL,total,Over 8.5,105.0,,,1,1.05,,,,,,,,,,,,,,,,,,,,,,,,,,,,,,,,,,,,,,
2026-07-05,auto,PIT@WSH,total,Over 8.5,105.0,,,1,1.05,,,,,,,,,,,,,,,,,,,,,,,,,,,,,,,,,,,,,,
2026-07-05,auto,Washington Nationals,team,Moneyline,-124.0,,,0,-1.0,,,,,,,,,,,,,,,,,,,,,,,,,,,,,,,,,,,,,,
2026-07-05,auto,PHI@KCR,total,Under 10.0,101.0,,,1,1.01,,,,,,,,,,,,,,,,,,,,,,,,,,,,,,,,,,,,,,
2026-07-05,auto,SFG@COL,total,Under 13.0,100.0,,,P,0.0,,,,,,,,,,,,,,,,,,,,,,,,,,,,,,,,,,,,,,
2026-07-05,auto,PIT@WSH,total,Over 10.5,105.0,,,1,1.05,,,,,,,,,,,,,,,,,,,,,,,,,,,,,,,,,,,,,,
2026-07-05,auto,Baltimore Orioles,team,Moneyline,900.0,,,0,-1.0,,,,,,,,,,,,,,,,,,,,,,,,,,,,,,,,,,,,,,
2026-07-05,auto,MIN@NYY,total,Over 8.5,-107.0,,,0,-1.0,,,,,,,,,,,,,,,,,,,,,,,,,,,,,,,,,,,,,,
2026-07-05,auto,New York Yankees,team,Moneyline,2000.0,,,0,-1.0,,,,,,,,,,,,,,,,,,,,,,,,,,,,,,,,,,,,,,
2026-07-05,auto,STL@CHC,total,Over 6.5,115.0,,,1,1.15,,,,,,,,,,,,,,,,,,,,,,,,,,,,,,,,,,,,,,
2026-07-05,auto,St. Louis Cardinals,team,Moneyline,350.0,,,0,-1.0,,,,,,,,,,,,,,,,,,,,,,,,,,,,,,,,,,,,,,
2026-07-05,auto,PHI@KCR,total,Over 8.5,107.0,,,0,-1.0,,,,,,,,,,,,,,,,,,,,,,,,,,,,,,,,,,,,,,
2026-07-05,auto,Detroit Tigers,team,Moneyline,-121.0,,,1,0.826,,,,,,,,,,,,,,,,,,,,,,,,,,,,,,,,,,,,,,
2026-07-05,auto,MIL@ARI,total,Over 9.0,101.0,,,0,-1.0,,,,,,,,,,,,,,,,,,,,,,,,,,,,,,,,,,,,,,
2026-07-05,auto,Seattle Mariners,team,Moneyline,-112.0,,,1,0.893,,,,,,,,,,,,,,,,,,,,,,,,,,,,,,,,,,,,,,
2026-07-05,auto,SDP@LAD,total,Over 6.5,102.0,,,1,1.02,,,,,,,,,,,,,,,,,,,,,,,,,,,,,,,,,,,,,,
2026-07-05,auto,BOS@LAA,total,Under 11.5,-130.0,,,0,-1.0,,,,,,,,,,,,,,,,,,,,,,,,,,,,,,,,,,,,,,
2026-07-05,auto,Los Angeles Angels,team,Moneyline,500.0,,,0,-1.0,,,,,,,,,,,,,,,,,,,,,,,,,,,,,,,,,,,,,,
2026-07-06,auto,PHI@KCR,total,Over 8.5,107.0,,,1,1.07,,,,,,,,,,,,,,,,,,,,,,,,,,,,,,,,,,,,,,
2026-07-06,auto,NYY@TBR,total,Over 7.5,101.0,,,0,-1.0,,,,,,,,,,,,,,,,,,,,,,,,,,,,,,,,,,,,,,
2026-07-06,auto,New York Yankees,team,Moneyline,100.0,,,1,1.0,,,,,,,,,,,,,,,,,,,,,,,,,,,,,,,,,,,,,,
2026-07-06,auto,HOU@WSH,total,Over 9.5,-102.0,,,1,0.98,,,,,,,,,,,,,,,,,,,,,,,,,,,,,,,,,,,,,,
2026-07-06,auto,NYM@ATL,total,Over 8.5,-114.0,,,1,0.877,,,,,,,,,,,,,,,,,,,,,,,,,,,,,,,,,,,,,,
2026-07-06,auto,Atlanta Braves,team,Moneyline,-127.0,,,0,-1.0,,,,,,,,,,,,,,,,,,,,,,,,,,,,,,,,,,,,,,
2026-07-06,auto,MIL@STL,total,Over 8.0,-102.0,,,0,-1.0,,,,,,,,,,,,,,,,,,,,,,,,,,,,,,,,,,,,,,
2026-07-06,auto,St. Louis Cardinals,team,Moneyline,106.0,,,0,-1.0,,,,,,,,,,,,,,,,,,,,,,,,,,,,,,,,,,,,,,
2026-07-06,auto,Arizona Diamondbacks,team,Moneyline,-102.0,,,1,0.98,,,,,,,,,,,,,,,,,,,,,,,,,,,,,,,,,,,,,,
2026-07-06,auto,TOR@SFG,total,Over 7.5,106.0,,,1,1.06,,,,,,,,,,,,,,,,,,,,,,,,,,,,,,,,,,,,,,
2026-07-06,auto,San Francisco Giants,team,Moneyline,-102.0,,,1,0.98,,,,,,,,,,,,,,,,,,,,,,,,,,,,,,,,,,,,,,
2026-07-06,auto,Colorado Rockies,team,Moneyline,195.0,,,0,-1.0,,,,,,,,,,,,,,,,,,,,,,,,,,,,,,,,,,,,,,
2026-07-06,auto,Tampa Bay Rays,team,Moneyline,-106.0,,,0,-1.0,,,,,,,,,,,,,,,,,,,,,,,,,,,,,,,,,,,,,,
2026-07-06,auto,Washington Nationals,team,Moneyline,-114.0,,,1,0.877,,,,,,,,,,,,,,,,,,,,,,,,,,,,,,,,,,,,,,
2026-07-06,auto,Milwaukee Brewers,team,Moneyline,-107.0,,,1,0.935,,,,,,,,,,,,,,,,,,,,,,,,,,,,,,,,,,,,,,
2026-07-06,auto,ARI@SDP,total,Under 8.5,-107.0,,,1,0.935,,,,,,,,,,,,,,,,,,,,,,,,,,,,,,,,,,,,,,
2026-07-06,auto,COL@LAD,total,Under 9.5,103.0,,,0,-1.0,,,,,,,,,,,,,,,,,,,,,,,,,,,,,,,,,,,,,,
2026-07-06,auto,PHI@KCR,total,Under 9.5,110.0,,,0,-1.0,,,,,,,,,,,,,,,,,,,,,,,,,,,,,,,,,,,,,,
2026-07-06,auto,TOR@SFG,total,Under 7.5,103.0,,,0,-1.0,,,,,,,,,,,,,,,,,,,,,,,,,,,,,,,,,,,,,,
2026-07-06,auto,COL@LAD,total,Over 9.5,-102.0,,,1,0.98,,,,,,,,,,,,,,,,,,,,,,,,,,,,,,,,,,,,,,
2026-07-06,auto,Philadelphia Phillies,team,Moneyline,430.0,,,0,-1.0,,,,,,,,,,,,,,,,,,,,,,,,,,,,,,,,,,,,,,
2026-07-06,auto,Houston Astros,team,Moneyline,105.0,,,0,-1.0,,,,,,,,,,,,,,,,,,,,,,,,,,,,,,,,,,,,,,
2026-07-06,auto,NYM@ATL,total,Over 9.0,-107.0,,,1,0.935,,,,,,,,,,,,,,,,,,,,,,,,,,,,,,,,,,,,,,
2026-07-06,auto,NYY@TBR,total,Over 7.0,107.0,,,0,-1.0,,,,,,,,,,,,,,,,,,,,,,,,,,,,,,,,,,,,,,
2026-07-06,auto,NYY@TBR,total,Under 7.5,100.0,,,1,1.0,,,,,,,,,,,,,,,,,,,,,,,,,,,,,,,,,,,,,,
2026-07-06,auto,NYY@TBR,total,Under 6.5,107.0,,,1,1.07,,,,,,,,,,,,,,,,,,,,,,,,,,,,,,,,,,,,,,
,,,,,,,,,,,,,,,,,St. Louis Cardinals,Milwaukee Brewers,St. Louis Cardinals,TBD,TBD,TBD,-160.0,58.8,-2.8,True,2026-07-07T14:43:56.749726,,STL,MIL,STL,,,,,,,,,,,,,,,,
,,,,,,,,,,,,,,,,,Baltimore Orioles,Chicago Cubs,Baltimore Orioles,TBD,TBD,TBD,-104.0,51.1,0.2,True,2026-07-07T14:43:58.197795,,BAL,CHC,BAL,,,,,,,,,,,,,,,,
,,,,,,,,,,,,,,,,,Detroit Tigers,Athletics,Detroit Tigers,TBD,TBD,TBD,-205.0,62.2,-5.0,True,2026-07-07T14:43:59.650222,,DET,OAK,DET,,,,,,,,,,,,,,,,
,,,,,,,,,,,,,,,,,Pittsburgh Pirates,Atlanta Braves,Pittsburgh Pirates,TBD,TBD,TBD,-152.0,57.6,-2.8,True,2026-07-07T14:44:01.086074,,PIT,ATL,PIT,,,,,,,,,,,,,,,,
,,,,,,,,,,,,,,,,,Miami Marlins,Seattle Mariners,Miami Marlins,TBD,TBD,TBD,-120.0,53.1,-1.4,True,2026-07-07T14:44:02.537042,,MIA,SEA,MIA,,,,,,,,,,,,,,,,
,,,,,,,,,,,,,,,,,Tampa Bay Rays,New York Yankees,Tampa Bay Rays,TBD,TBD,TBD,-118.0,53.0,-1.1,True,2026-07-07T14:44:03.955277,,TB,NYY,TB,,,,,,,,,,,,,,,,
,,,,,,,,,,,,,,,,,Washington Nationals,Houston Astros,Washington Nationals,TBD,TBD,TBD,-118.0,52.5,-1.7,True,2026-07-07T14:44:05.349923,,WSH,HOU,WSH,,,,,,,,,,,,,,,,
,,,,,,,,,,,,,,,,,Cincinnati Reds,Philadelphia Phillies,Cincinnati Reds,TBD,TBD,TBD,144.0,43.1,2.1,True,2026-07-07T14:44:06.856887,,CIN,PHI,CIN,,,,,,,,,,,,,,,,
,,,,,,,,,,,,,,,,,New York Mets,Kansas City Royals,New York Mets,TBD,TBD,TBD,-146.0,56.7,-2.6,True,2026-07-07T14:44:08.765284,,NYM,KC,NYM,,,,,,,,,,,,,,,,
,,,,,,,,,,,,,,,,,Chicago White Sox,Boston Red Sox,Chicago White Sox,TBD,TBD,TBD,106.0,49.2,0.6,True,2026-07-07T14:44:10.253224,,CWS,BOS,CWS,,,,,,,,,,,,,,,,
,,,,,,,,,,,,,,,,,Minnesota Twins,Cleveland Guardians,Minnesota Twins,TBD,TBD,TBD,-116.0,52.7,-1.0,True,2026-07-07T14:44:11.648936,,MIN,CLE,MIN,,,,,,,,,,,,,,,,
,,,,,,,,,,,,,,,,,St. Louis Cardinals,Milwaukee Brewers,St. Louis Cardinals,TBD,TBD,TBD,104.0,50.2,1.2,True,2026-07-07T14:44:13.088466,,STL,MIL,STL,,,,,,,,,,,,,,,,
,,,,,,,,,,,,,,,,,Texas Rangers,Los Angeles Angels,Texas Rangers,TBD,TBD,TBD,-166.0,58.8,-3.6,True,2026-07-07T14:44:14.546398,,TEX,LAA,TEX,,,,,,,,,,,,,,,,
,,,,,,,,,,,,,,,,,San Diego Padres,Arizona Diamondbacks,San Diego Padres,TBD,TBD,TBD,-120.0,53.7,-0.8,True,2026-07-07T14:44:16.053290,,SD,ARI,SD,,,,,,,,,,,,,,,,
,,,,,,,,,,,,,,,,,San Francisco Giants,Toronto Blue Jays,San Francisco Giants,TBD,TBD,TBD,-102.0,51.1,0.6,True,2026-07-07T14:44:17.474798,,SF,TOR,SF,,,,,,,,,,,,,,,,
,,,,,,,,,,,,,,,,,Los Angeles Dodgers,Colorado Rockies,Los Angeles Dodgers,TBD,TBD,TBD,-275.0,67.2,-6.1,True,2026-07-07T14:44:18.935217,,LAD,COL,LAD,,,,,,,,,,,,,,,,
,,,,,,,,,,,,,,,,,San Francisco Giants,Toronto Blue Jays,San Francisco Giants,TBD,TBD,TBD,-102.0,50.1,-0.4,True,2026-07-07T14:44:20.465798,,SF,TOR,SF,,,,,,,,,,,,,,,,
,,,,,,,,,,,,,,,,,Baltimore Orioles,Chicago Cubs,Baltimore Orioles,TBD,TBD,TBD,-116.0,52.6,-1.1,True,2026-07-07T14:44:21.926409,,BAL,CHC,BAL,,,,,,,,,,,,,,,,
,,,,,,,,,,,,,,,,,Detroit Tigers,Athletics,Detroit Tigers,TBD,TBD,TBD,-148.0,56.4,-3.3,True,2026-07-07T14:44:23.361387,,DET,OAK,DET,,,,,,,,,,,,,,,,
,,,,,,,,,,,,,,,,,Pittsburgh Pirates,Atlanta Braves,Pittsburgh Pirates,TBD,TBD,TBD,-122.0,54.0,-0.9,True,2026-07-07T14:44:24.832370,,PIT,ATL,PIT,,,,,,,,,,,,,,,,
,,,,,,,,,,,,,,,,,Tampa Bay Rays,New York Yankees,Tampa Bay Rays,TBD,TBD,TBD,-120.0,53.8,-0.8,True,2026-07-07T14:44:26.265827,,TB,NYY,TB,,,,,,,,,,,,,,,,
,,,,,,,,,,,,,,,,,Washington Nationals,Houston Astros,Washington Nationals,TBD,TBD,TBD,-136.0,55.3,-2.4,True,2026-07-07T14:44:27.718121,,WSH,HOU,WSH,,,,,,,,,,,,,,,,
,,,,,,,,,,,,,,,,,Chicago White Sox,Boston Red Sox,Chicago White Sox,TBD,TBD,TBD,-118.0,53.7,-0.5,True,2026-07-07T14:44:29.182059,,CWS,BOS,CWS,,,,,,,,,,,,,,,,
,,,,,,,,,,,,,,,,,Minnesota Twins,Cleveland Guardians,Minnesota Twins,TBD,TBD,TBD,-130.0,55.8,-0.7,True,2026-07-07T14:44:30.683402,,MIN,CLE,MIN,,,,,,,,,,,,,,,,
,,,,,,,,,,,,,,,,,St. Louis Cardinals,Milwaukee Brewers,St. Louis Cardinals,TBD,TBD,TBD,120.0,46.7,1.3,True,2026-07-07T14:44:32.152268,,STL,MIL,STL,,,,,,,,,,,,,,,,
,,,,,,,,,,,,,,,,,Texas Rangers,Los Angeles Angels,Texas Rangers,TBD,TBD,TBD,-146.0,57.2,-2.1,True,2026-07-07T14:44:33.643901,,TEX,LAA,TEX,,,,,,,,,,,,,,,,
,,,,,,,,,,,,,,,,,San Diego Padres,Arizona Diamondbacks,San Diego Padres,TBD,TBD,TBD,-152.0,58.2,-2.1,True,2026-07-07T14:44:35.077229,,SD,ARI,SD,,,,,,,,,,,,,,,,
,,,,,,,,,,,,,,,,,Los Angeles Dodgers,Colorado Rockies,Los Angeles Dodgers,TBD,TBD,TBD,-215.0,63.2,-5.0,True,2026-07-07T14:44:36.560961,,LAD,COL,LAD,,,,,,,,,,,,,,,,
,,,,,,,,,,,,,,,,,Detroit Tigers,Athletics,Detroit Tigers,TBD,TBD,TBD,-430.0,72.3,-8.8,True,2026-07-07T20:14:03.030144,,DET,OAK,DET,,,,,,,,,,,,,,,,
,,,,,,,,,,,,,,,,,Pittsburgh Pirates,Atlanta Braves,Pittsburgh Pirates,TBD,TBD,TBD,-4500.0,81.6,-16.2,True,2026-07-07T20:14:04.539900,,PIT,ATL,PIT,,,,,,,,,,,,,,,,
,,,,,,,,,,,,,,,,,Miami Marlins,Seattle Mariners,Miami Marlins,TBD,TBD,TBD,-530.0,73.3,-10.8,True,2026-07-07T20:14:06.045634,,MIA,SEA,MIA,,,,,,,,,,,,,,,,
,,,,,,,,,,,,,,,,,Tampa Bay Rays,New York Yankees,Tampa Bay Rays,TBD,TBD,TBD,-1600.0,79.7,-14.4,True,2026-07-07T20:14:07.553825,,TB,NYY,TB,,,,,,,,,,,,,,,,
,,,,,,,,,,,,,,,,,Washington Nationals,Houston Astros,Washington Nationals,TBD,TBD,TBD,235.0,35.7,5.9,True,2026-07-07T20:14:09.059283,,WSH,HOU,WSH,,,,,,,,,,,,,,,,
,,,,,,,,,,,,,,,,,New York Mets,Kansas City Royals,New York Mets,TBD,TBD,TBD,-950.0,78.0,-12.4,True,2026-07-07T20:14:10.573932,,NYM,KC,NYM,,,,,,,,,,,,,,,,
,,,,,,,,,,,,,,,,,Cincinnati Reds,Philadelphia Phillies,Cincinnati Reds,TBD,TBD,TBD,448.0,27.4,9.2,True,2026-07-07T20:14:12.129334,,CIN,PHI,CIN,,,,,,,,,,,,,,,,
,,,,,,,,,,,,,,,,,Baltimore Orioles,Chicago Cubs,Baltimore Orioles,TBD,TBD,TBD,164.0,40.9,3.1,True,2026-07-07T20:14:13.659979,,BAL,CHC,BAL,,,,,,,,,,,,,,,,
,,,,,,,,,,,,,,,,,Chicago White Sox,Boston Red Sox,Chicago White Sox,TBD,TBD,TBD,360.0,30.1,8.4,True,2026-07-07T20:14:15.101864,,CWS,BOS,CWS,,,,,,,,,,,,,,,,
,,,,,,,,,,,,,,,,,Minnesota Twins,Cleveland Guardians,Minnesota Twins,TBD,TBD,TBD,-245.0,65.1,-5.9,True,2026-07-07T20:14:16.616641,,MIN,CLE,MIN,,,,,,,,,,,,,,,,
,,,,,,,,,,,,,,,,,St. Louis Cardinals,Milwaukee Brewers,St. Louis Cardinals,TBD,TBD,TBD,-113.0,51.7,-1.3,True,2026-07-07T20:14:18.139923,,STL,MIL,STL,,,,,,,,,,,,,,,,
,,,,,,,,,,,,,,,,,Texas Rangers,Los Angeles Angels,Texas Rangers,TBD,TBD,TBD,-172.0,59.8,-3.4,True,2026-07-07T20:14:19.709038,,TEX,LAA,TEX,,,,,,,,,,,,,,,,
,,,,,,,,,,,,,,,,,San Diego Padres,Arizona Diamondbacks,San Diego Padres,TBD,TBD,TBD,-120.0,52.8,-1.7,True,2026-07-07T20:14:21.323443,,SD,ARI,SD,,,,,,,,,,,,,,,,
,,,,,,,,,,,,,,,,,San Francisco Giants,Toronto Blue Jays,San Francisco Giants,TBD,TBD,TBD,-102.0,50.2,-0.3,True,2026-07-07T20:14:22.899822,,SF,TOR,SF,,,,,,,,,,,,,,,,
,,,,,,,,,,,,,,,,,Los Angeles Dodgers,Colorado Rockies,Los Angeles Dodgers,TBD,TBD,TBD,-310.0,68.4,-7.2,True,2026-07-07T20:14:24.381698,,LAD,COL,LAD,,,,,,,,,,,,,,,,
,,,,,,,,,,,,,,,,,San Francisco Giants,Toronto Blue Jays,San Francisco Giants,TBD,TBD,TBD,-102.0,50.5,0.0,True,2026-07-07T20:14:25.943937,,SF,TOR,SF,,,,,,,,,,,,,,,,
,,,,,,,,,,,,,,,,,Baltimore Orioles,Chicago Cubs,Baltimore Orioles,TBD,TBD,TBD,-130.0,55.0,-1.6,True,2026-07-07T20:14:27.403488,,BAL,CHC,BAL,,,,,,,,,,,,,,,,
,,,,,,,,,,,,,,,,,Detroit Tigers,Athletics,Detroit Tigers,TBD,TBD,TBD,-148.0,57.4,-2.3,True,2026-07-07T20:14:28.861830,,DET,OAK,DET,,,,,,,,,,,,,,,,
,,,,,,,,,,,,,,,,,Pittsburgh Pirates,Atlanta Braves,Pittsburgh Pirates,TBD,TBD,TBD,-122.0,53.6,-1.4,True,2026-07-07T20:14:30.351901,,PIT,ATL,PIT,,,,,,,,,,,,,,,,
,,,,,,,,,,,,,,,,,Miami Marlins,Seattle Mariners,Miami Marlins,TBD,TBD,TBD,118.0,46.7,0.8,True,2026-07-07T20:14:31.843964,,MIA,SEA,MIA,,,,,,,,,,,,,,,,
,,,,,,,,,,,,,,,,,Tampa Bay Rays,New York Yankees,Tampa Bay Rays,TBD,TBD,TBD,-120.0,53.2,-1.4,True,2026-07-07T20:14:33.336673,,TB,NYY,TB,,,,,,,,,,,,,,,,
,,,,,,,,,,,,,,,,,Washington Nationals,Houston Astros,Washington Nationals,TBD,TBD,TBD,-136.0,55.0,-2.6,True,2026-07-07T20:14:34.784405,,WSH,HOU,WSH,,,,,,,,,,,,,,,,
,,,,,,,,,,,,,,,,,Chicago White Sox,Boston Red Sox,Chicago White Sox,TBD,TBD,TBD,-118.0,52.9,-1.2,True,2026-07-07T20:14:36.679136,,CWS,BOS,CWS,,,,,,,,,,,,,,,,
,,,,,,,,,,,,,,,,,Minnesota Twins,Cleveland Guardians,Minnesota Twins,TBD,TBD,TBD,-130.0,54.8,-1.7,True,2026-07-07T20:14:38.137680,,MIN,CLE,MIN,,,,,,,,,,,,,,,,
,,,,,,,,,,,,,,,,,St. Louis Cardinals,Milwaukee Brewers,St. Louis Cardinals,TBD,TBD,TBD,120.0,46.6,1.2,True,2026-07-07T20:14:39.571588,,STL,MIL,STL,,,,,,,,,,,,,,,,
,,,,,,,,,,,,,,,,,Texas Rangers,Los Angeles Angels,Texas Rangers,TBD,TBD,TBD,-146.0,56.2,-3.2,True,2026-07-07T20:14:41.003242,,TEX,LAA,TEX,,,,,,,,,,,,,,,,
,,,,,,,,,,,,,,,,,San Diego Padres,Arizona Diamondbacks,San Diego Padres,TBD,TBD,TBD,-146.0,57.2,-2.1,True,2026-07-07T20:14:42.499142,,SD,ARI,SD,,,,,,,,,,,,,,,,
,,,,,,,,,,,,,,,,,Los Angeles Dodgers,Colorado Rockies,Los Angeles Dodgers,TBD,TBD,TBD,-225.0,64.5,-4.8,True,2026-07-07T20:14:44.214569,,LAD,COL,LAD,,,,,,,,,,,,,,,,
,,,,,,,,,,,,,,,,,San Francisco Giants,Toronto Blue Jays,San Francisco Giants,TBD,TBD,TBD,-104.0,51.2,0.2,True,2026-07-08T06:29:10.693989,,SF,TOR,SF,,,,,,,,,,,,,,,,
,,,,,,,,,,,,,,,,,Baltimore Orioles,Chicago Cubs,Baltimore Orioles,TBD,TBD,TBD,-130.0,54.5,-2.0,True,2026-07-08T06:29:11.863548,,BAL,CHC,BAL,,,,,,,,,,,,,,,,
,,,,,,,,,,,,,,,,,Detroit Tigers,Athletics,Detroit Tigers,TBD,TBD,TBD,-158.0,58.2,-3.0,True,2026-07-08T06:29:13.087131,,DET,OAK,DET,,,,,,,,,,,,,,,,
,,,,,,,,,,,,,,,,,Pittsburgh Pirates,Atlanta Braves,Pittsburgh Pirates,TBD,TBD,TBD,-120.0,53.4,-1.1,True,2026-07-08T06:29:14.743749,,PIT,ATL,PIT,,,,,,,,,,,,,,,,
,,,,,,,,,,,,,,,,,Miami Marlins,Seattle Mariners,Miami Marlins,TBD,TBD,TBD,118.0,46.2,0.4,True,2026-07-08T06:29:16.426216,,MIA,SEA,MIA,,,,,,,,,,,,,,,,
,,,,,,,,,,,,,,,,,Tampa Bay Rays,New York Yankees,Tampa Bay Rays,TBD,TBD,TBD,-126.0,54.2,-1.5,True,2026-07-08T06:29:17.720615,,TB,NYY,TB,,,,,,,,,,,,,,,,
,,,,,,,,,,,,,,,,,Washington Nationals,Houston Astros,Washington Nationals,TBD,TBD,TBD,-134.0,55.8,-1.5,True,2026-07-08T06:29:18.992335,,WSH,HOU,WSH,,,,,,,,,,,,,,,,
,,,,,,,,,,,,,,,,,Cincinnati Reds,Philadelphia Phillies,Cincinnati Reds,TBD,TBD,TBD,-142.0,56.3,-2.4,True,2026-07-08T06:29:20.265897,,CIN,PHI,CIN,,,,,,,,,,,,,,,,
,,,,,,,,,,,,,,,,,New York Mets,Kansas City Royals,New York Mets,TBD,TBD,TBD,-146.0,57.9,-1.5,True,2026-07-08T06:29:21.689196,,NYM,KC,NYM,,,,,,,,,,,,,,,,
,,,,,,,,,,,,,,,,,Chicago White Sox,Boston Red Sox,Chicago White Sox,TBD,TBD,TBD,-120.0,53.8,-0.7,True,2026-07-08T06:29:22.969827,,CWS,BOS,CWS,,,,,,,,,,,,,,,,
,,,,,,,,,,,,,,,,,Minnesota Twins,Cleveland Guardians,Minnesota Twins,TBD,TBD,TBD,-130.0,55.0,-1.5,True,2026-07-08T06:29:24.242320,,MIN,CLE,MIN,,,,,,,,,,,,,,,,
,,,,,,,,,,,,,,,,,St. Louis Cardinals,Milwaukee Brewers,St. Louis Cardinals,TBD,TBD,TBD,114.0,46.9,0.2,True,2026-07-08T06:29:25.446022,,STL,MIL,STL,,,,,,,,,,,,,,,,
,,,,,,,,,,,,,,,,,Texas Rangers,Los Angeles Angels,Texas Rangers,TBD,TBD,TBD,-166.0,59.5,-2.9,True,2026-07-08T06:29:26.632155,,TEX,LAA,TEX,,,,,,,,,,,,,,,,
,,,,,,,,,,,,,,,,,San Diego Padres,Arizona Diamondbacks,San Diego Padres,TBD,TBD,TBD,-142.0,56.1,-2.6,True,2026-07-08T06:29:33.044198,,SD,ARI,SD,,,,,,,,,,,,,,,,
,,,,,,,,,,,,,,,,,Los Angeles Dodgers,Colorado Rockies,Los Angeles Dodgers,TBD,TBD,TBD,-250.0,65.1,-6.3,True,2026-07-08T06:29:34.322508,,LAD,COL,LAD,,,,,,,,,,,,,,,,
,,,,,,,,,,,,,,,,,San Francisco Giants,Toronto Blue Jays,San Francisco Giants,TBD,TBD,TBD,-104.0,51.0,0.0,True,2026-07-08T06:46:14.639731,,SF,TOR,SF,,,,,,,,,,,,,,,,
2026-07-08,,,,,,,,,,,,,,,,,San Francisco Giants,Toronto Blue Jays,San Francisco Giants,,TBD,TBD,-104.0,51.0,0.0,,2026-07-08T06:46:14.646096,,SF,TOR,SF,,,,,,,,,,,,,,,,
,,,,,,,,,,,,,,,,,Baltimore Orioles,Chicago Cubs,Baltimore Orioles,TBD,TBD,TBD,-130.0,54.9,-1.6,True,2026-07-08T06:46:16.114221,,BAL,CHC,BAL,,,,,,,,,,,,,,,,
2026-07-08,,,,,,,,,,,,,,,,,Baltimore Orioles,Chicago Cubs,Baltimore Orioles,,TBD,TBD,-130.0,54.9,-1.6,,2026-07-08T06:46:16.119186,,BAL,CHC,BAL,,,,,,,,,,,,,,,,
,,,,,,,,,,,,,,,,,Detroit Tigers,Athletics,Detroit Tigers,TBD,TBD,TBD,-158.0,58.6,-2.7,True,2026-07-08T06:46:17.556394,,DET,OAK,DET,,,,,,,,,,,,,,,,
2026-07-08,,,,,,,,,,,,,,,,,Detroit Tigers,Athletics,Detroit Tigers,,TBD,TBD,-158.0,58.6,-2.7,,2026-07-08T06:46:17.561351,,DET,OAK,DET,,,,,,,,,,,,,,,,
,,,,,,,,,,,,,,,,,Pittsburgh Pirates,Atlanta Braves,Pittsburgh Pirates,TBD,TBD,TBD,-120.0,53.2,-1.4,True,2026-07-08T06:46:19.010883,,PIT,ATL,PIT,,,,,,,,,,,,,,,,
2026-07-08,,,,,,,,,,,,,,,,,Pittsburgh Pirates,Atlanta Braves,Pittsburgh Pirates,,TBD,TBD,-120.0,53.2,-1.4,,2026-07-08T06:46:19.015835,,PIT,ATL,PIT,,,,,,,,,,,,,,,,
,,,,,,,,,,,,,,,,,Miami Marlins,Seattle Mariners,Miami Marlins,TBD,TBD,TBD,118.0,46.6,0.7,True,2026-07-08T06:46:20.436223,,MIA,SEA,MIA,,,,,,,,,,,,,,,,
2026-07-08,,,,,,,,,,,,,,,,,Miami Marlins,Seattle Mariners,Miami Marlins,,TBD,TBD,118.0,46.6,0.7,,2026-07-08T06:46:20.441259,,MIA,SEA,MIA,,,,,,,,,,,,,,,,
,,,,,,,,,,,,,,,,,Tampa Bay Rays,New York Yankees,Tampa Bay Rays,TBD,TBD,TBD,-126.0,53.8,-2.0,True,2026-07-08T06:46:21.930543,,TB,NYY,TB,,,,,,,,,,,,,,,,
2026-07-08,,,,,,,,,,,,,,,,,Tampa Bay Rays,New York Yankees,Tampa Bay Rays,,TBD,TBD,-126.0,53.8,-2.0,,2026-07-08T06:46:21.935461,,TB,NYY,TB,,,,,,,,,,,,,,,,
,,,,,,,,,,,,,,,,,Washington Nationals,Houston Astros,Washington Nationals,TBD,TBD,TBD,-134.0,55.8,-1.4,True,2026-07-08T06:46:23.370814,,WSH,HOU,WSH,,,,,,,,,,,,,,,,
2026-07-08,,,,,,,,,,,,,,,,,Washington Nationals,Houston Astros,Washington Nationals,,TBD,TBD,-134.0,55.8,-1.4,,2026-07-08T06:46:23.375643,,WSH,HOU,WSH,,,,,,,,,,,,,,,,
,,,,,,,,,,,,,,,,,Cincinnati Reds,Philadelphia Phillies,Cincinnati Reds,TBD,TBD,TBD,-142.0,56.6,-2.1,True,2026-07-08T06:46:24.833943,,CIN,PHI,CIN,,,,,,,,,,,,,,,,
2026-07-08,,,,,,,,,,,,,,,,,Cincinnati Reds,Philadelphia Phillies,Cincinnati Reds,,TBD,TBD,-142.0,56.6,-2.1,,2026-07-08T06:46:24.838914,,CIN,PHI,CIN,,,,,,,,,,,,,,,,
,,,,,,,,,,,,,,,,,New York Mets,Kansas City Royals,New York Mets,TBD,TBD,TBD,-146.0,57.1,-2.3,True,2026-07-08T06:46:26.359950,,NYM,KC,NYM,,,,,,,,,,,,,,,,
2026-07-08,,,,,,,,,,,,,,,,,New York Mets,Kansas City Royals,New York Mets,,TBD,TBD,-146.0,57.1,-2.3,,2026-07-08T06:46:26.364876,,NYM,KC,NYM,,,,,,,,,,,,,,,,
,,,,,,,,,,,,,,,,,Chicago White Sox,Boston Red Sox,Chicago White Sox,TBD,TBD,TBD,-120.0,53.2,-1.4,True,2026-07-08T06:46:27.816948,,CWS,BOS,CWS,,,,,,,,,,,,,,,,
2026-07-08,,,,,,,,,,,,,,,,,Chicago White Sox,Boston Red Sox,Chicago White Sox,,TBD,TBD,-120.0,53.2,-1.4,,2026-07-08T06:46:27.821935,,CWS,BOS,CWS,,,,,,,,,,,,,,,,
,,,,,,,,,,,,,,,,,Minnesota Twins,Cleveland Guardians,Minnesota Twins,TBD,TBD,TBD,-130.0,55.2,-1.4,True,2026-07-08T06:46:29.310672,,MIN,CLE,MIN,,,,,,,,,,,,,,,,
2026-07-08,,,,,,,,,,,,,,,,,Minnesota Twins,Cleveland Guardians,Minnesota Twins,,TBD,TBD,-130.0,55.2,-1.4,,2026-07-08T06:46:29.315505,,MIN,CLE,MIN,,,,,,,,,,,,,,,,
,,,,,,,,,,,,,,,,,St. Louis Cardinals,Milwaukee Brewers,St. Louis Cardinals,TBD,TBD,TBD,114.0,46.8,0.1,True,2026-07-08T06:46:30.771346,,STL,MIL,STL,,,,,,,,,,,,,,,,
2026-07-08,,,,,,,,,,,,,,,,,St. Louis Cardinals,Milwaukee Brewers,St. Louis Cardinals,,TBD,TBD,114.0,46.8,0.1,,2026-07-08T06:46:30.776213,,STL,MIL,STL,,,,,,,,,,,,,,,,
,,,,,,,,,,,,,,,,,Texas Rangers,Los Angeles Angels,Texas Rangers,TBD,TBD,TBD,-152.0,58.1,-2.2,True,2026-07-08T06:46:32.255886,,TEX,LAA,TEX,,,,,,,,,,,,,,,,
2026-07-08,,,,,,,,,,,,,,,,,Texas Rangers,Los Angeles Angels,Texas Rangers,,TBD,TBD,-152.0,58.1,-2.2,,2026-07-08T06:46:32.260773,,TEX,LAA,TEX,,,,,,,,,,,,,,,,
,,,,,,,,,,,,,,,,,San Diego Padres,Arizona Diamondbacks,San Diego Padres,TBD,TBD,TBD,-142.0,56.8,-1.9,True,2026-07-08T06:46:33.770953,,SD,ARI,SD,,,,,,,,,,,,,,,,
2026-07-08,,,,,,,,,,,,,,,,,San Diego Padres,Arizona Diamondbacks,San Diego Padres,,TBD,TBD,-142.0,56.8,-1.9,,2026-07-08T06:46:33.775995,,SD,ARI,SD,,,,,,,,,,,,,,,,
,,,,,,,,,,,,,,,,,Los Angeles Dodgers,Colorado Rockies,Los Angeles Dodgers,TBD,TBD,TBD,-250.0,66.1,-5.3,True,2026-07-08T06:46:35.233206,,LAD,COL,LAD,,,,,,,,,,,,,,,,
2026-07-08,,,,,,,,,,,,,,,,,Los Angeles Dodgers,Colorado Rockies,Los Angeles Dodgers,,TBD,TBD,-250.0,66.1,-5.3,,2026-07-08T06:46:35.238141,,LAD,COL,LAD,,,,,,,,,,,,,,,,
,,,,,,,,,,,,,,,,,San Francisco Giants,Toronto Blue Jays,San Francisco Giants,TBD,TBD,TBD,-104.0,50.4,-0.6,True,2026-07-08T06:47:14.555485,,SF,TOR,SF,,,,,,,,,,,,,,,,
2026-07-08,,,,,,,,,,,,,,,,,San Francisco Giants,Toronto Blue Jays,San Francisco Giants,,TBD,TBD,-104.0,50.4,-0.6,,2026-07-08T06:47:14.561141,,SF,TOR,SF,,,,,,,,,,,,,,,,
,,,,,,,,,,,,,,,,,Baltimore Orioles,Chicago Cubs,Baltimore Orioles,TBD,TBD,TBD,-130.0,54.2,-2.3,True,2026-07-08T06:47:15.972253,,BAL,CHC,BAL,,,,,,,,,,,,,,,,
2026-07-08,,,,,,,,,,,,,,,,,Baltimore Orioles,Chicago Cubs,Baltimore Orioles,,TBD,TBD,-130.0,54.2,-2.3,,2026-07-08T06:47:15.977359,,BAL,CHC,BAL,,,,,,,,,,,,,,,,
,,,,,,,,,,,,,,,,,Detroit Tigers,Athletics,Detroit Tigers,TBD,TBD,TBD,-158.0,58.8,-2.4,True,2026-07-08T06:47:17.278069,,DET,OAK,DET,,,,,,,,,,,,,,,,
2026-07-08,,,,,,,,,,,,,,,,,Detroit Tigers,Athletics,Detroit Tigers,,TBD,TBD,-158.0,58.8,-2.4,,2026-07-08T06:47:17.282959,,DET,OAK,DET,,,,,,,,,,,,,,,,
,,,,,,,,,,,,,,,,,Pittsburgh Pirates,Atlanta Braves,Pittsburgh Pirates,TBD,TBD,TBD,-120.0,53.6,-0.9,True,2026-07-08T06:47:18.566891,,PIT,ATL,PIT,,,,,,,,,,,,,,,,
2026-07-08,,,,,,,,,,,,,,,,,Pittsburgh Pirates,Atlanta Braves,Pittsburgh Pirates,,TBD,TBD,-120.0,53.6,-0.9,,2026-07-08T06:47:18.571700,,PIT,ATL,PIT,,,,,,,,,,,,,,,,
,,,,,,,,,,,,,,,,,Miami Marlins,Seattle Mariners,Miami Marlins,TBD,TBD,TBD,118.0,46.9,1.0,True,2026-07-08T06:47:19.916914,,MIA,SEA,MIA,,,,,,,,,,,,,,,,
2026-07-08,,,,,,,,,,,,,,,,,Miami Marlins,Seattle Mariners,Miami Marlins,,TBD,TBD,118.0,46.9,1.0,,2026-07-08T06:47:19.921709,,MIA,SEA,MIA,,,,,,,,,,,,,,,,
,,,,,,,,,,,,,,,,,Tampa Bay Rays,New York Yankees,Tampa Bay Rays,TBD,TBD,TBD,-126.0,54.4,-1.3,True,2026-07-08T06:47:21.327812,,TB,NYY,TB,,,,,,,,,,,,,,,,
2026-07-08,,,,,,,,,,,,,,,,,Tampa Bay Rays,New York Yankees,Tampa Bay Rays,,TBD,TBD,-126.0,54.4,-1.3,,2026-07-08T06:47:21.332640,,TB,NYY,TB,,,,,,,,,,,,,,,,
,,,,,,,,,,,,,,,,,Washington Nationals,Houston Astros,Washington Nationals,TBD,TBD,TBD,-134.0,55.2,-2.0,True,2026-07-08T06:47:22.857197,,WSH,HOU,WSH,,,,,,,,,,,,,,,,
2026-07-08,,,,,,,,,,,,,,,,,Washington Nationals,Houston Astros,Washington Nationals,,TBD,TBD,-134.0,55.2,-2.0,,2026-07-08T06:47:22.862044,,WSH,HOU,WSH,,,,,,,,,,,,,,,,
,,,,,,,,,,,,,,,,,Cincinnati Reds,Philadelphia Phillies,Cincinnati Reds,TBD,TBD,TBD,-142.0,57.0,-1.7,True,2026-07-08T06:47:24.402464,,CIN,PHI,CIN,,,,,,,,,,,,,,,,
2026-07-08,,,,,,,,,,,,,,,,,Cincinnati Reds,Philadelphia Phillies,Cincinnati Reds,,TBD,TBD,-142.0,57.0,-1.7,,2026-07-08T06:47:24.407346,,CIN,PHI,CIN,,,,,,,,,,,,,,,,
,,,,,,,,,,,,,,,,,New York Mets,Kansas City Royals,New York Mets,TBD,TBD,TBD,-146.0,56.3,-3.1,True,2026-07-08T06:47:25.790484,,NYM,KC,NYM,,,,,,,,,,,,,,,,
2026-07-08,,,,,,,,,,,,,,,,,New York Mets,Kansas City Royals,New York Mets,,TBD,TBD,-146.0,56.3,-3.1,,2026-07-08T06:47:25.795599,,NYM,KC,NYM,,,,,,,,,,,,,,,,
,,,,,,,,,,,,,,,,,Chicago White Sox,Boston Red Sox,Chicago White Sox,TBD,TBD,TBD,-120.0,53.7,-0.8,True,2026-07-08T06:47:27.880449,,CWS,BOS,CWS,,,,,,,,,,,,,,,,
2026-07-08,,,,,,,,,,,,,,,,,Chicago White Sox,Boston Red Sox,Chicago White Sox,,TBD,TBD,-120.0,53.7,-0.8,,2026-07-08T06:47:27.885267,,CWS,BOS,CWS,,,,,,,,,,,,,,,,
,,,,,,,,,,,,,,,,,Minnesota Twins,Cleveland Guardians,Minnesota Twins,TBD,TBD,TBD,-130.0,54.5,-2.0,True,2026-07-08T06:47:29.647895,,MIN,CLE,MIN,,,,,,,,,,,,,,,,
2026-07-08,,,,,,,,,,,,,,,,,Minnesota Twins,Cleveland Guardians,Minnesota Twins,,TBD,TBD,-130.0,54.5,-2.0,,2026-07-08T06:47:29.652873,,MIN,CLE,MIN,,,,,,,,,,,,,,,,
,,,,,,,,,,,,,,,,,St. Louis Cardinals,Milwaukee Brewers,St. Louis Cardinals,TBD,TBD,TBD,114.0,47.1,0.4,True,2026-07-08T06:47:31.123887,,STL,MIL,STL,,,,,,,,,,,,,,,,
2026-07-08,,,,,,,,,,,,,,,,,St. Louis Cardinals,Milwaukee Brewers,St. Louis Cardinals,,TBD,TBD,114.0,47.1,0.4,,2026-07-08T06:47:31.129004,,STL,MIL,STL,,,,,,,,,,,,,,,,
,,,,,,,,,,,,,,,,,Texas Rangers,Los Angeles Angels,Texas Rangers,TBD,TBD,TBD,-152.0,57.2,-3.1,True,2026-07-08T06:47:32.432367,,TEX,LAA,TEX,,,,,,,,,,,,,,,,
2026-07-08,,,,,,,,,,,,,,,,,Texas Rangers,Los Angeles Angels,Texas Rangers,,TBD,TBD,-152.0,57.2,-3.1,,2026-07-08T06:47:32.437276,,TEX,LAA,TEX,,,,,,,,,,,,,,,,
,,,,,,,,,,,,,,,,,San Diego Padres,Arizona Diamondbacks,San Diego Padres,TBD,TBD,TBD,-142.0,56.5,-2.2,True,2026-07-08T06:47:33.768170,,SD,ARI,SD,,,,,,,,,,,,,,,,
2026-07-08,,,,,,,,,,,,,,,,,San Diego Padres,Arizona Diamondbacks,San Diego Padres,,TBD,TBD,-142.0,56.5,-2.2,,2026-07-08T06:47:33.772977,,SD,ARI,SD,,,,,,,,,,,,,,,,
,,,,,,,,,,,,,,,,,Los Angeles Dodgers,Colorado Rockies,Los Angeles Dodgers,TBD,TBD,TBD,-250.0,66.3,-5.1,True,2026-07-08T06:47:35.030635,,LAD,COL,LAD,,,,,,,,,,,,,,,,
2026-07-08,,,,,,,,,,,,,,,,,Los Angeles Dodgers,Colorado Rockies,Los Angeles Dodgers,,TBD,TBD,-250.0,66.3,-5.1,,2026-07-08T06:47:35.035532,,LAD,COL,LAD,,,,,,,,,,,,,,,,
,,,,,,,,,,,,,,,,,San Francisco Giants,Toronto Blue Jays,San Francisco Giants,TBD,TBD,TBD,-102.0,50.4,-0.1,True,2026-07-08T07:05:54.520183,,SF,TOR,SF,,,,,,,,,,,,,,,,
2026-07-08,,,,,,,,,,,,,,,,,San Francisco Giants,Toronto Blue Jays,San Francisco Giants,,TBD,TBD,-102.0,50.4,-0.1,,2026-07-08T07:05:54.527008,,SF,TOR,SF,,,,,,,,,,,,,,,,
,,,,,,,,,,,,,,,,,Baltimore Orioles,Chicago Cubs,Baltimore Orioles,TBD,TBD,TBD,-130.0,55.0,-1.5,True,2026-07-08T07:05:55.990942,,BAL,CHC,BAL,,,,,,,,,,,,,,,,
2026-07-08,,,,,,,,,,,,,,,,,Baltimore Orioles,Chicago Cubs,Baltimore Orioles,,TBD,TBD,-130.0,55.0,-1.5,,2026-07-08T07:05:55.996036,,BAL,CHC,BAL,,,,,,,,,,,,,,,,
,,,,,,,,,,,,,,,,,Detroit Tigers,Athletics,Detroit Tigers,TBD,TBD,TBD,-158.0,57.8,-3.5,True,2026-07-08T07:05:57.475962,,DET,OAK,DET,,,,,,,,,,,,,,,,
2026-07-08,,,,,,,,,,,,,,,,,Detroit Tigers,Athletics,Detroit Tigers,,TBD,TBD,-158.0,57.8,-3.5,,2026-07-08T07:05:57.480988,,DET,OAK,DET,,,,,,,,,,,,,,,,
,,,,,,,,,,,,,,,,,Pittsburgh Pirates,Atlanta Braves,Pittsburgh Pirates,TBD,TBD,TBD,-120.0,53.1,-1.5,True,2026-07-08T07:05:58.937007,,PIT,ATL,PIT,,,,,,,,,,,,,,,,
2026-07-08,,,,,,,,,,,,,,,,,Pittsburgh Pirates,Atlanta Braves,Pittsburgh Pirates,,TBD,TBD,-120.0,53.1,-1.5,,2026-07-08T07:05:58.942320,,PIT,ATL,PIT,,,,,,,,,,,,,,,,
,,,,,,,,,,,,,,,,,Miami Marlins,Seattle Mariners,Miami Marlins,TBD,TBD,TBD,110.0,47.9,0.3,True,2026-07-08T07:06:00.904954,,MIA,SEA,MIA,,,,,,,,,,,,,,,,
2026-07-08,,,,,,,,,,,,,,,,,Miami Marlins,Seattle Mariners,Miami Marlins,,TBD,TBD,110.0,47.9,0.3,,2026-07-08T07:06:00.910219,,MIA,SEA,MIA,,,,,,,,,,,,,,,,
,,,,,,,,,,,,,,,,,Tampa Bay Rays,New York Yankees,Tampa Bay Rays,TBD,TBD,TBD,-130.0,54.4,-2.1,True,2026-07-08T07:06:22.847595,,TB,NYY,TB,,,,,,,,,,,,,,,,
2026-07-08,,,,,,,,,,,,,,,,,Tampa Bay Rays,New York Yankees,Tampa Bay Rays,,TBD,TBD,-130.0,54.4,-2.1,,2026-07-08T07:06:22.854845,,TB,NYY,TB,,,,,,,,,,,,,,,,
,,,,,,,,,,,,,,,,,Washington Nationals,Houston Astros,Washington Nationals,TBD,TBD,TBD,-134.0,55.1,-2.1,True,2026-07-08T07:06:24.291270,,WSH,HOU,WSH,,,,,,,,,,,,,,,,
2026-07-08,,,,,,,,,,,,,,,,,Washington Nationals,Houston Astros,Washington Nationals,,TBD,TBD,-134.0,55.1,-2.1,,2026-07-08T07:06:24.296514,,WSH,HOU,WSH,,,,,,,,,,,,,,,,
,,,,,,,,,,,,,,,,,Cincinnati Reds,Philadelphia Phillies,Cincinnati Reds,TBD,TBD,TBD,-142.0,56.5,-2.2,True,2026-07-08T07:06:25.731403,,CIN,PHI,CIN,,,,,,,,,,,,,,,,
2026-07-08,,,,,,,,,,,,,,,,,Cincinnati Reds,Philadelphia Phillies,Cincinnati Reds,,TBD,TBD,-142.0,56.5,-2.2,,2026-07-08T07:06:25.736391,,CIN,PHI,CIN,,,,,,,,,,,,,,,,
,,,,,,,,,,,,,,,,,New York Mets,Kansas City Royals,New York Mets,TBD,TBD,TBD,-146.0,56.8,-2.6,True,2026-07-08T07:06:27.070878,,NYM,KC,NYM,,,,,,,,,,,,,,,,
2026-07-08,,,,,,,,,,,,,,,,,New York Mets,Kansas City Royals,New York Mets,,TBD,TBD,-146.0,56.8,-2.6,,2026-07-08T07:06:27.075994,,NYM,KC,NYM,,,,,,,,,,,,,,,,
,,,,,,,,,,,,,,,,,Chicago White Sox,Boston Red Sox,Chicago White Sox,TBD,TBD,TBD,-120.0,53.6,-1.0,True,2026-07-08T07:06:38.673196,,CWS,BOS,CWS,,,,,,,,,,,,,,,,
2026-07-08,,,,,,,,,,,,,,,,,Chicago White Sox,Boston Red Sox,Chicago White Sox,,TBD,TBD,-120.0,53.6,-1.0,,2026-07-08T07:06:38.680364,,CWS,BOS,CWS,,,,,,,,,,,,,,,,
,,,,,,,,,,,,,,,,,Minnesota Twins,Cleveland Guardians,Minnesota Twins,TBD,TBD,TBD,-130.0,54.8,-1.7,True,2026-07-08T07:06:39.902272,,MIN,CLE,MIN,,,,,,,,,,,,,,,,
2026-07-08,,,,,,,,,,,,,,,,,Minnesota Twins,Cleveland Guardians,Minnesota Twins,,TBD,TBD,-130.0,54.8,-1.7,,2026-07-08T07:06:39.907860,,MIN,CLE,MIN,,,,,,,,,,,,,,,,
,,,,,,,,,,,,,,,,,St. Louis Cardinals,Milwaukee Brewers,St. Louis Cardinals,TBD,TBD,TBD,114.0,47.4,0.7,True,2026-07-08T07:06:41.073734,,STL,MIL,STL,,,,,,,,,,,,,,,,
2026-07-08,,,,,,,,,,,,,,,,,St. Louis Cardinals,Milwaukee Brewers,St. Louis Cardinals,,TBD,TBD,114.0,47.4,0.7,,2026-07-08T07:06:41.078970,,STL,MIL,STL,,,,,,,,,,,,,,,,
,,,,,,,,,,,,,,,,,Texas Rangers,Los Angeles Angels,Texas Rangers,TBD,TBD,TBD,-152.0,58.2,-2.2,True,2026-07-08T07:06:42.235223,,TEX,LAA,TEX,,,,,,,,,,,,,,,,
2026-07-08,,,,,,,,,,,,,,,,,Texas Rangers,Los Angeles Angels,Texas Rangers,,TBD,TBD,-152.0,58.2,-2.2,,2026-07-08T07:06:42.240643,,TEX,LAA,TEX,,,,,,,,,,,,,,,,
,,,,,,,,,,,,,,,,,San Diego Padres,Arizona Diamondbacks,San Diego Padres,TBD,TBD,TBD,-142.0,56.3,-2.4,True,2026-07-08T07:06:43.427060,,SD,ARI,SD,,,,,,,,,,,,,,,,
2026-07-08,,,,,,,,,,,,,,,,,San Diego Padres,Arizona Diamondbacks,San Diego Padres,,TBD,TBD,-142.0,56.3,-2.4,,2026-07-08T07:06:43.432451,,SD,ARI,SD,,,,,,,,,,,,,,,,
,,,,,,,,,,,,,,,,,Los Angeles Dodgers,Colorado Rockies,Los Angeles Dodgers,TBD,TBD,TBD,-250.0,65.4,-6.0,True,2026-07-08T07:06:44.596836,,LAD,COL,LAD,,,,,,,,,,,,,,,,
2026-07-08,,,,,,,,,,,,,,,,,Los Angeles Dodgers,Colorado Rockies,Los Angeles Dodgers,,TBD,TBD,-250.0,65.4,-6.0,,2026-07-08T07:06:44.602040,,LAD,COL,LAD,,,,,,,,,,,,,,,,
,,,,,,,,,,,,,,,,,San Francisco Giants,Toronto Blue Jays,San Francisco Giants,TBD,TBD,TBD,-102.0,50.8,0.3,True,2026-07-08T07:06:47.336943,,SF,TOR,SF,,,,,,,,,,,,,,,,
2026-07-08,,,,,,,,,,,,,,,,,San Francisco Giants,Toronto Blue Jays,San Francisco Giants,,TBD,TBD,-102.0,50.8,0.3,,2026-07-08T07:06:47.343519,,SF,TOR,SF,,,,,,,,,,,,,,,,
,,,,,,,,,,,,,,,,,Baltimore Orioles,Chicago Cubs,Baltimore Orioles,TBD,TBD,TBD,-130.0,54.4,-2.1,True,2026-07-08T07:06:48.519684,,BAL,CHC,BAL,,,,,,,,,,,,,,,,
2026-07-08,,,,,,,,,,,,,,,,,Baltimore Orioles,Chicago Cubs,Baltimore Orioles,,TBD,TBD,-130.0,54.4,-2.1,,2026-07-08T07:06:48.525292,,BAL,CHC,BAL,,,,,,,,,,,,,,,,
,,,,,,,,,,,,,,,,,Detroit Tigers,Athletics,Detroit Tigers,TBD,TBD,TBD,-158.0,58.5,-2.7,True,2026-07-08T07:06:49.701149,,DET,OAK,DET,,,,,,,,,,,,,,,,
2026-07-08,,,,,,,,,,,,,,,,,Detroit Tigers,Athletics,Detroit Tigers,,TBD,TBD,-158.0,58.5,-2.7,,2026-07-08T07:06:49.706276,,DET,OAK,DET,,,,,,,,,,,,,,,,
,,,,,,,,,,,,,,,,,Pittsburgh Pirates,Atlanta Braves,Pittsburgh Pirates,TBD,TBD,TBD,-120.0,52.6,-1.9,True,2026-07-08T07:06:50.858540,,PIT,ATL,PIT,,,,,,,,,,,,,,,,
2026-07-08,,,,,,,,,,,,,,,,,Pittsburgh Pirates,Atlanta Braves,Pittsburgh Pirates,,TBD,TBD,-120.0,52.6,-1.9,,2026-07-08T07:06:50.863943,,PIT,ATL,PIT,,,,,,,,,,,,,,,,
,,,,,,,,,,,,,,,,,Miami Marlins,Seattle Mariners,Miami Marlins,TBD,TBD,TBD,110.0,48.7,1.1,True,2026-07-08T07:06:52.057194,,MIA,SEA,MIA,,,,,,,,,,,,,,,,
2026-07-08,,,,,,,,,,,,,,,,,Miami Marlins,Seattle Mariners,Miami Marlins,,TBD,TBD,110.0,48.7,1.1,,2026-07-08T07:06:52.062328,,MIA,SEA,MIA,,,,,,,,,,,,,,,,
,,,,,,,,,,,,,,,,,Tampa Bay Rays,New York Yankees,Tampa Bay Rays,TBD,TBD,TBD,-130.0,54.6,-1.9,True,2026-07-08T07:06:53.255565,,TB,NYY,TB,,,,,,,,,,,,,,,,
2026-07-08,,,,,,,,,,,,,,,,,Tampa Bay Rays,New York Yankees,Tampa Bay Rays,,TBD,TBD,-130.0,54.6,-1.9,,2026-07-08T07:06:53.264453,,TB,NYY,TB,,,,,,,,,,,,,,,,
,,,,,,,,,,,,,,,,,Washington Nationals,Houston Astros,Washington Nationals,TBD,TBD,TBD,-134.0,54.9,-2.3,True,2026-07-08T07:06:54.593470,,WSH,HOU,WSH,,,,,,,,,,,,,,,,
2026-07-08,,,,,,,,,,,,,,,,,Washington Nationals,Houston Astros,Washington Nationals,,TBD,TBD,-134.0,54.9,-2.3,,2026-07-08T07:06:54.599001,,WSH,HOU,WSH,,,,,,,,,,,,,,,,
,,,,,,,,,,,,,,,,,Cincinnati Reds,Philadelphia Phillies,Cincinnati Reds,TBD,TBD,TBD,-142.0,56.7,-2.0,True,2026-07-08T07:06:55.778025,,CIN,PHI,CIN,,,,,,,,,,,,,,,,
2026-07-08,,,,,,,,,,,,,,,,,Cincinnati Reds,Philadelphia Phillies,Cincinnati Reds,,TBD,TBD,-142.0,56.7,-2.0,,2026-07-08T07:06:55.783344,,CIN,PHI,CIN,,,,,,,,,,,,,,,,
,,,,,,,,,,,,,,,,,New York Mets,Kansas City Royals,New York Mets,TBD,TBD,TBD,-146.0,57.3,-2.0,True,2026-07-08T07:06:56.957674,,NYM,KC,NYM,,,,,,,,,,,,,,,,
2026-07-08,,,,,,,,,,,,,,,,,New York Mets,Kansas City Royals,New York Mets,,TBD,TBD,-146.0,57.3,-2.0,,2026-07-08T07:06:56.962998,,NYM,KC,NYM,,,,,,,,,,,,,,,,
,,,,,,,,,,,,,,,,,Chicago White Sox,Boston Red Sox,Chicago White Sox,TBD,TBD,TBD,-120.0,53.5,-1.0,True,2026-07-08T07:06:58.121603,,CWS,BOS,CWS,,,,,,,,,,,,,,,,
2026-07-08,,,,,,,,,,,,,,,,,Chicago White Sox,Boston Red Sox,Chicago White Sox,,TBD,TBD,-120.0,53.5,-1.0,,2026-07-08T07:06:58.126610,,CWS,BOS,CWS,,,,,,,,,,,,,,,,
,,,,,,,,,,,,,,,,,Minnesota Twins,Cleveland Guardians,Minnesota Twins,TBD,TBD,TBD,-130.0,55.4,-1.1,True,2026-07-08T07:06:59.310253,,MIN,CLE,MIN,,,,,,,,,,,,,,,,
2026-07-08,,,,,,,,,,,,,,,,,Minnesota Twins,Cleveland Guardians,Minnesota Twins,,TBD,TBD,-130.0,55.4,-1.1,,2026-07-08T07:06:59.315334,,MIN,CLE,MIN,,,,,,,,,,,,,,,,
,,,,,,,,,,,,,,,,,St. Louis Cardinals,Milwaukee Brewers,St. Louis Cardinals,TBD,TBD,TBD,114.0,47.5,0.8,True,2026-07-08T07:07:00.500915,,STL,MIL,STL,,,,,,,,,,,,,,,,
2026-07-08,,,,,,,,,,,,,,,,,St. Louis Cardinals,Milwaukee Brewers,St. Louis Cardinals,,TBD,TBD,114.0,47.5,0.8,,2026-07-08T07:07:00.506218,,STL,MIL,STL,,,,,,,,,,,,,,,,
,,,,,,,,,,,,,,,,,Texas Rangers,Los Angeles Angels,Texas Rangers,TBD,TBD,TBD,-152.0,57.2,-3.1,True,2026-07-08T07:07:01.659876,,TEX,LAA,TEX,,,,,,,,,,,,,,,,
2026-07-08,,,,,,,,,,,,,,,,,Texas Rangers,Los Angeles Angels,Texas Rangers,,TBD,TBD,-152.0,57.2,-3.1,,2026-07-08T07:07:01.665259,,TEX,LAA,TEX,,,,,,,,,,,,,,,,
,,,,,,,,,,,,,,,,,San Diego Padres,Arizona Diamondbacks,San Diego Padres,TBD,TBD,TBD,-142.0,56.8,-1.9,True,2026-07-08T07:07:02.837017,,SD,ARI,SD,,,,,,,,,,,,,,,,
2026-07-08,,,,,,,,,,,,,,,,,San Diego Padres,Arizona Diamondbacks,San Diego Padres,,TBD,TBD,-142.0,56.8,-1.9,,2026-07-08T07:07:02.842291,,SD,ARI,SD,,,,,,,,,,,,,,,,
,,,,,,,,,,,,,,,,,Los Angeles Dodgers,Colorado Rockies,Los Angeles Dodgers,TBD,TBD,TBD,-250.0,65.8,-5.6,True,2026-07-08T07:07:04.012924,,LAD,COL,LAD,,,,,,,,,,,,,,,,
2026-07-08,,,,,,,,,,,,,,,,,Los Angeles Dodgers,Colorado Rockies,Los Angeles Dodgers,,TBD,TBD,-250.0,65.8,-5.6,,2026-07-08T07:07:04.018339,,LAD,COL,LAD,,,,,,,,,,,,,,,,
,,,,,,,,,,,,,,,,,San Francisco Giants,Toronto Blue Jays,San Francisco Giants,TBD,TBD,TBD,-102.0,50.3,-0.2,True,2026-07-08T07:41:14.837328,,SF,TOR,SF,,,,,,,,,,,,,,,,
2026-07-08,,,,,,,,,,,,,,,,,San Francisco Giants,Toronto Blue Jays,San Francisco Giants,,TBD,TBD,-102.0,50.3,-0.2,,2026-07-08T07:41:14.844032,,SF,TOR,SF,,,,,,,,,,,,,,,,
,,,,,,,,,,,,,,,,,Baltimore Orioles,Chicago Cubs,Baltimore Orioles,TBD,TBD,TBD,-130.0,54.8,-1.7,True,2026-07-08T07:41:16.191728,,BAL,CHC,BAL,,,,,,,,,,,,,,,,
2026-07-08,,,,,,,,,,,,,,,,,Baltimore Orioles,Chicago Cubs,Baltimore Orioles,,TBD,TBD,-130.0,54.8,-1.7,,2026-07-08T07:41:16.196720,,BAL,CHC,BAL,,,,,,,,,,,,,,,,
,,,,,,,,,,,,,,,,,Detroit Tigers,Athletics,Detroit Tigers,TBD,TBD,TBD,-158.0,58.3,-3.0,True,2026-07-08T07:41:17.705297,,DET,OAK,DET,,,,,,,,,,,,,,,,
2026-07-08,,,,,,,,,,,,,,,,,Detroit Tigers,Athletics,Detroit Tigers,,TBD,TBD,-158.0,58.3,-3.0,,2026-07-08T07:41:17.710345,,DET,OAK,DET,,,,,,,,,,,,,,,,
,,,,,,,,,,,,,,,,,Pittsburgh Pirates,Atlanta Braves,Pittsburgh Pirates,TBD,TBD,TBD,-120.0,53.1,-1.5,True,2026-07-08T07:41:19.176018,,PIT,ATL,PIT,,,,,,,,,,,,,,,,
2026-07-08,,,,,,,,,,,,,,,,,Pittsburgh Pirates,Atlanta Braves,Pittsburgh Pirates,,TBD,TBD,-120.0,53.1,-1.5,,2026-07-08T07:41:19.182195,,PIT,ATL,PIT,,,,,,,,,,,,,,,,
,,,,,,,,,,,,,,,,,Miami Marlins,Seattle Mariners,Miami Marlins,TBD,TBD,TBD,110.0,48.2,0.5,True,2026-07-08T07:41:20.501332,,MIA,SEA,MIA,,,,,,,,,,,,,,,,
2026-07-08,,,,,,,,,,,,,,,,,Miami Marlins,Seattle Mariners,Miami Marlins,,TBD,TBD,110.0,48.2,0.5,,2026-07-08T07:41:20.506322,,MIA,SEA,MIA,,,,,,,,,,,,,,,,
,,,,,,,,,,,,,,,,,Tampa Bay Rays,New York Yankees,Tampa Bay Rays,TBD,TBD,TBD,-130.0,54.8,-1.7,True,2026-07-08T07:41:21.767168,,TB,NYY,TB,,,,,,,,,,,,,,,,
2026-07-08,,,,,,,,,,,,,,,,,Tampa Bay Rays,New York Yankees,Tampa Bay Rays,,TBD,TBD,-130.0,54.8,-1.7,,2026-07-08T07:41:21.772091,,TB,NYY,TB,,,,,,,,,,,,,,,,
,,,,,,,,,,,,,,,,,Washington Nationals,Houston Astros,Washington Nationals,TBD,TBD,TBD,-134.0,56.2,-1.1,True,2026-07-08T07:41:23.171344,,WSH,HOU,WSH,,,,,,,,,,,,,,,,
2026-07-08,,,,,,,,,,,,,,,,,Washington Nationals,Houston Astros,Washington Nationals,,TBD,TBD,-134.0,56.2,-1.1,,2026-07-08T07:41:23.176305,,WSH,HOU,WSH,,,,,,,,,,,,,,,,
,,,,,,,,,,,,,,,,,Cincinnati Reds,Philadelphia Phillies,Cincinnati Reds,TBD,TBD,TBD,-142.0,56.7,-2.0,True,2026-07-08T07:41:24.731840,,CIN,PHI,CIN,,,,,,,,,,,,,,,,
2026-07-08,,,,,,,,,,,,,,,,,Cincinnati Reds,Philadelphia Phillies,Cincinnati Reds,,TBD,TBD,-142.0,56.7,-2.0,,2026-07-08T07:41:24.737001,,CIN,PHI,CIN,,,,,,,,,,,,,,,,
,,,,,,,,,,,,,,,,,New York Mets,Kansas City Royals,New York Mets,TBD,TBD,TBD,-146.0,56.7,-2.7,True,2026-07-08T07:41:26.128941,,NYM,KC,NYM,,,,,,,,,,,,,,,,
2026-07-08,,,,,,,,,,,,,,,,,New York Mets,Kansas City Royals,New York Mets,,TBD,TBD,-146.0,56.7,-2.7,,2026-07-08T07:41:26.133946,,NYM,KC,NYM,,,,,,,,,,,,,,,,
,,,,,,,,,,,,,,,,,Chicago White Sox,Boston Red Sox,Chicago White Sox,TBD,TBD,TBD,-120.0,53.6,-1.0,True,2026-07-08T07:41:27.448318,,CWS,BOS,CWS,,,,,,,,,,,,,,,,
2026-07-08,,,,,,,,,,,,,,,,,Chicago White Sox,Boston Red Sox,Chicago White Sox,,TBD,TBD,-120.0,53.6,-1.0,,2026-07-08T07:41:27.453434,,CWS,BOS,CWS,,,,,,,,,,,,,,,,
,,,,,,,,,,,,,,,,,Minnesota Twins,Cleveland Guardians,Minnesota Twins,TBD,TBD,TBD,-130.0,55.2,-1.3,True,2026-07-08T07:41:29.622341,,MIN,CLE,MIN,,,,,,,,,,,,,,,,
2026-07-08,,,,,,,,,,,,,,,,,Minnesota Twins,Cleveland Guardians,Minnesota Twins,,TBD,TBD,-130.0,55.2,-1.3,,2026-07-08T07:41:29.627546,,MIN,CLE,MIN,,,,,,,,,,,,,,,,
,,,,,,,,,,,,,,,,,St. Louis Cardinals,Milwaukee Brewers,St. Louis Cardinals,TBD,TBD,TBD,114.0,46.9,0.1,True,2026-07-08T07:41:31.551426,,STL,MIL,STL,,,,,,,,,,,,,,,,
2026-07-08,,,,,,,,,,,,,,,,,St. Louis Cardinals,Milwaukee Brewers,St. Louis Cardinals,,TBD,TBD,114.0,46.9,0.1,,2026-07-08T07:41:31.556473,,STL,MIL,STL,,,,,,,,,,,,,,,,
,,,,,,,,,,,,,,,,,Texas Rangers,Los Angeles Angels,Texas Rangers,TBD,TBD,TBD,-156.0,58.4,-2.6,True,2026-07-08T07:41:33.362857,,TEX,LAA,TEX,,,,,,,,,,,,,,,,
2026-07-08,,,,,,,,,,,,,,,,,Texas Rangers,Los Angeles Angels,Texas Rangers,,TBD,TBD,-156.0,58.4,-2.6,,2026-07-08T07:41:33.367885,,TEX,LAA,TEX,,,,,,,,,,,,,,,,
,,,,,,,,,,,,,,,,,San Diego Padres,Arizona Diamondbacks,San Diego Padres,TBD,TBD,TBD,-142.0,56.4,-2.3,True,2026-07-08T07:41:35.147083,,SD,ARI,SD,,,,,,,,,,,,,,,,
2026-07-08,,,,,,,,,,,,,,,,,San Diego Padres,Arizona Diamondbacks,San Diego Padres,,TBD,TBD,-142.0,56.4,-2.3,,2026-07-08T07:41:35.152242,,SD,ARI,SD,,,,,,,,,,,,,,,,
,,,,,,,,,,,,,,,,,Los Angeles Dodgers,Colorado Rockies,Los Angeles Dodgers,TBD,TBD,TBD,-260.0,66.5,-5.7,True,2026-07-08T07:41:37.536459,,LAD,COL,LAD,,,,,,,,,,,,,,,,
2026-07-08,,,,,,,,,,,,,,,,,Los Angeles Dodgers,Colorado Rockies,Los Angeles Dodgers,,TBD,TBD,-260.0,66.5,-5.7,,2026-07-08T07:41:37.541636,,LAD,COL,LAD,,,,,,,,,,,,,,,,
,,,,,,,,,,,,,,,,,San Francisco Giants,Toronto Blue Jays,San Francisco Giants,TBD,TBD,TBD,100.0,49.5,-0.5,True,2026-07-08T10:51:18.777568,,SF,TOR,SF,,,,,,,,,,,,,,,,
2026-07-08,,,,,,,,,,,,,,,,,San Francisco Giants,Toronto Blue Jays,San Francisco Giants,,TBD,TBD,100.0,49.5,-0.5,,2026-07-08T10:51:18.784821,,SF,TOR,SF,,,,,,,,,,,,,,,,
,,,,,,,,,,,,,,,,,Baltimore Orioles,Chicago Cubs,Baltimore Orioles,TBD,TBD,TBD,-126.0,54.6,-1.1,True,2026-07-08T10:51:20.219073,,BAL,CHC,BAL,,,,,,,,,,,,,,,,
2026-07-08,,,,,,,,,,,,,,,,,Baltimore Orioles,Chicago Cubs,Baltimore Orioles,,TBD,TBD,-126.0,54.6,-1.1,,2026-07-08T10:51:20.224130,,BAL,CHC,BAL,,,,,,,,,,,,,,,,
,,,,,,,,,,,,,,,,,Detroit Tigers,Athletics,Detroit Tigers,TBD,TBD,TBD,-144.0,56.4,-2.6,True,2026-07-08T10:51:21.682247,,DET,OAK,DET,,,,,,,,,,,,,,,,
2026-07-08,,,,,,,,,,,,,,,,,Detroit Tigers,Athletics,Detroit Tigers,,TBD,TBD,-144.0,56.4,-2.6,,2026-07-08T10:51:21.687367,,DET,OAK,DET,,,,,,,,,,,,,,,,
,,,,,,,,,,,,,,,,,Pittsburgh Pirates,Atlanta Braves,Pittsburgh Pirates,TBD,TBD,TBD,-120.0,53.5,-1.1,True,2026-07-08T10:51:23.206827,,PIT,ATL,PIT,,,,,,,,,,,,,,,,
2026-07-08,,,,,,,,,,,,,,,,,Pittsburgh Pirates,Atlanta Braves,Pittsburgh Pirates,,TBD,TBD,-120.0,53.5,-1.1,,2026-07-08T10:51:23.211901,,PIT,ATL,PIT,,,,,,,,,,,,,,,,
,,,,,,,,,,,,,,,,,Miami Marlins,Seattle Mariners,Miami Marlins,TBD,TBD,TBD,112.0,47.9,0.7,True,2026-07-08T10:51:24.647241,,MIA,SEA,MIA,,,,,,,,,,,,,,,,
2026-07-08,,,,,,,,,,,,,,,,,Miami Marlins,Seattle Mariners,Miami Marlins,,TBD,TBD,112.0,47.9,0.7,,2026-07-08T10:51:24.652565,,MIA,SEA,MIA,,,,,,,,,,,,,,,,
,,,,,,,,,,,,,,,,,Tampa Bay Rays,New York Yankees,Tampa Bay Rays,TBD,TBD,TBD,-120.0,53.0,-1.5,True,2026-07-08T10:51:26.175672,,TB,NYY,TB,,,,,,,,,,,,,,,,
2026-07-08,,,,,,,,,,,,,,,,,Tampa Bay Rays,New York Yankees,Tampa Bay Rays,,TBD,TBD,-120.0,53.0,-1.5,,2026-07-08T10:51:26.180852,,TB,NYY,TB,,,,,,,,,,,,,,,,
,,,,,,,,,,,,,,,,,Washington Nationals,Houston Astros,Washington Nationals,TBD,TBD,TBD,-134.0,55.5,-1.7,True,2026-07-08T10:51:27.608456,,WSH,HOU,WSH,,,,,,,,,,,,,,,,
2026-07-08,,,,,,,,,,,,,,,,,Washington Nationals,Houston Astros,Washington Nationals,,TBD,TBD,-134.0,55.5,-1.7,,2026-07-08T10:51:27.613539,,WSH,HOU,WSH,,,,,,,,,,,,,,,,
,,,,,,,,,,,,,,,,,Cincinnati Reds,Philadelphia Phillies,Cincinnati Reds,TBD,TBD,TBD,-142.0,56.4,-2.2,True,2026-07-08T10:51:29.177474,,CIN,PHI,CIN,,,,,,,,,,,,,,,,
2026-07-08,,,,,,,,,,,,,,,,,Cincinnati Reds,Philadelphia Phillies,Cincinnati Reds,,TBD,TBD,-142.0,56.4,-2.2,,2026-07-08T10:51:29.182580,,CIN,PHI,CIN,,,,,,,,,,,,,,,,
,,,,,,,,,,,,,,,,,New York Mets,Kansas City Royals,New York Mets,TBD,TBD,TBD,-172.0,59.8,-3.5,True,2026-07-08T10:51:30.668440,,NYM,KC,NYM,,,,,,,,,,,,,,,,
2026-07-08,,,,,,,,,,,,,,,,,New York Mets,Kansas City Royals,New York Mets,,TBD,TBD,-172.0,59.8,-3.5,,2026-07-08T10:51:30.673742,,NYM,KC,NYM,,,,,,,,,,,,,,,,
,,,,,,,,,,,,,,,,,Chicago White Sox,Boston Red Sox,Chicago White Sox,TBD,TBD,TBD,-116.0,51.7,-2.0,True,2026-07-08T10:51:32.112486,,CWS,BOS,CWS,,,,,,,,,,,,,,,,
2026-07-08,,,,,,,,,,,,,,,,,Chicago White Sox,Boston Red Sox,Chicago White Sox,,TBD,TBD,-116.0,51.7,-2.0,,2026-07-08T10:51:32.117620,,CWS,BOS,CWS,,,,,,,,,,,,,,,,
,,,,,,,,,,,,,,,,,Minnesota Twins,Cleveland Guardians,Minnesota Twins,TBD,TBD,TBD,-130.0,55.0,-1.5,True,2026-07-08T10:51:33.710331,,MIN,CLE,MIN,,,,,,,,,,,,,,,,
2026-07-08,,,,,,,,,,,,,,,,,Minnesota Twins,Cleveland Guardians,Minnesota Twins,,TBD,TBD,-130.0,55.0,-1.5,,2026-07-08T10:51:33.715978,,MIN,CLE,MIN,,,,,,,,,,,,,,,,
,,,,,,,,,,,,,,,,,St. Louis Cardinals,Milwaukee Brewers,St. Louis Cardinals,TBD,TBD,TBD,126.0,45.8,1.5,True,2026-07-08T10:51:34.989522,,STL,MIL,STL,,,,,,,,,,,,,,,,
2026-07-08,,,,,,,,,,,,,,,,,St. Louis Cardinals,Milwaukee Brewers,St. Louis Cardinals,,TBD,TBD,126.0,45.8,1.5,,2026-07-08T10:51:34.994769,,STL,MIL,STL,,,,,,,,,,,,,,,,
,,,,,,,,,,,,,,,,,Texas Rangers,Los Angeles Angels,Texas Rangers,TBD,TBD,TBD,-152.0,57.2,-3.1,True,2026-07-08T10:51:36.694295,,TEX,LAA,TEX,,,,,,,,,,,,,,,,
2026-07-08,,,,,,,,,,,,,,,,,Texas Rangers,Los Angeles Angels,Texas Rangers,,TBD,TBD,-152.0,57.2,-3.1,,2026-07-08T10:51:36.699384,,TEX,LAA,TEX,,,,,,,,,,,,,,,,
,,,,,,,,,,,,,,,,,San Diego Padres,Arizona Diamondbacks,San Diego Padres,TBD,TBD,TBD,-142.0,56.4,-2.3,True,2026-07-08T10:51:38.138376,,SD,ARI,SD,,,,,,,,,,,,,,,,
2026-07-08,,,,,,,,,,,,,,,,,San Diego Padres,Arizona Diamondbacks,San Diego Padres,,TBD,TBD,-142.0,56.4,-2.3,,2026-07-08T10:51:38.143534,,SD,ARI,SD,,,,,,,,,,,,,,,,
,,,,,,,,,,,,,,,,,Los Angeles Dodgers,Colorado Rockies,Los Angeles Dodgers,TBD,TBD,TBD,-245.0,64.8,-6.2,True,2026-07-08T10:51:40.250077,,LAD,COL,LAD,,,,,,,,,,,,,,,,
2026-07-08,,,,,,,,,,,,,,,,,Los Angeles Dodgers,Colorado Rockies,Los Angeles Dodgers,,TBD,TBD,-245.0,64.8,-6.2,,2026-07-08T10:51:40.259291,,LAD,COL,LAD,,,,,,,,,,,,,,,,
,,,,,,,,,,,,,,,,,San Francisco Giants,Toronto Blue Jays,San Francisco Giants,TBD,TBD,TBD,100.0,50.0,0.0,True,2026-07-08T10:53:49.156091,,SF,TOR,SF,,,,,,,,,,,,,,,,
2026-07-08,,,,,,,,,,,,,,,,,San Francisco Giants,Toronto Blue Jays,San Francisco Giants,,TBD,TBD,100.0,50.0,0.0,,2026-07-08T10:53:49.163328,,SF,TOR,SF,,,,,,,,,,,,,,,,
,,,,,,,,,,,,,,,,,Baltimore Orioles,Chicago Cubs,Baltimore Orioles,TBD,TBD,TBD,-126.0,54.2,-1.5,True,2026-07-08T10:53:50.437457,,BAL,CHC,BAL,,,,,,,,,,,,,,,,
2026-07-08,,,,,,,,,,,,,,,,,Baltimore Orioles,Chicago Cubs,Baltimore Orioles,,TBD,TBD,-126.0,54.2,-1.5,,2026-07-08T10:53:50.442960,,BAL,CHC,BAL,,,,,,,,,,,,,,,,
,,,,,,,,,,,,,,,,,Detroit Tigers,Athletics,Detroit Tigers,TBD,TBD,TBD,-144.0,56.9,-2.1,True,2026-07-08T10:53:51.868979,,DET,OAK,DET,,,,,,,,,,,,,,,,
2026-07-08,,,,,,,,,,,,,,,,,Detroit Tigers,Athletics,Detroit Tigers,,TBD,TBD,-144.0,56.9,-2.1,,2026-07-08T10:53:51.874198,,DET,OAK,DET,,,,,,,,,,,,,,,,
,,,,,,,,,,,,,,,,,Pittsburgh Pirates,Atlanta Braves,Pittsburgh Pirates,TBD,TBD,TBD,-120.0,53.6,-1.0,True,2026-07-08T10:53:53.826229,,PIT,ATL,PIT,,,,,,,,,,,,,,,,
2026-07-08,,,,,,,,,,,,,,,,,Pittsburgh Pirates,Atlanta Braves,Pittsburgh Pirates,,TBD,TBD,-120.0,53.6,-1.0,,2026-07-08T10:53:53.831459,,PIT,ATL,PIT,,,,,,,,,,,,,,,,
,,,,,,,,,,,,,,,,,Miami Marlins,Seattle Mariners,Miami Marlins,TBD,TBD,TBD,112.0,47.5,0.3,True,2026-07-08T10:53:55.236003,,MIA,SEA,MIA,,,,,,,,,,,,,,,,
2026-07-08,,,,,,,,,,,,,,,,,Miami Marlins,Seattle Mariners,Miami Marlins,,TBD,TBD,112.0,47.5,0.3,,2026-07-08T10:53:55.241354,,MIA,SEA,MIA,,,,,,,,,,,,,,,,
,,,,,,,,,,,,,,,,,Tampa Bay Rays,New York Yankees,Tampa Bay Rays,TBD,TBD,TBD,-120.0,53.4,-1.1,True,2026-07-08T10:53:56.512838,,TB,NYY,TB,,,,,,,,,,,,,,,,
2026-07-08,,,,,,,,,,,,,,,,,Tampa Bay Rays,New York Yankees,Tampa Bay Rays,,TBD,TBD,-120.0,53.4,-1.1,,2026-07-08T10:53:56.518026,,TB,NYY,TB,,,,,,,,,,,,,,,,
,,,,,,,,,,,,,,,,,Washington Nationals,Houston Astros,Washington Nationals,TBD,TBD,TBD,-134.0,55.0,-2.3,True,2026-07-08T10:53:57.835477,,WSH,HOU,WSH,,,,,,,,,,,,,,,,
2026-07-08,,,,,,,,,,,,,,,,,Washington Nationals,Houston Astros,Washington Nationals,,TBD,TBD,-134.0,55.0,-2.3,,2026-07-08T10:53:57.840659,,WSH,HOU,WSH,,,,,,,,,,,,,,,,
,,,,,,,,,,,,,,,,,Cincinnati Reds,Philadelphia Phillies,Cincinnati Reds,TBD,TBD,TBD,-142.0,56.4,-2.3,True,2026-07-08T10:53:59.145551,,CIN,PHI,CIN,,,,,,,,,,,,,,,,
2026-07-08,,,,,,,,,,,,,,,,,Cincinnati Reds,Philadelphia Phillies,Cincinnati Reds,,TBD,TBD,-142.0,56.4,-2.3,,2026-07-08T10:53:59.150718,,CIN,PHI,CIN,,,,,,,,,,,,,,,,
,,,,,,,,,,,,,,,,,New York Mets,Kansas City Royals,New York Mets,TBD,TBD,TBD,-172.0,59.5,-3.7,True,2026-07-08T10:54:00.503135,,NYM,KC,NYM,,,,,,,,,,,,,,,,
2026-07-08,,,,,,,,,,,,,,,,,New York Mets,Kansas City Royals,New York Mets,,TBD,TBD,-172.0,59.5,-3.7,,2026-07-08T10:54:00.508391,,NYM,KC,NYM,,,,,,,,,,,,,,,,
,,,,,,,,,,,,,,,,,Chicago White Sox,Boston Red Sox,Chicago White Sox,TBD,TBD,TBD,-116.0,52.8,-0.9,True,2026-07-08T10:54:02.113471,,CWS,BOS,CWS,,,,,,,,,,,,,,,,
2026-07-08,,,,,,,,,,,,,,,,,Chicago White Sox,Boston Red Sox,Chicago White Sox,,TBD,TBD,-116.0,52.8,-0.9,,2026-07-08T10:54:02.119558,,CWS,BOS,CWS,,,,,,,,,,,,,,,,
,,,,,,,,,,,,,,,,,Minnesota Twins,Cleveland Guardians,Minnesota Twins,TBD,TBD,TBD,-130.0,55.5,-1.1,True,2026-07-08T10:54:03.548886,,MIN,CLE,MIN,,,,,,,,,,,,,,,,
2026-07-08,,,,,,,,,,,,,,,,,Minnesota Twins,Cleveland Guardians,Minnesota Twins,,TBD,TBD,-130.0,55.5,-1.1,,2026-07-08T10:54:03.554121,,MIN,CLE,MIN,,,,,,,,,,,,,,,,
,,,,,,,,,,,,,,,,,St. Louis Cardinals,Milwaukee Brewers,St. Louis Cardinals,TBD,TBD,TBD,126.0,45.3,1.0,True,2026-07-08T10:54:04.924973,,STL,MIL,STL,,,,,,,,,,,,,,,,
2026-07-08,,,,,,,,,,,,,,,,,St. Louis Cardinals,Milwaukee Brewers,St. Louis Cardinals,,TBD,TBD,126.0,45.3,1.0,,2026-07-08T10:54:04.930536,,STL,MIL,STL,,,,,,,,,,,,,,,,
,,,,,,,,,,,,,,,,,Texas Rangers,Los Angeles Angels,Texas Rangers,TBD,TBD,TBD,-152.0,57.5,-2.8,True,2026-07-08T10:54:06.848318,,TEX,LAA,TEX,,,,,,,,,,,,,,,,
2026-07-08,,,,,,,,,,,,,,,,,Texas Rangers,Los Angeles Angels,Texas Rangers,,TBD,TBD,-152.0,57.5,-2.8,,2026-07-08T10:54:06.853592,,TEX,LAA,TEX,,,,,,,,,,,,,,,,
,,,,,,,,,,,,,,,,,San Diego Padres,Arizona Diamondbacks,San Diego Padres,TBD,TBD,TBD,-142.0,56.7,-2.0,True,2026-07-08T10:54:08.607642,,SD,ARI,SD,,,,,,,,,,,,,,,,
2026-07-08,,,,,,,,,,,,,,,,,San Diego Padres,Arizona Diamondbacks,San Diego Padres,,TBD,TBD,-142.0,56.7,-2.0,,2026-07-08T10:54:08.612952,,SD,ARI,SD,,,,,,,,,,,,,,,,
,,,,,,,,,,,,,,,,,San Francisco Giants,Toronto Blue Jays,San Francisco Giants,TBD,TBD,TBD,100.0,50.6,0.6,True,2026-07-08T12:47:47.569609,,SF,TOR,SF,,,,,,,,,,,,,,,,
2026-07-08,,,,,,,,,,,,,,,,,San Francisco Giants,Toronto Blue Jays,San Francisco Giants,,TBD,TBD,100.0,50.6,0.6,,2026-07-08T12:47:47.576980,,SF,TOR,SF,,,,,,,,,,,,,,,,
,,,,,,,,,,,,,,,,,Baltimore Orioles,Chicago Cubs,Baltimore Orioles,TBD,TBD,TBD,-126.0,54.0,-1.7,True,2026-07-08T12:47:48.853921,,BAL,CHC,BAL,,,,,,,,,,,,,,,,
2026-07-08,,,,,,,,,,,,,,,,,Baltimore Orioles,Chicago Cubs,Baltimore Orioles,,TBD,TBD,-126.0,54.0,-1.7,,2026-07-08T12:47:48.859419,,BAL,CHC,BAL,,,,,,,,,,,,,,,,
,,,,,,,,,,,,,,,,,Detroit Tigers,Athletics,Detroit Tigers,TBD,TBD,TBD,-134.0,55.4,-1.9,True,2026-07-08T12:47:50.114875,,DET,OAK,DET,,,,,,,,,,,,,,,,
2026-07-08,,,,,,,,,,,,,,,,,Detroit Tigers,Athletics,Detroit Tigers,,TBD,TBD,-134.0,55.4,-1.9,,2026-07-08T12:47:50.120327,,DET,OAK,DET,,,,,,,,,,,,,,,,
,,,,,,,,,,,,,,,,,Pittsburgh Pirates,Atlanta Braves,Pittsburgh Pirates,TBD,TBD,TBD,-120.0,53.1,-1.5,True,2026-07-08T12:47:51.386176,,PIT,ATL,PIT,,,,,,,,,,,,,,,,
2026-07-08,,,,,,,,,,,,,,,,,Pittsburgh Pirates,Atlanta Braves,Pittsburgh Pirates,,TBD,TBD,-120.0,53.1,-1.5,,2026-07-08T12:47:51.391516,,PIT,ATL,PIT,,,,,,,,,,,,,,,,
,,,,,,,,,,,,,,,,,Miami Marlins,Seattle Mariners,Miami Marlins,TBD,TBD,TBD,110.0,48.1,0.5,True,2026-07-08T12:47:52.634821,,MIA,SEA,MIA,,,,,,,,,,,,,,,,
2026-07-08,,,,,,,,,,,,,,,,,Miami Marlins,Seattle Mariners,Miami Marlins,,TBD,TBD,110.0,48.1,0.5,,2026-07-08T12:47:52.640119,,MIA,SEA,MIA,,,,,,,,,,,,,,,,
,,,,,,,,,,,,,,,,,Tampa Bay Rays,New York Yankees,Tampa Bay Rays,TBD,TBD,TBD,-120.0,53.7,-0.9,True,2026-07-08T12:47:53.850449,,TB,NYY,TB,,,,,,,,,,,,,,,,
2026-07-08,,,,,,,,,,,,,,,,,Tampa Bay Rays,New York Yankees,Tampa Bay Rays,,TBD,TBD,-120.0,53.7,-0.9,,2026-07-08T12:47:53.855901,,TB,NYY,TB,,,,,,,,,,,,,,,,
,,,,,,,,,,,,,,,,,Washington Nationals,Houston Astros,Washington Nationals,TBD,TBD,TBD,-134.0,55.3,-1.9,True,2026-07-08T12:47:55.217813,,WSH,HOU,WSH,,,,,,,,,,,,,,,,
2026-07-08,,,,,,,,,,,,,,,,,Washington Nationals,Houston Astros,Washington Nationals,,TBD,TBD,-134.0,55.3,-1.9,,2026-07-08T12:47:55.223282,,WSH,HOU,WSH,,,,,,,,,,,,,,,,
,,,,,,,,,,,,,,,,,Cincinnati Reds,Philadelphia Phillies,Cincinnati Reds,TBD,TBD,TBD,-142.0,56.5,-2.2,True,2026-07-08T12:47:56.415288,,CIN,PHI,CIN,,,,,,,,,,,,,,,,
2026-07-08,,,,,,,,,,,,,,,,,Cincinnati Reds,Philadelphia Phillies,Cincinnati Reds,,TBD,TBD,-142.0,56.5,-2.2,,2026-07-08T12:47:56.420763,,CIN,PHI,CIN,,,,,,,,,,,,,,,,
,,,,,,,,,,,,,,,,,New York Mets,Kansas City Royals,New York Mets,TBD,TBD,TBD,-172.0,60.3,-3.0,True,2026-07-08T12:47:57.634763,,NYM,KC,NYM,,,,,,,,,,,,,,,,
2026-07-08,,,,,,,,,,,,,,,,,New York Mets,Kansas City Royals,New York Mets,,TBD,TBD,-172.0,60.3,-3.0,,2026-07-08T12:47:57.640102,,NYM,KC,NYM,,,,,,,,,,,,,,,,
,,,,,,,,,,,,,,,,,Chicago White Sox,Boston Red Sox,Chicago White Sox,TBD,TBD,TBD,-116.0,52.6,-1.1,True,2026-07-08T12:47:58.897463,,CWS,BOS,CWS,,,,,,,,,,,,,,,,
2026-07-08,,,,,,,,,,,,,,,,,Chicago White Sox,Boston Red Sox,Chicago White Sox,,TBD,TBD,-116.0,52.6,-1.1,,2026-07-08T12:47:58.902993,,CWS,BOS,CWS,,,,,,,,,,,,,,,,
,,,,,,,,,,,,,,,,,Minnesota Twins,Cleveland Guardians,Minnesota Twins,TBD,TBD,TBD,-120.0,53.2,-1.4,True,2026-07-08T12:48:00.174908,,MIN,CLE,MIN,,,,,,,,,,,,,,,,
2026-07-08,,,,,,,,,,,,,,,,,Minnesota Twins,Cleveland Guardians,Minnesota Twins,,TBD,TBD,-120.0,53.2,-1.4,,2026-07-08T12:48:00.180311,,MIN,CLE,MIN,,,,,,,,,,,,,,,,
,,,,,,,,,,,,,,,,,St. Louis Cardinals,Milwaukee Brewers,St. Louis Cardinals,TBD,TBD,TBD,126.0,46.1,1.9,True,2026-07-08T12:48:01.476401,,STL,MIL,STL,,,,,,,,,,,,,,,,
2026-07-08,,,,,,,,,,,,,,,,,St. Louis Cardinals,Milwaukee Brewers,St. Louis Cardinals,,TBD,TBD,126.0,46.1,1.9,,2026-07-08T12:48:01.481893,,STL,MIL,STL,,,,,,,,,,,,,,,,
,,,,,,,,,,,,,,,,,Texas Rangers,Los Angeles Angels,Texas Rangers,TBD,TBD,TBD,-152.0,57.8,-2.5,True,2026-07-08T12:48:02.788720,,TEX,LAA,TEX,,,,,,,,,,,,,,,,
2026-07-08,,,,,,,,,,,,,,,,,Texas Rangers,Los Angeles Angels,Texas Rangers,,TBD,TBD,-152.0,57.8,-2.5,,2026-07-08T12:48:02.794040,,TEX,LAA,TEX,,,,,,,,,,,,,,,,
,,,,,,,,,,,,,,,,,San Diego Padres,Arizona Diamondbacks,San Diego Padres,TBD,TBD,TBD,-142.0,56.2,-2.4,True,2026-07-08T12:48:04.035134,,SD,ARI,SD,,,,,,,,,,,,,,,,
2026-07-08,,,,,,,,,,,,,,,,,San Diego Padres,Arizona Diamondbacks,San Diego Padres,,TBD,TBD,-142.0,56.2,-2.4,,2026-07-08T12:48:04.040701,,SD,ARI,SD,,,,,,,,,,,,,,,,
,,,,,,,,,,,,,,,,,Los Angeles Dodgers,Colorado Rockies,Los Angeles Dodgers,TBD,TBD,TBD,-240.0,64.9,-5.7,True,2026-07-08T12:48:05.273475,,LAD,COL,LAD,,,,,,,,,,,,,,,,
2026-07-08,,,,,,,,,,,,,,,,,Los Angeles Dodgers,Colorado Rockies,Los Angeles Dodgers,,TBD,TBD,-240.0,64.9,-5.7,,2026-07-08T12:48:05.278817,,LAD,COL,LAD,,,,,,,,,,,,,,,,
,,,,,,,,,,,,,,,,,San Francisco Giants,Toronto Blue Jays,San Francisco Giants,TBD,TBD,TBD,100.0,50.2,0.2,True,2026-07-08T12:49:58.130127,,SF,TOR,SF,,,,,,,,,,,,,,,,
2026-07-08,,,,,,,,,,,,,,,,,San Francisco Giants,Toronto Blue Jays,San Francisco Giants,,TBD,TBD,100.0,50.2,0.2,,2026-07-08T12:49:58.136856,,SF,TOR,SF,,,,,,,,,,,,,,,,
,,,,,,,,,,,,,,,,,Baltimore Orioles,Chicago Cubs,Baltimore Orioles,TBD,TBD,TBD,-126.0,54.5,-1.3,True,2026-07-08T12:49:59.762707,,BAL,CHC,BAL,,,,,,,,,,,,,,,,
2026-07-08,,,,,,,,,,,,,,,,,Baltimore Orioles,Chicago Cubs,Baltimore Orioles,,TBD,TBD,-126.0,54.5,-1.3,,2026-07-08T12:49:59.768108,,BAL,CHC,BAL,,,,,,,,,,,,,,,,
,,,,,,,,,,,,,,,,,Detroit Tigers,Athletics,Detroit Tigers,TBD,TBD,TBD,-134.0,55.3,-2.0,True,2026-07-08T12:50:01.463940,,DET,OAK,DET,,,,,,,,,,,,,,,,
2026-07-08,,,,,,,,,,,,,,,,,Detroit Tigers,Athletics,Detroit Tigers,,TBD,TBD,-134.0,55.3,-2.0,,2026-07-08T12:50:01.469416,,DET,OAK,DET,,,,,,,,,,,,,,,,
,,,,,,,,,,,,,,,,,Pittsburgh Pirates,Atlanta Braves,Pittsburgh Pirates,TBD,TBD,TBD,-120.0,53.4,-1.2,True,2026-07-08T12:50:03.008283,,PIT,ATL,PIT,,,,,,,,,,,,,,,,
2026-07-08,,,,,,,,,,,,,,,,,Pittsburgh Pirates,Atlanta Braves,Pittsburgh Pirates,,TBD,TBD,-120.0,53.4,-1.2,,2026-07-08T12:50:03.013489,,PIT,ATL,PIT,,,,,,,,,,,,,,,,
,,,,,,,,,,,,,,,,,Miami Marlins,Seattle Mariners,Miami Marlins,TBD,TBD,TBD,110.0,48.7,1.1,True,2026-07-08T12:50:05.104336,,MIA,SEA,MIA,,,,,,,,,,,,,,,,
2026-07-08,,,,,,,,,,,,,,,,,Miami Marlins,Seattle Mariners,Miami Marlins,,TBD,TBD,110.0,48.7,1.1,,2026-07-08T12:50:05.109772,,MIA,SEA,MIA,,,,,,,,,,,,,,,,
,,,,,,,,,,,,,,,,,Tampa Bay Rays,New York Yankees,Tampa Bay Rays,TBD,TBD,TBD,-118.0,53.3,-0.8,True,2026-07-08T12:50:06.711937,,TB,NYY,TB,,,,,,,,,,,,,,,,
2026-07-08,,,,,,,,,,,,,,,,,Tampa Bay Rays,New York Yankees,Tampa Bay Rays,,TBD,TBD,-118.0,53.3,-0.8,,2026-07-08T12:50:06.717228,,TB,NYY,TB,,,,,,,,,,,,,,,,
,,,,,,,,,,,,,,,,,Washington Nationals,Houston Astros,Washington Nationals,TBD,TBD,TBD,-134.0,55.3,-2.0,True,2026-07-08T12:50:08.256612,,WSH,HOU,WSH,,,,,,,,,,,,,,,,
2026-07-08,,,,,,,,,,,,,,,,,Washington Nationals,Houston Astros,Washington Nationals,,TBD,TBD,-134.0,55.3,-2.0,,2026-07-08T12:50:08.261866,,WSH,HOU,WSH,,,,,,,,,,,,,,,,
,,,,,,,,,,,,,,,,,Cincinnati Reds,Philadelphia Phillies,Cincinnati Reds,TBD,TBD,TBD,-142.0,56.3,-2.4,True,2026-07-08T12:50:09.827057,,CIN,PHI,CIN,,,,,,,,,,,,,,,,
2026-07-08,,,,,,,,,,,,,,,,,Cincinnati Reds,Philadelphia Phillies,Cincinnati Reds,,TBD,TBD,-142.0,56.3,-2.4,,2026-07-08T12:50:09.833609,,CIN,PHI,CIN,,,,,,,,,,,,,,,,
,,,,,,,,,,,,,,,,,New York Mets,Kansas City Royals,New York Mets,TBD,TBD,TBD,-172.0,59.3,-3.9,True,2026-07-08T12:50:11.345029,,NYM,KC,NYM,,,,,,,,,,,,,,,,
2026-07-08,,,,,,,,,,,,,,,,,New York Mets,Kansas City Royals,New York Mets,,TBD,TBD,-172.0,59.3,-3.9,,2026-07-08T12:50:11.350480,,NYM,KC,NYM,,,,,,,,,,,,,,,,
,,,,,,,,,,,,,,,,,Chicago White Sox,Boston Red Sox,Chicago White Sox,TBD,TBD,TBD,-116.0,52.2,-1.5,True,2026-07-08T12:50:12.868218,,CWS,BOS,CWS,,,,,,,,,,,,,,,,
2026-07-08,,,,,,,,,,,,,,,,,Chicago White Sox,Boston Red Sox,Chicago White Sox,,TBD,TBD,-116.0,52.2,-1.5,,2026-07-08T12:50:12.873554,,CWS,BOS,CWS,,,,,,,,,,,,,,,,
,,,,,,,,,,,,,,,,,Minnesota Twins,Cleveland Guardians,Minnesota Twins,TBD,TBD,TBD,-120.0,53.1,-1.5,True,2026-07-08T12:50:14.354970,,MIN,CLE,MIN,,,,,,,,,,,,,,,,
2026-07-08,,,,,,,,,,,,,,,,,Minnesota Twins,Cleveland Guardians,Minnesota Twins,,TBD,TBD,-120.0,53.1,-1.5,,2026-07-08T12:50:14.360299,,MIN,CLE,MIN,,,,,,,,,,,,,,,,
,,,,,,,,,,,,,,,,,St. Louis Cardinals,Milwaukee Brewers,St. Louis Cardinals,TBD,TBD,TBD,126.0,46.0,1.8,True,2026-07-08T12:50:15.937828,,STL,MIL,STL,,,,,,,,,,,,,,,,
2026-07-08,,,,,,,,,,,,,,,,,St. Louis Cardinals,Milwaukee Brewers,St. Louis Cardinals,,TBD,TBD,126.0,46.0,1.8,,2026-07-08T12:50:15.943208,,STL,MIL,STL,,,,,,,,,,,,,,,,
,,,,,,,,,,,,,,,,,Texas Rangers,Los Angeles Angels,Texas Rangers,TBD,TBD,TBD,-152.0,57.8,-2.6,True,2026-07-08T12:50:17.434691,,TEX,LAA,TEX,,,,,,,,,,,,,,,,
2026-07-08,,,,,,,,,,,,,,,,,Texas Rangers,Los Angeles Angels,Texas Rangers,,TBD,TBD,-152.0,57.8,-2.6,,2026-07-08T12:50:17.439984,,TEX,LAA,TEX,,,,,,,,,,,,,,,,
,,,,,,,,,,,,,,,,,San Diego Padres,Arizona Diamondbacks,San Diego Padres,TBD,TBD,TBD,-142.0,56.1,-2.6,True,2026-07-08T12:50:18.939989,,SD,ARI,SD,,,,,,,,,,,,,,,,
2026-07-08,,,,,,,,,,,,,,,,,San Diego Padres,Arizona Diamondbacks,San Diego Padres,,TBD,TBD,-142.0,56.1,-2.6,,2026-07-08T12:50:18.945359,,SD,ARI,SD,,,,,,,,,,,,,,,,
,,,,,,,,,,,,,,,,,Los Angeles Dodgers,Colorado Rockies,Los Angeles Dodgers,TBD,TBD,TBD,-240.0,65.2,-5.4,True,2026-07-08T12:50:20.507714,,LAD,COL,LAD,,,,,,,,,,,,,,,,
2026-07-08,,,,,,,,,,,,,,,,,Los Angeles Dodgers,Colorado Rockies,Los Angeles Dodgers,,TBD,TBD,-240.0,65.2,-5.4,,2026-07-08T12:50:20.513032,,LAD,COL,LAD,,,,,,,,,,,,,,,,
,,,,,,,,,,,,,,,,,San Francisco Giants,Toronto Blue Jays,San Francisco Giants,TBD,TBD,TBD,108.0,49.0,0.9,True,2026-07-08T14:27:58.166086,,SF,TOR,SF,,,,,,,,,,,,,,,,
2026-07-08,,,,,,,,,,,,,,,,,San Francisco Giants,Toronto Blue Jays,San Francisco Giants,,TBD,TBD,108.0,49.0,0.9,,2026-07-08T14:27:58.173044,,SF,TOR,SF,,,,,,,,,,,,,,,,
,,,,,,,,,,,,,,,,,Baltimore Orioles,Chicago Cubs,Baltimore Orioles,TBD,TBD,TBD,-126.0,54.5,-1.2,True,2026-07-08T14:27:59.597988,,BAL,CHC,BAL,,,,,,,,,,,,,,,,
2026-07-08,,,,,,,,,,,,,,,,,Baltimore Orioles,Chicago Cubs,Baltimore Orioles,,TBD,TBD,-126.0,54.5,-1.2,,2026-07-08T14:27:59.603500,,BAL,CHC,BAL,,,,,,,,,,,,,,,,
,,,,,,,,,,,,,,,,,Detroit Tigers,Athletics,Detroit Tigers,TBD,TBD,TBD,-134.0,55.6,-1.6,True,2026-07-08T14:28:01.051800,,DET,OAK,DET,,,,,,,,,,,,,,,,
2026-07-08,,,,,,,,,,,,,,,,,Detroit Tigers,Athletics,Detroit Tigers,,TBD,TBD,-134.0,55.6,-1.6,,2026-07-08T14:28:01.058650,,DET,OAK,DET,,,,,,,,,,,,,,,,
,,,,,,,,,,,,,,,,,Pittsburgh Pirates,Atlanta Braves,Pittsburgh Pirates,TBD,TBD,TBD,-120.0,53.7,-0.9,True,2026-07-08T14:28:02.474287,,PIT,ATL,PIT,,,,,,,,,,,,,,,,
2026-07-08,,,,,,,,,,,,,,,,,Pittsburgh Pirates,Atlanta Braves,Pittsburgh Pirates,,TBD,TBD,-120.0,53.7,-0.9,,2026-07-08T14:28:02.479833,,PIT,ATL,PIT,,,,,,,,,,,,,,,,
,,,,,,,,,,,,,,,,,Miami Marlins,Seattle Mariners,Miami Marlins,TBD,TBD,TBD,110.0,48.5,0.9,True,2026-07-08T14:28:03.739993,,MIA,SEA,MIA,,,,,,,,,,,,,,,,
2026-07-08,,,,,,,,,,,,,,,,,Miami Marlins,Seattle Mariners,Miami Marlins,,TBD,TBD,110.0,48.5,0.9,,2026-07-08T14:28:03.745399,,MIA,SEA,MIA,,,,,,,,,,,,,,,,
,,,,,,,,,,,,,,,,,Tampa Bay Rays,New York Yankees,Tampa Bay Rays,TBD,TBD,TBD,-118.0,53.4,-0.7,True,2026-07-08T14:28:06.003951,,TB,NYY,TB,,,,,,,,,,,,,,,,
2026-07-08,,,,,,,,,,,,,,,,,Tampa Bay Rays,New York Yankees,Tampa Bay Rays,,TBD,TBD,-118.0,53.4,-0.7,,2026-07-08T14:28:06.009455,,TB,NYY,TB,,,,,,,,,,,,,,,,
,,,,,,,,,,,,,,,,,Washington Nationals,Houston Astros,Washington Nationals,TBD,TBD,TBD,-134.0,55.2,-2.1,True,2026-07-08T14:28:07.436936,,WSH,HOU,WSH,,,,,,,,,,,,,,,,
2026-07-08,,,,,,,,,,,,,,,,,Washington Nationals,Houston Astros,Washington Nationals,,TBD,TBD,-134.0,55.2,-2.1,,2026-07-08T14:28:07.442386,,WSH,HOU,WSH,,,,,,,,,,,,,,,,
,,,,,,,,,,,,,,,,,Cincinnati Reds,Philadelphia Phillies,Cincinnati Reds,TBD,TBD,TBD,-142.0,56.5,-2.2,True,2026-07-08T14:28:08.884676,,CIN,PHI,CIN,,,,,,,,,,,,,,,,
2026-07-08,,,,,,,,,,,,,,,,,Cincinnati Reds,Philadelphia Phillies,Cincinnati Reds,,TBD,TBD,-142.0,56.5,-2.2,,2026-07-08T14:28:08.890135,,CIN,PHI,CIN,,,,,,,,,,,,,,,,
,,,,,,,,,,,,,,,,,New York Mets,Kansas City Royals,New York Mets,TBD,TBD,TBD,-172.0,59.7,-3.6,True,2026-07-08T14:28:10.300907,,NYM,KC,NYM,,,,,,,,,,,,,,,,
2026-07-08,,,,,,,,,,,,,,,,,New York Mets,Kansas City Royals,New York Mets,,TBD,TBD,-172.0,59.7,-3.6,,2026-07-08T14:28:10.306290,,NYM,KC,NYM,,,,,,,,,,,,,,,,
,,,,,,,,,,,,,,,,,Chicago White Sox,Boston Red Sox,Chicago White Sox,TBD,TBD,TBD,-116.0,52.5,-1.2,True,2026-07-08T14:28:11.915670,,CWS,BOS,CWS,,,,,,,,,,,,,,,,
2026-07-08,,,,,,,,,,,,,,,,,Chicago White Sox,Boston Red Sox,Chicago White Sox,,TBD,TBD,-116.0,52.5,-1.2,,2026-07-08T14:28:11.921225,,CWS,BOS,CWS,,,,,,,,,,,,,,,,
,,,,,,,,,,,,,,,,,Minnesota Twins,Cleveland Guardians,Minnesota Twins,TBD,TBD,TBD,-120.0,53.8,-0.7,True,2026-07-08T14:28:13.363298,,MIN,CLE,MIN,,,,,,,,,,,,,,,,
2026-07-08,,,,,,,,,,,,,,,,,Minnesota Twins,Cleveland Guardians,Minnesota Twins,,TBD,TBD,-120.0,53.8,-0.7,,2026-07-08T14:28:13.368820,,MIN,CLE,MIN,,,,,,,,,,,,,,,,
,,,,,,,,,,,,,,,,,St. Louis Cardinals,Milwaukee Brewers,St. Louis Cardinals,TBD,TBD,TBD,128.0,45.5,1.7,True,2026-07-08T14:28:14.783711,,STL,MIL,STL,,,,,,,,,,,,,,,,
2026-07-08,,,,,,,,,,,,,,,,,St. Louis Cardinals,Milwaukee Brewers,St. Louis Cardinals,,TBD,TBD,128.0,45.5,1.7,,2026-07-08T14:28:14.789268,,STL,MIL,STL,,,,,,,,,,,,,,,,
,,,,,,,,,,,,,,,,,Texas Rangers,Los Angeles Angels,Texas Rangers,TBD,TBD,TBD,-152.0,57.9,-2.4,True,2026-07-08T14:28:16.138861,,TEX,LAA,TEX,,,,,,,,,,,,,,,,
2026-07-08,,,,,,,,,,,,,,,,,Texas Rangers,Los Angeles Angels,Texas Rangers,,TBD,TBD,-152.0,57.9,-2.4,,2026-07-08T14:28:16.144515,,TEX,LAA,TEX,,,,,,,,,,,,,,,,
,,,,,,,,,,,,,,,,,San Diego Padres,Arizona Diamondbacks,San Diego Padres,TBD,TBD,TBD,-142.0,56.5,-2.2,True,2026-07-08T14:28:17.414164,,SD,ARI,SD,,,,,,,,,,,,,,,,
2026-07-08,,,,,,,,,,,,,,,,,San Diego Padres,Arizona Diamondbacks,San Diego Padres,,TBD,TBD,-142.0,56.5,-2.2,,2026-07-08T14:28:17.419724,,SD,ARI,SD,,,,,,,,,,,,,,,,
,,,,,,,,,,,,,,,,,Los Angeles Dodgers,Colorado Rockies,Los Angeles Dodgers,TBD,TBD,TBD,-240.0,64.5,-6.1,True,2026-07-08T14:28:18.797255,,LAD,COL,LAD,,,,,,,,,,,,,,,,
2026-07-08,,,,,,,,,,,,,,,,,Los Angeles Dodgers,Colorado Rockies,Los Angeles Dodgers,,TBD,TBD,-240.0,64.5,-6.1,,2026-07-08T14:28:18.802792,,LAD,COL,LAD,,,,,,,,,,,,,,,,
,,,,,,,,,,,,,,,,,Pittsburgh Pirates,Atlanta Braves,Pittsburgh Pirates,TBD,TBD,TBD,-102.0,49.9,-0.6,True,2026-07-08T14:28:20.402496,,PIT,ATL,PIT,,,,,,,,,,,,,,,,
2026-07-08,,,,,,,,,,,,,,,,,Pittsburgh Pirates,Atlanta Braves,Pittsburgh Pirates,,TBD,TBD,-102.0,49.9,-0.6,,2026-07-08T14:28:20.407956,,PIT,ATL,PIT,,,,,,,,,,,,,,,,
,,,,,,,,,,,,,,,,,New York Mets,Kansas City Royals,New York Mets,TBD,TBD,TBD,-146.0,56.9,-2.5,True,2026-07-08T14:28:21.840478,,NYM,KC,NYM,,,,,,,,,,,,,,,,
2026-07-08,,,,,,,,,,,,,,,,,New York Mets,Kansas City Royals,New York Mets,,TBD,TBD,-146.0,56.9,-2.5,,2026-07-08T14:28:21.845974,,NYM,KC,NYM,,,,,,,,,,,,,,,,
,,,,,,,,,,,,,,,,,Baltimore Orioles,Chicago Cubs,Baltimore Orioles,TBD,TBD,TBD,-126.0,53.9,-1.9,True,2026-07-08T14:28:23.288132,,BAL,CHC,BAL,,,,,,,,,,,,,,,,
2026-07-08,,,,,,,,,,,,,,,,,Baltimore Orioles,Chicago Cubs,Baltimore Orioles,,TBD,TBD,-126.0,53.9,-1.9,,2026-07-08T14:28:23.293545,,BAL,CHC,BAL,,,,,,,,,,,,,,,,
,,,,,,,,,,,,,,,,,Detroit Tigers,Athletics,Detroit Tigers,TBD,TBD,TBD,-142.0,56.1,-2.6,True,2026-07-08T14:28:24.598513,,DET,OAK,DET,,,,,,,,,,,,,,,,
2026-07-08,,,,,,,,,,,,,,,,,Detroit Tigers,Athletics,Detroit Tigers,,TBD,TBD,-142.0,56.1,-2.6,,2026-07-08T14:28:24.604094,,DET,OAK,DET,,,,,,,,,,,,,,,,
,,,,,,,,,,,,,,,,,Cincinnati Reds,Philadelphia Phillies,Cincinnati Reds,TBD,TBD,TBD,138.0,43.3,1.3,True,2026-07-08T14:28:25.944480,,CIN,PHI,CIN,,,,,,,,,,,,,,,,
2026-07-08,,,,,,,,,,,,,,,,,Cincinnati Reds,Philadelphia Phillies,Cincinnati Reds,,TBD,TBD,138.0,43.3,1.3,,2026-07-08T14:28:25.950055,,CIN,PHI,CIN,,,,,,,,,,,,,,,,
,,,,,,,,,,,,,,,,,St. Louis Cardinals,Milwaukee Brewers,St. Louis Cardinals,TBD,TBD,TBD,108.0,48.6,0.6,True,2026-07-08T14:28:27.328870,,STL,MIL,STL,,,,,,,,,,,,,,,,
2026-07-08,,,,,,,,,,,,,,,,,St. Louis Cardinals,Milwaukee Brewers,St. Louis Cardinals,,TBD,TBD,108.0,48.6,0.6,,2026-07-08T14:28:27.336729,,STL,MIL,STL,,,,,,,,,,,,,,,,
,,,,,,,,,,,,,,,,,Texas Rangers,Los Angeles Angels,Texas Rangers,TBD,TBD,TBD,-142.0,56.5,-2.2,True,2026-07-08T14:28:28.644580,,TEX,LAA,TEX,,,,,,,,,,,,,,,,
2026-07-08,,,,,,,,,,,,,,,,,Texas Rangers,Los Angeles Angels,Texas Rangers,,TBD,TBD,-142.0,56.5,-2.2,,2026-07-08T14:28:28.651205,,TEX,LAA,TEX,,,,,,,,,,,,,,,,
,,,,,,,,,,,,,,,,,San Diego Padres,Arizona Diamondbacks,San Diego Padres,TBD,TBD,TBD,-130.0,55.0,-1.5,True,2026-07-08T15:55:18.204188,,SD,ARI,SD,,,,,,,,,,,,,,,,
2026-07-08,,,,,,,,,,,,,,,,,San Diego Padres,Arizona Diamondbacks,San Diego Padres,,TBD,TBD,-130.0,55.0,-1.5,,2026-07-08T15:55:18.214628,,SD,ARI,SD,,,,,,,,,,,,,,,,
,,,,,,,,,,,,,,,,,San Francisco Giants,Toronto Blue Jays,San Francisco Giants,TBD,TBD,TBD,1400.0,20.5,13.9,True,2026-07-08T16:58:27.270799,,SF,TOR,SF,,,,,,,,,,,,,,,,
2026-07-08,,,,,,,,,,,,,,,,,San Francisco Giants,Toronto Blue Jays,San Francisco Giants,,TBD,TBD,1400.0,20.5,13.9,,2026-07-08T16:58:27.278092,,SF,TOR,SF,,,,,,,,,,,,,,,,
,,,,,,,,,,,,,,,,,Baltimore Orioles,Chicago Cubs,Baltimore Orioles,TBD,TBD,TBD,-126.0,53.6,-2.1,True,2026-07-08T16:58:28.294929,,BAL,CHC,BAL,,,,,,,,,,,,,,,,
2026-07-08,,,,,,,,,,,,,,,,,Baltimore Orioles,Chicago Cubs,Baltimore Orioles,,TBD,TBD,-126.0,53.6,-2.1,,2026-07-08T16:58:28.300445,,BAL,CHC,BAL,,,,,,,,,,,,,,,,
,,,,,,,,,,,,,,,,,Detroit Tigers,Athletics,Detroit Tigers,TBD,TBD,TBD,-134.0,55.8,-1.5,True,2026-07-08T16:58:29.336081,,DET,OAK,DET,,,,,,,,,,,,,,,,
2026-07-08,,,,,,,,,,,,,,,,,Detroit Tigers,Athletics,Detroit Tigers,,TBD,TBD,-134.0,55.8,-1.5,,2026-07-08T16:58:29.341530,,DET,OAK,DET,,,,,,,,,,,,,,,,
,,,,,,,,,,,,,,,,,Pittsburgh Pirates,Atlanta Braves,Pittsburgh Pirates,TBD,TBD,TBD,-120.0,53.0,-1.5,True,2026-07-08T16:58:30.380224,,PIT,ATL,PIT,,,,,,,,,,,,,,,,
2026-07-08,,,,,,,,,,,,,,,,,Pittsburgh Pirates,Atlanta Braves,Pittsburgh Pirates,,TBD,TBD,-120.0,53.0,-1.5,,2026-07-08T16:58:30.385715,,PIT,ATL,PIT,,,,,,,,,,,,,,,,
,,,,,,,,,,,,,,,,,Miami Marlins,Seattle Mariners,Miami Marlins,TBD,TBD,TBD,110.0,48.7,1.1,True,2026-07-08T16:58:31.421430,,MIA,SEA,MIA,,,,,,,,,,,,,,,,
2026-07-08,,,,,,,,,,,,,,,,,Miami Marlins,Seattle Mariners,Miami Marlins,,TBD,TBD,110.0,48.7,1.1,,2026-07-08T16:58:31.427014,,MIA,SEA,MIA,,,,,,,,,,,,,,,,
,,,,,,,,,,,,,,,,,Tampa Bay Rays,New York Yankees,Tampa Bay Rays,TBD,TBD,TBD,-118.0,52.7,-1.4,True,2026-07-08T16:58:32.460144,,TB,NYY,TB,,,,,,,,,,,,,,,,
2026-07-08,,,,,,,,,,,,,,,,,Tampa Bay Rays,New York Yankees,Tampa Bay Rays,,TBD,TBD,-118.0,52.7,-1.4,,2026-07-08T16:58:32.465767,,TB,NYY,TB,,,,,,,,,,,,,,,,
,,,,,,,,,,,,,,,,,Washington Nationals,Houston Astros,Washington Nationals,TBD,TBD,TBD,-134.0,54.8,-2.4,True,2026-07-08T16:58:33.496403,,WSH,HOU,WSH,,,,,,,,,,,,,,,,
2026-07-08,,,,,,,,,,,,,,,,,Washington Nationals,Houston Astros,Washington Nationals,,TBD,TBD,-134.0,54.8,-2.4,,2026-07-08T16:58:33.501984,,WSH,HOU,WSH,,,,,,,,,,,,,,,,
,,,,,,,,,,,,,,,,,Cincinnati Reds,Philadelphia Phillies,Cincinnati Reds,TBD,TBD,TBD,-142.0,56.3,-2.4,True,2026-07-08T16:58:34.535280,,CIN,PHI,CIN,,,,,,,,,,,,,,,,
2026-07-08,,,,,,,,,,,,,,,,,Cincinnati Reds,Philadelphia Phillies,Cincinnati Reds,,TBD,TBD,-142.0,56.3,-2.4,,2026-07-08T16:58:34.540661,,CIN,PHI,CIN,,,,,,,,,,,,,,,,
,,,,,,,,,,,,,,,,,New York Mets,Kansas City Royals,New York Mets,TBD,TBD,TBD,-196.0,62.1,-4.2,True,2026-07-08T16:58:35.574438,,NYM,KC,NYM,,,,,,,,,,,,,,,,
2026-07-08,,,,,,,,,,,,,,,,,New York Mets,Kansas City Royals,New York Mets,,TBD,TBD,-196.0,62.1,-4.2,,2026-07-08T16:58:35.579878,,NYM,KC,NYM,,,,,,,,,,,,,,,,
,,,,,,,,,,,,,,,,,Chicago White Sox,Boston Red Sox,Chicago White Sox,TBD,TBD,TBD,-112.0,52.5,-0.3,True,2026-07-08T16:58:36.620766,,CWS,BOS,CWS,,,,,,,,,,,,,,,,
2026-07-08,,,,,,,,,,,,,,,,,Chicago White Sox,Boston Red Sox,Chicago White Sox,,TBD,TBD,-112.0,52.5,-0.3,,2026-07-08T16:58:36.626254,,CWS,BOS,CWS,,,,,,,,,,,,,,,,
,,,,,,,,,,,,,,,,,Minnesota Twins,Cleveland Guardians,Minnesota Twins,TBD,TBD,TBD,-120.0,53.4,-1.1,True,2026-07-08T16:58:37.660322,,MIN,CLE,MIN,,,,,,,,,,,,,,,,
2026-07-08,,,,,,,,,,,,,,,,,Minnesota Twins,Cleveland Guardians,Minnesota Twins,,TBD,TBD,-120.0,53.4,-1.1,,2026-07-08T16:58:37.665986,,MIN,CLE,MIN,,,,,,,,,,,,,,,,
,,,,,,,,,,,,,,,,,St. Louis Cardinals,Milwaukee Brewers,St. Louis Cardinals,TBD,TBD,TBD,128.0,45.7,1.8,True,2026-07-08T16:58:38.701875,,STL,MIL,STL,,,,,,,,,,,,,,,,
2026-07-08,,,,,,,,,,,,,,,,,St. Louis Cardinals,Milwaukee Brewers,St. Louis Cardinals,,TBD,TBD,128.0,45.7,1.8,,2026-07-08T16:58:38.707271,,STL,MIL,STL,,,,,,,,,,,,,,,,
,,,,,,,,,,,,,,,,,Texas Rangers,Los Angeles Angels,Texas Rangers,TBD,TBD,TBD,-136.0,55.4,-2.2,True,2026-07-08T16:58:39.737297,,TEX,LAA,TEX,,,,,,,,,,,,,,,,
2026-07-08,,,,,,,,,,,,,,,,,Texas Rangers,Los Angeles Angels,Texas Rangers,,TBD,TBD,-136.0,55.4,-2.2,,2026-07-08T16:58:39.744973,,TEX,LAA,TEX,,,,,,,,,,,,,,,,
,,,,,,,,,,,,,,,,,San Diego Padres,Arizona Diamondbacks,San Diego Padres,TBD,TBD,TBD,-142.0,56.7,-2.0,True,2026-07-08T16:58:40.776913,,SD,ARI,SD,,,,,,,,,,,,,,,,
2026-07-08,,,,,,,,,,,,,,,,,San Diego Padres,Arizona Diamondbacks,San Diego Padres,,TBD,TBD,-142.0,56.7,-2.0,,2026-07-08T16:58:40.782353,,SD,ARI,SD,,,,,,,,,,,,,,,,
,,,,,,,,,,,,,,,,,Los Angeles Dodgers,Colorado Rockies,Los Angeles Dodgers,TBD,TBD,TBD,-240.0,65.0,-5.6,True,2026-07-08T16:58:41.733627,,LAD,COL,LAD,,,,,,,,,,,,,,,,
2026-07-08,,,,,,,,,,,,,,,,,Los Angeles Dodgers,Colorado Rockies,Los Angeles Dodgers,,TBD,TBD,-240.0,65.0,-5.6,,2026-07-08T16:58:41.739042,,LAD,COL,LAD,,,,,,,,,,,,,,,,
,,,,,,,,,,,,,,,,,Pittsburgh Pirates,Atlanta Braves,Pittsburgh Pirates,TBD,TBD,TBD,-102.0,50.2,-0.3,True,2026-07-08T16:58:42.825547,,PIT,ATL,PIT,,,,,,,,,,,,,,,,
2026-07-08,,,,,,,,,,,,,,,,,Pittsburgh Pirates,Atlanta Braves,Pittsburgh Pirates,,TBD,TBD,-102.0,50.2,-0.3,,2026-07-08T16:58:42.831405,,PIT,ATL,PIT,,,,,,,,,,,,,,,,
,,,,,,,,,,,,,,,,,New York Mets,Kansas City Royals,New York Mets,TBD,TBD,TBD,-152.0,57.8,-2.5,True,2026-07-08T16:58:43.899157,,NYM,KC,NYM,,,,,,,,,,,,,,,,
2026-07-08,,,,,,,,,,,,,,,,,New York Mets,Kansas City Royals,New York Mets,,TBD,TBD,-152.0,57.8,-2.5,,2026-07-08T16:58:43.904682,,NYM,KC,NYM,,,,,,,,,,,,,,,,
,,,,,,,,,,,,,,,,,Minnesota Twins,Cleveland Guardians,Minnesota Twins,TBD,TBD,TBD,114.0,47.6,0.9,True,2026-07-08T16:58:44.933561,,MIN,CLE,MIN,,,,,,,,,,,,,,,,
2026-07-08,,,,,,,,,,,,,,,,,Minnesota Twins,Cleveland Guardians,Minnesota Twins,,TBD,TBD,114.0,47.6,0.9,,2026-07-08T16:58:44.939014,,MIN,CLE,MIN,,,,,,,,,,,,,,,,
,,,,,,,,,,,,,,,,,Chicago White Sox,Boston Red Sox,Chicago White Sox,TBD,TBD,TBD,-112.0,51.8,-1.0,True,2026-07-08T16:58:45.898742,,CWS,BOS,CWS,,,,,,,,,,,,,,,,
2026-07-08,,,,,,,,,,,,,,,,,Chicago White Sox,Boston Red Sox,Chicago White Sox,,TBD,TBD,-112.0,51.8,-1.0,,2026-07-08T16:58:45.904273,,CWS,BOS,CWS,,,,,,,,,,,,,,,,
,,,,,,,,,,,,,,,,,Baltimore Orioles,Chicago Cubs,Baltimore Orioles,TBD,TBD,TBD,-126.0,54.6,-1.1,True,2026-07-08T16:58:46.935507,,BAL,CHC,BAL,,,,,,,,,,,,,,,,
2026-07-08,,,,,,,,,,,,,,,,,Baltimore Orioles,Chicago Cubs,Baltimore Orioles,,TBD,TBD,-126.0,54.6,-1.1,,2026-07-08T16:58:46.940973,,BAL,CHC,BAL,,,,,,,,,,,,,,,,
,,,,,,,,,,,,,,,,,Detroit Tigers,Athletics,Detroit Tigers,TBD,TBD,TBD,-138.0,55.2,-2.7,True,2026-07-08T16:58:47.973198,,DET,OAK,DET,,,,,,,,,,,,,,,,
2026-07-08,,,,,,,,,,,,,,,,,Detroit Tigers,Athletics,Detroit Tigers,,TBD,TBD,-138.0,55.2,-2.7,,2026-07-08T16:58:47.979182,,DET,OAK,DET,,,,,,,,,,,,,,,,
,,,,,,,,,,,,,,,,,Miami Marlins,Seattle Mariners,Miami Marlins,TBD,TBD,TBD,120.0,46.2,0.8,True,2026-07-08T16:58:49.018803,,MIA,SEA,MIA,,,,,,,,,,,,,,,,
2026-07-08,,,,,,,,,,,,,,,,,Miami Marlins,Seattle Mariners,Miami Marlins,,TBD,TBD,120.0,46.2,0.8,,2026-07-08T16:58:49.024350,,MIA,SEA,MIA,,,,,,,,,,,,,,,,
,,,,,,,,,,,,,,,,,Cincinnati Reds,Philadelphia Phillies,Cincinnati Reds,TBD,TBD,TBD,138.0,44.0,2.0,True,2026-07-08T16:58:50.058769,,CIN,PHI,CIN,,,,,,,,,,,,,,,,
2026-07-08,,,,,,,,,,,,,,,,,Cincinnati Reds,Philadelphia Phillies,Cincinnati Reds,,TBD,TBD,138.0,44.0,2.0,,2026-07-08T16:58:50.064177,,CIN,PHI,CIN,,,,,,,,,,,,,,,,
,,,,,,,,,,,,,,,,,St. Louis Cardinals,Milwaukee Brewers,St. Louis Cardinals,TBD,TBD,TBD,108.0,48.3,0.3,True,2026-07-08T16:58:51.099230,,STL,MIL,STL,,,,,,,,,,,,,,,,
2026-07-08,,,,,,,,,,,,,,,,,St. Louis Cardinals,Milwaukee Brewers,St. Louis Cardinals,,TBD,TBD,108.0,48.3,0.3,,2026-07-08T16:58:51.104782,,STL,MIL,STL,,,,,,,,,,,,,,,,
,,,,,,,,,,,,,,,,,Texas Rangers,Los Angeles Angels,Texas Rangers,TBD,TBD,TBD,-142.0,56.5,-2.1,True,2026-07-08T16:58:52.053241,,TEX,LAA,TEX,,,,,,,,,,,,,,,,
2026-07-08,,,,,,,,,,,,,,,,,Texas Rangers,Los Angeles Angels,Texas Rangers,,TBD,TBD,-142.0,56.5,-2.1,,2026-07-08T16:58:52.058720,,TEX,LAA,TEX,,,,,,,,,,,,,,,,
,,,,,,,,,,,,,,,,,San Diego Padres,Arizona Diamondbacks,San Diego Padres,TBD,TBD,TBD,-126.0,54.6,-1.1,True,2026-07-08T16:58:53.023518,,SD,ARI,SD,,,,,,,,,,,,,,,,
2026-07-08,,,,,,,,,,,,,,,,,San Diego Padres,Arizona Diamondbacks,San Diego Padres,,TBD,TBD,-126.0,54.6,-1.1,,2026-07-08T16:58:53.028962,,SD,ARI,SD,,,,,,,,,,,,,,,,
,,,,,,,,,,,,,,,,,San Diego Padres,Arizona Diamondbacks,San Diego Padres,TBD,TBD,TBD,-50000.0,82.8,-17.0,True,2026-07-09T00:07:15.584448,,SD,ARI,SD,,,,,,,,,,,,,,,,
2026-07-09,,,,,,,,,,,,,,,,,San Diego Padres,Arizona Diamondbacks,San Diego Padres,,TBD,TBD,-50000.0,82.8,-17.0,,2026-07-09T00:07:15.591587,,SD,ARI,SD,,,,,,,,,,,,,,,,
,,,,,,,,,,,,,,,,,Los Angeles Dodgers,Colorado Rockies,Los Angeles Dodgers,TBD,TBD,TBD,146.0,43.2,2.5,True,2026-07-09T00:07:17.259742,,LAD,COL,LAD,,,,,,,,,,,,,,,,
2026-07-09,,,,,,,,,,,,,,,,,Los Angeles Dodgers,Colorado Rockies,Los Angeles Dodgers,,TBD,TBD,146.0,43.2,2.5,,2026-07-09T00:07:17.265442,,LAD,COL,LAD,,,,,,,,,,,,,,,,
,,,,,,,,,,,,,,,,,Pittsburgh Pirates,Atlanta Braves,Pittsburgh Pirates,TBD,TBD,TBD,-102.0,50.1,-0.4,True,2026-07-09T00:07:19.205191,,PIT,ATL,PIT,,,,,,,,,,,,,,,,
2026-07-09,,,,,,,,,,,,,,,,,Pittsburgh Pirates,Atlanta Braves,Pittsburgh Pirates,,TBD,TBD,-102.0,50.1,-0.4,,2026-07-09T00:07:19.210732,,PIT,ATL,PIT,,,,,,,,,,,,,,,,
,,,,,,,,,,,,,,,,,Tampa Bay Rays,New York Yankees,Tampa Bay Rays,TBD,TBD,TBD,-156.0,58.5,-2.4,True,2026-07-09T00:07:21.204475,,TB,NYY,TB,,,,,,,,,,,,,,,,
2026-07-09,,,,,,,,,,,,,,,,,Tampa Bay Rays,New York Yankees,Tampa Bay Rays,,TBD,TBD,-156.0,58.5,-2.4,,2026-07-09T00:07:21.210288,,TB,NYY,TB,,,,,,,,,,,,,,,,
,,,,,,,,,,,,,,,,,New York Mets,Kansas City Royals,New York Mets,TBD,TBD,TBD,-152.0,57.9,-2.4,True,2026-07-09T00:07:22.939322,,NYM,KC,NYM,,,,,,,,,,,,,,,,
2026-07-09,,,,,,,,,,,,,,,,,New York Mets,Kansas City Royals,New York Mets,,TBD,TBD,-152.0,57.9,-2.4,,2026-07-09T00:07:22.944910,,NYM,KC,NYM,,,,,,,,,,,,,,,,
,,,,,,,,,,,,,,,,,Baltimore Orioles,Chicago Cubs,Baltimore Orioles,TBD,TBD,TBD,-126.0,54.2,-1.5,True,2026-07-09T00:07:24.642470,,BAL,CHC,BAL,,,,,,,,,,,,,,,,
2026-07-09,,,,,,,,,,,,,,,,,Baltimore Orioles,Chicago Cubs,Baltimore Orioles,,TBD,TBD,-126.0,54.2,-1.5,,2026-07-09T00:07:24.648137,,BAL,CHC,BAL,,,,,,,,,,,,,,,,
,,,,,,,,,,,,,,,,,Minnesota Twins,Cleveland Guardians,Minnesota Twins,TBD,TBD,TBD,114.0,47.9,1.2,True,2026-07-09T00:07:26.837992,,MIN,CLE,MIN,,,,,,,,,,,,,,,,
2026-07-09,,,,,,,,,,,,,,,,,Minnesota Twins,Cleveland Guardians,Minnesota Twins,,TBD,TBD,114.0,47.9,1.2,,2026-07-09T00:07:26.843641,,MIN,CLE,MIN,,,,,,,,,,,,,,,,
,,,,,,,,,,,,,,,,,Chicago White Sox,Boston Red Sox,Chicago White Sox,TBD,TBD,TBD,-112.0,52.0,-0.9,True,2026-07-09T00:07:28.908721,,CWS,BOS,CWS,,,,,,,,,,,,,,,,
2026-07-09,,,,,,,,,,,,,,,,,Chicago White Sox,Boston Red Sox,Chicago White Sox,,TBD,TBD,-112.0,52.0,-0.9,,2026-07-09T00:07:28.914435,,CWS,BOS,CWS,,,,,,,,,,,,,,,,
,,,,,,,,,,,,,,,,,Detroit Tigers,Athletics,Detroit Tigers,TBD,TBD,TBD,-138.0,55.9,-2.1,True,2026-07-09T00:07:30.560353,,DET,OAK,DET,,,,,,,,,,,,,,,,
2026-07-09,,,,,,,,,,,,,,,,,Detroit Tigers,Athletics,Detroit Tigers,,TBD,TBD,-138.0,55.9,-2.1,,2026-07-09T00:07:30.566254,,DET,OAK,DET,,,,,,,,,,,,,,,,
,,,,,,,,,,,,,,,,,Miami Marlins,Seattle Mariners,Miami Marlins,TBD,TBD,TBD,120.0,47.0,1.5,True,2026-07-09T00:07:32.226621,,MIA,SEA,MIA,,,,,,,,,,,,,,,,
2026-07-09,,,,,,,,,,,,,,,,,Miami Marlins,Seattle Mariners,Miami Marlins,,TBD,TBD,120.0,47.0,1.5,,2026-07-09T00:07:32.232470,,MIA,SEA,MIA,,,,,,,,,,,,,,,,
,,,,,,,,,,,,,,,,,Cincinnati Reds,Philadelphia Phillies,Cincinnati Reds,TBD,TBD,TBD,138.0,44.1,2.1,True,2026-07-09T00:07:33.961160,,CIN,PHI,CIN,,,,,,,,,,,,,,,,
2026-07-09,,,,,,,,,,,,,,,,,Cincinnati Reds,Philadelphia Phillies,Cincinnati Reds,,TBD,TBD,138.0,44.1,2.1,,2026-07-09T00:07:33.966719,,CIN,PHI,CIN,,,,,,,,,,,,,,,,
,,,,,,,,,,,,,,,,,St. Louis Cardinals,Milwaukee Brewers,St. Louis Cardinals,TBD,TBD,TBD,108.0,48.5,0.4,True,2026-07-09T00:07:35.738461,,STL,MIL,STL,,,,,,,,,,,,,,,,
2026-07-09,,,,,,,,,,,,,,,,,St. Louis Cardinals,Milwaukee Brewers,St. Louis Cardinals,,TBD,TBD,108.0,48.5,0.4,,2026-07-09T00:07:35.744122,,STL,MIL,STL,,,,,,,,,,,,,,,,
,,,,,,,,,,,,,,,,,Texas Rangers,Los Angeles Angels,Texas Rangers,TBD,TBD,TBD,-142.0,56.5,-2.2,True,2026-07-09T00:07:37.378454,,TEX,LAA,TEX,,,,,,,,,,,,,,,,
2026-07-09,,,,,,,,,,,,,,,,,Texas Rangers,Los Angeles Angels,Texas Rangers,,TBD,TBD,-142.0,56.5,-2.2,,2026-07-09T00:07:37.384132,,TEX,LAA,TEX,,,,,,,,,,,,,,,,
,,,,,,,,,,,,,,,,,San Diego Padres,Arizona Diamondbacks,San Diego Padres,TBD,TBD,TBD,-126.0,54.1,-1.6,True,2026-07-09T00:07:39.260060,,SD,ARI,SD,,,,,,,,,,,,,,,,
2026-07-09,,,,,,,,,,,,,,,,,San Diego Padres,Arizona Diamondbacks,San Diego Padres,,TBD,TBD,-126.0,54.1,-1.6,,2026-07-09T00:07:39.265708,,SD,ARI,SD,,,,,,,,,,,,,,,,
,,,,,,,,,,,,,,,,,Los Angeles Dodgers,Colorado Rockies,Los Angeles Dodgers,TBD,TBD,TBD,-500.0,97.8,14.4,True,2026-07-09T00:26:38.756117,21.67,LAD,COL,LAD,,,,,,,,,,,,,,,,
2026-07-09,,,,,,,,,,,,,,,,,Los Angeles Dodgers,Colorado Rockies,Los Angeles Dodgers,,TBD,TBD,-500.0,97.8,14.4,,2026-07-09T00:26:38.763720,,LAD,COL,LAD,,,,,,,,,,,,,,,,
,,,,,,,,,,,,,,,,,Pittsburgh Pirates,Atlanta Braves,Pittsburgh Pirates,TBD,Mitch Keller,Bryce Elder,-102.0,59.4,8.9,True,2026-07-09T00:26:43.198224,4.48,PIT,ATL,PIT,,,,,,,,,,,,,,,,
2026-07-09,,,,,,,,,,,,,,,,,Pittsburgh Pirates,Atlanta Braves,Pittsburgh Pirates,,Mitch Keller,Bryce Elder,-102.0,59.4,8.9,,2026-07-09T00:26:43.204164,,PIT,ATL,PIT,,,,,,,,,,,,,,,,
,,,,,,,,,,,,,,,,,Tampa Bay Rays,New York Yankees,Tampa Bay Rays,TBD,Drew Rasmussen,TBD,-156.0,99.9,39.0,True,2026-07-09T00:26:47.369595,24.96,TB,NYY,TB,,,,,,,,,,,,,,,,
2026-07-09,,,,,,,,,,,,,,,,,Tampa Bay Rays,New York Yankees,Tampa Bay Rays,,Drew Rasmussen,TBD,-156.0,99.9,39.0,,2026-07-09T00:26:47.375474,,TB,NYY,TB,,,,,,,,,,,,,,,,
,,,,,,,,,,,,,,,,,New York Mets,Kansas City Royals,Kansas City Royals,TBD,Sean Manaea,Michael Wacha,151.0,58.4,18.7,True,2026-07-09T00:26:52.492502,7.71,NYM,KC,KC,,,,,,,,,,,,,,,,
2026-07-09,,,,,,,,,,,,,,,,,New York Mets,Kansas City Royals,Kansas City Royals,,Sean Manaea,Michael Wacha,151.0,58.4,18.7,,2026-07-09T00:26:52.498531,,NYM,KC,KC,,,,,,,,,,,,,,,,
,,,,,,,,,,,,,,,,,Baltimore Orioles,Chicago Cubs,Chicago Cubs,TBD,Trevor Rogers,David Peterson,125.0,95.6,51.4,True,2026-07-09T00:26:56.772710,23.03,BAL,CHC,CHC,,,,,,,,,,,,,,,,
2026-07-09,,,,,,,,,,,,,,,,,Baltimore Orioles,Chicago Cubs,Chicago Cubs,,Trevor Rogers,David Peterson,125.0,95.6,51.4,,2026-07-09T00:26:56.778639,,BAL,CHC,CHC,,,,,,,,,,,,,,,,
,,,,,,,,,,,,,,,,,Minnesota Twins,Cleveland Guardians,Minnesota Twins,TBD,Bailey Ober,Gavin Williams,114.0,87.0,40.3,True,2026-07-09T00:27:00.990946,18.92,MIN,CLE,MIN,,,,,,,,,,,,,,,,
2026-07-09,,,,,,,,,,,,,,,,,Minnesota Twins,Cleveland Guardians,Minnesota Twins,,Bailey Ober,Gavin Williams,114.0,87.0,40.3,,2026-07-09T00:27:00.996627,,MIN,CLE,MIN,,,,,,,,,,,,,,,,
,,,,,,,,,,,,,,,,,Chicago White Sox,Boston Red Sox,Boston Red Sox,TBD,Anthony Kay,Patrick Sandoval,112.0,98.1,51.0,True,2026-07-09T00:27:05.608944,24.11,CWS,BOS,BOS,,,,,,,,,,,,,,,,
2026-07-09,,,,,,,,,,,,,,,,,Chicago White Sox,Boston Red Sox,Boston Red Sox,,Anthony Kay,Patrick Sandoval,112.0,98.1,51.0,,2026-07-09T00:27:05.614732,,CWS,BOS,BOS,,,,,,,,,,,,,,,,
,,,,,,,,,,,,,,,,,Detroit Tigers,Athletics,Detroit Tigers,TBD,Framber Valdez,Jack Perkins,-138.0,100.0,42.0,True,2026-07-09T00:27:10.114471,25.0,DET,OAK,DET,,,,,,,,,,,,,,,,
2026-07-09,,,,,,,,,,,,,,,,,Detroit Tigers,Athletics,Detroit Tigers,,Framber Valdez,Jack Perkins,-138.0,100.0,42.0,,2026-07-09T00:27:10.120317,,DET,OAK,DET,,,,,,,,,,,,,,,,
,,,,,,,,,,,,,,,,,Miami Marlins,Seattle Mariners,Miami Marlins,TBD,Janson Junk,Bryce Miller,120.0,56.4,10.9,True,2026-07-09T00:27:14.700133,5.0,MIA,SEA,MIA,,,,,,,,,,,,,,,,
2026-07-09,,,,,,,,,,,,,,,,,Miami Marlins,Seattle Mariners,Miami Marlins,,Janson Junk,Bryce Miller,120.0,56.4,10.9,,2026-07-09T00:27:14.705932,,MIA,SEA,MIA,,,,,,,,,,,,,,,,
,,,,,,,,,,,,,,,,,Cincinnati Reds,Philadelphia Phillies,Philadelphia Phillies,TBD,Brady Singer,Jesús Luzardo,-137.0,93.5,35.5,True,2026-07-09T00:27:19.270224,21.16,CIN,PHI,PHI,,,,,,,,,,,,,,,,
2026-07-09,,,,,,,,,,,,,,,,,Cincinnati Reds,Philadelphia Phillies,Philadelphia Phillies,,Brady Singer,Jesús Luzardo,-137.0,93.5,35.5,,2026-07-09T00:27:19.275930,,CIN,PHI,PHI,,,,,,,,,,,,,,,,
,,,,,,,,,,,,,,,,,St. Louis Cardinals,Milwaukee Brewers,Milwaukee Brewers,TBD,Andre Pallante,Logan Henderson,-107.0,94.8,42.8,True,2026-07-09T00:27:23.640861,22.29,STL,MIL,MIL,,,,,,,,,,,,,,,,
2026-07-09,,,,,,,,,,,,,,,,,St. Louis Cardinals,Milwaukee Brewers,Milwaukee Brewers,,Andre Pallante,Logan Henderson,-107.0,94.8,42.8,,2026-07-09T00:27:23.646727,,STL,MIL,MIL,,,,,,,,,,,,,,,,
,,,,,,,,,,,,,,,,,Texas Rangers,Los Angeles Angels,Texas Rangers,TBD,Nathan Eovaldi,Reid Detmers,-142.0,95.0,36.3,True,2026-07-09T00:27:28.050372,21.95,TEX,LAA,TEX,,,,,,,,,,,,,,,,
2026-07-09,,,,,,,,,,,,,,,,,Texas Rangers,Los Angeles Angels,Texas Rangers,,Nathan Eovaldi,Reid Detmers,-142.0,95.0,36.3,,2026-07-09T00:27:28.056107,,TEX,LAA,TEX,,,,,,,,,,,,,,,,
,,,,,,,,,,,,,,,,,San Diego Padres,Arizona Diamondbacks,Arizona Diamondbacks,TBD,Griffin Canning,Merrill Kelly,125.0,76.7,32.4,True,2026-07-09T00:27:32.466707,14.5,SD,ARI,ARI,,,,,,,,,,,,,,,,
2026-07-09,,,,,,,,,,,,,,,,,San Diego Padres,Arizona Diamondbacks,Arizona Diamondbacks,,Griffin Canning,Merrill Kelly,125.0,76.7,32.4,,2026-07-09T00:27:32.472456,,SD,ARI,ARI,,,,,,,,,,,,,,,,
,,,,,,,,,,,,,,,,,Pittsburgh Pirates,Atlanta Braves,Pittsburgh Pirates,TBD,Mitch Keller,Bryce Elder,100.0,59.8,9.8,True,2026-07-09T10:05:26.909675,4.88,PIT,ATL,PIT,,,,,,,,,,,,,,,,
2026-07-09,,,,,,,,,,,,,,,,,Pittsburgh Pirates,Atlanta Braves,Pittsburgh Pirates,,Mitch Keller,Bryce Elder,100.0,59.8,9.8,,2026-07-09T10:05:26.917599,,PIT,ATL,PIT,,,,,,,,,,,,,,,,
,,,,,,,,,,,,,,,,,Tampa Bay Rays,New York Yankees,Tampa Bay Rays,TBD,Drew Rasmussen,TBD,-162.0,99.9,38.1,True,2026-07-09T10:05:30.832652,24.96,TB,NYY,TB,,,,,,,,,,,,,,,,
2026-07-09,,,,,,,,,,,,,,,,,Tampa Bay Rays,New York Yankees,Tampa Bay Rays,,Drew Rasmussen,TBD,-162.0,99.9,38.1,,2026-07-09T10:05:30.838720,,TB,NYY,TB,,,,,,,,,,,,,,,,
,,,,,,,,,,,,,,,,,New York Mets,Kansas City Royals,Kansas City Royals,TBD,Sean Manaea,Michael Wacha,146.0,59.7,19.1,True,2026-07-09T10:05:35.723722,8.04,NYM,KC,KC,,,,,,,,,,,,,,,,
2026-07-09,,,,,,,,,,,,,,,,,New York Mets,Kansas City Royals,Kansas City Royals,,Sean Manaea,Michael Wacha,146.0,59.7,19.1,,2026-07-09T10:05:35.729776,,NYM,KC,KC,,,,,,,,,,,,,,,,
,,,,,,,,,,,,,,,,,Baltimore Orioles,Chicago Cubs,Chicago Cubs,TBD,Trevor Rogers,David Peterson,129.0,95.7,52.2,True,2026-07-09T10:05:40.015625,23.08,BAL,CHC,CHC,,,,,,,,,,,,,,,,
2026-07-09,,,,,,,,,,,,,,,,,Baltimore Orioles,Chicago Cubs,Chicago Cubs,,Trevor Rogers,David Peterson,129.0,95.7,52.2,,2026-07-09T10:05:40.022003,,BAL,CHC,CHC,,,,,,,,,,,,,,,,
,,,,,,,,,,,,,,,,,Minnesota Twins,Cleveland Guardians,Minnesota Twins,TBD,Bailey Ober,Gavin Williams,110.0,87.6,39.9,True,2026-07-09T10:05:47.789305,19.06,MIN,CLE,MIN,,,,,,,,,,,,,,,,
2026-07-09,,,,,,,,,,,,,,,,,Minnesota Twins,Cleveland Guardians,Minnesota Twins,,Bailey Ober,Gavin Williams,110.0,87.6,39.9,,2026-07-09T10:05:47.795305,,MIN,CLE,MIN,,,,,,,,,,,,,,,,
,,,,,,,,,,,,,,,,,Chicago White Sox,Boston Red Sox,Boston Red Sox,TBD,Anthony Kay,Patrick Sandoval,116.0,97.9,51.6,True,2026-07-09T10:05:51.984278,24.02,CWS,BOS,BOS,,,,,,,,,,,,,,,,
2026-07-09,,,,,,,,,,,,,,,,,Chicago White Sox,Boston Red Sox,Boston Red Sox,,Anthony Kay,Patrick Sandoval,116.0,97.9,51.6,,2026-07-09T10:05:51.990149,,CWS,BOS,BOS,,,,,,,,,,,,,,,,
,,,,,,,,,,,,,,,,,Detroit Tigers,Athletics,Detroit Tigers,TBD,Framber Valdez,Jack Perkins,-126.0,100.0,44.2,True,2026-07-09T10:05:56.153630,25.0,DET,OAK,DET,,,,,,,,,,,,,,,,
2026-07-09,,,,,,,,,,,,,,,,,Detroit Tigers,Athletics,Detroit Tigers,,Framber Valdez,Jack Perkins,-126.0,100.0,44.2,,2026-07-09T10:05:56.159401,,DET,OAK,DET,,,,,,,,,,,,,,,,
,,,,,,,,,,,,,,,,,Miami Marlins,Seattle Mariners,Miami Marlins,TBD,Janson Junk,Bryce Miller,116.0,57.3,11.0,True,2026-07-09T10:06:00.733052,5.13,MIA,SEA,MIA,,,,,,,,,,,,,,,,
2026-07-09,,,,,,,,,,,,,,,,,Miami Marlins,Seattle Mariners,Miami Marlins,,Janson Junk,Bryce Miller,116.0,57.3,11.0,,2026-07-09T10:06:00.738908,,MIA,SEA,MIA,,,,,,,,,,,,,,,,
,,,,,,,,,,,,,,,,,Cincinnati Reds,Philadelphia Phillies,Philadelphia Phillies,TBD,Brady Singer,Jesús Luzardo,-137.0,93.6,35.6,True,2026-07-09T10:06:05.913047,21.2,CIN,PHI,PHI,,,,,,,,,,,,,,,,
2026-07-09,,,,,,,,,,,,,,,,,Cincinnati Reds,Philadelphia Phillies,Philadelphia Phillies,,Brady Singer,Jesús Luzardo,-137.0,93.6,35.6,,2026-07-09T10:06:05.918940,,CIN,PHI,PHI,,,,,,,,,,,,,,,,
,,,,,,,,,,,,,,,,,St. Louis Cardinals,Milwaukee Brewers,Milwaukee Brewers,TBD,Andre Pallante,Logan Henderson,-112.0,91.9,39.1,True,2026-07-09T10:06:11.150036,20.73,STL,MIL,MIL,,,,,,,,,,,,,,,,
2026-07-09,,,,,,,,,,,,,,,,,St. Louis Cardinals,Milwaukee Brewers,Milwaukee Brewers,,Andre Pallante,Logan Henderson,-112.0,91.9,39.1,,2026-07-09T10:06:11.155970,,STL,MIL,MIL,,,,,,,,,,,,,,,,
,,,,,,,,,,,,,,,,,Texas Rangers,Los Angeles Angels,Texas Rangers,TBD,Nathan Eovaldi,Reid Detmers,-132.0,94.7,37.8,True,2026-07-09T10:06:16.585057,21.92,TEX,LAA,TEX,,,,,,,,,,,,,,,,
2026-07-09,,,,,,,,,,,,,,,,,Texas Rangers,Los Angeles Angels,Texas Rangers,,Nathan Eovaldi,Reid Detmers,-132.0,94.7,37.8,,2026-07-09T10:06:16.590966,,TEX,LAA,TEX,,,,,,,,,,,,,,,,
,,,,,,,,,,,,,,,,,San Diego Padres,Arizona Diamondbacks,Arizona Diamondbacks,TBD,Griffin Canning,Merrill Kelly,125.0,75.1,30.8,True,2026-07-09T10:06:23.366696,13.79,SD,ARI,ARI,,,,,,,,,,,,,,,,
2026-07-09,,,,,,,,,,,,,,,,,San Diego Padres,Arizona Diamondbacks,Arizona Diamondbacks,,Griffin Canning,Merrill Kelly,125.0,75.1,30.8,,2026-07-09T10:06:23.372576,,SD,ARI,ARI,,,,,,,,,,,,,,,,
,,,,,,,,,,,,,,,,,San Francisco Giants,Colorado Rockies,Colorado Rockies,TBD,TBD,Ryan Feltner,136.0,62.6,20.2,True,2026-07-09T10:06:28.886530,8.76,SF,COL,COL,,,,,,,,,,,,,,,,
2026-07-09,,,,,,,,,,,,,,,,,San Francisco Giants,Colorado Rockies,Colorado Rockies,,TBD,Ryan Feltner,136.0,62.6,20.2,,2026-07-09T10:06:28.892465,,SF,COL,COL,,,,,,,,,,,,,,,,
,,,,,,,,,,,,,,,,,Pittsburgh Pirates,Atlanta Braves,Pittsburgh Pirates,TBD,Mitch Keller,Bryce Elder,-102.0,59.6,9.1,True,2026-07-09T10:29:25.551773,4.6,PIT,ATL,PIT,,,,,,,,,,,,,,,,
2026-07-09,,,,,,,,,,,,,,,,,Pittsburgh Pirates,Atlanta Braves,Pittsburgh Pirates,,Mitch Keller,Bryce Elder,-102.0,59.6,9.1,,2026-07-09T10:29:25.559715,,PIT,ATL,PIT,,,,,,,,,,,,,,,,
,,,,,,,,,,,,,,,,,Tampa Bay Rays,New York Yankees,Tampa Bay Rays,TBD,Drew Rasmussen,TBD,-156.0,99.6,38.7,True,2026-07-09T10:29:28.594714,24.74,TB,NYY,TB,,,,,,,,,,,,,,,,
2026-07-09,,,,,,,,,,,,,,,,,Tampa Bay Rays,New York Yankees,Tampa Bay Rays,,Drew Rasmussen,TBD,-156.0,99.6,38.7,,2026-07-09T10:29:28.600825,,TB,NYY,TB,,,,,,,,,,,,,,,,
,,,,,,,,,,,,,,,,,New York Mets,Kansas City Royals,Kansas City Royals,TBD,Sean Manaea,Michael Wacha,136.0,60.2,17.9,True,2026-07-09T10:29:31.513177,7.75,NYM,KC,KC,,,,,,,,,,,,,,,,
2026-07-09,,,,,,,,,,,,,,,,,New York Mets,Kansas City Royals,Kansas City Royals,,Sean Manaea,Michael Wacha,136.0,60.2,17.9,,2026-07-09T10:29:31.519268,,NYM,KC,KC,,,,,,,,,,,,,,,,
,,,,,,,,,,,,,,,,,Baltimore Orioles,Chicago Cubs,Chicago Cubs,TBD,Trevor Rogers,David Peterson,129.0,95.5,52.0,True,2026-07-09T10:29:34.916205,23.01,BAL,CHC,CHC,,,,,,,,,,,,,,,,
2026-07-09,,,,,,,,,,,,,,,,,Baltimore Orioles,Chicago Cubs,Chicago Cubs,,Trevor Rogers,David Peterson,129.0,95.5,52.0,,2026-07-09T10:29:34.922161,,BAL,CHC,CHC,,,,,,,,,,,,,,,,
,,,,,,,,,,,,,,,,,Minnesota Twins,Cleveland Guardians,Minnesota Twins,TBD,Bailey Ober,Gavin Williams,110.0,87.5,39.8,True,2026-07-09T10:29:38.629456,19.01,MIN,CLE,MIN,,,,,,,,,,,,,,,,
2026-07-09,,,,,,,,,,,,,,,,,Minnesota Twins,Cleveland Guardians,Minnesota Twins,,Bailey Ober,Gavin Williams,110.0,87.5,39.8,,2026-07-09T10:29:38.635466,,MIN,CLE,MIN,,,,,,,,,,,,,,,,
,,,,,,,,,,,,,,,,,Chicago White Sox,Boston Red Sox,Boston Red Sox,TBD,Anthony Kay,Patrick Sandoval,116.0,98.0,51.7,True,2026-07-09T10:29:41.955964,24.08,CWS,BOS,BOS,,,,,,,,,,,,,,,,
2026-07-09,,,,,,,,,,,,,,,,,Chicago White Sox,Boston Red Sox,Boston Red Sox,,Anthony Kay,Patrick Sandoval,116.0,98.0,51.7,,2026-07-09T10:29:41.961692,,CWS,BOS,BOS,,,,,,,,,,,,,,,,
,,,,,,,,,,,,,,,,,Detroit Tigers,Athletics,Detroit Tigers,TBD,Framber Valdez,Jack Perkins,-126.0,100.0,44.2,True,2026-07-09T10:29:44.949921,25.0,DET,OAK,DET,,,,,,,,,,,,,,,,
2026-07-09,,,,,,,,,,,,,,,,,Detroit Tigers,Athletics,Detroit Tigers,,Framber Valdez,Jack Perkins,-126.0,100.0,44.2,,2026-07-09T10:29:44.955732,,DET,OAK,DET,,,,,,,,,,,,,,,,
,,,,,,,,,,,,,,,,,Miami Marlins,Seattle Mariners,Miami Marlins,TBD,Janson Junk,Bryce Miller,116.0,57.3,11.0,True,2026-07-09T10:29:48.155546,5.12,MIA,SEA,MIA,,,,,,,,,,,,,,,,
2026-07-09,,,,,,,,,,,,,,,,,Miami Marlins,Seattle Mariners,Miami Marlins,,Janson Junk,Bryce Miller,116.0,57.3,11.0,,2026-07-09T10:29:48.161327,,MIA,SEA,MIA,,,,,,,,,,,,,,,,
,,,,,,,,,,,,,,,,,Cincinnati Reds,Philadelphia Phillies,Philadelphia Phillies,TBD,Brady Singer,Jesús Luzardo,-137.0,93.5,35.6,True,2026-07-09T10:29:51.569219,21.17,CIN,PHI,PHI,,,,,,,,,,,,,,,,
2026-07-09,,,,,,,,,,,,,,,,,Cincinnati Reds,Philadelphia Phillies,Philadelphia Phillies,,Brady Singer,Jesús Luzardo,-137.0,93.5,35.6,,2026-07-09T10:29:51.575042,,CIN,PHI,PHI,,,,,,,,,,,,,,,,
,,,,,,,,,,,,,,,,,St. Louis Cardinals,Milwaukee Brewers,Milwaukee Brewers,TBD,Andre Pallante,Logan Henderson,-112.0,91.8,38.9,True,2026-07-09T10:29:55.307795,20.64,STL,MIL,MIL,,,,,,,,,,,,,,,,
2026-07-09,,,,,,,,,,,,,,,,,St. Louis Cardinals,Milwaukee Brewers,Milwaukee Brewers,,Andre Pallante,Logan Henderson,-112.0,91.8,38.9,,2026-07-09T10:29:55.313697,,STL,MIL,MIL,,,,,,,,,,,,,,,,
,,,,,,,,,,,,,,,,,Texas Rangers,Los Angeles Angels,Texas Rangers,TBD,Nathan Eovaldi,Reid Detmers,-132.0,94.6,37.7,True,2026-07-09T10:29:59.717087,21.86,TEX,LAA,TEX,,,,,,,,,,,,,,,,
2026-07-09,,,,,,,,,,,,,,,,,Texas Rangers,Los Angeles Angels,Texas Rangers,,Nathan Eovaldi,Reid Detmers,-132.0,94.6,37.7,,2026-07-09T10:29:59.722895,,TEX,LAA,TEX,,,,,,,,,,,,,,,,
,,,,,,,,,,,,,,,,,San Diego Padres,Arizona Diamondbacks,Arizona Diamondbacks,TBD,Griffin Canning,Merrill Kelly,125.0,73.7,29.4,True,2026-07-09T10:30:04.362799,13.15,SD,ARI,ARI,,,,,,,,,,,,,,,,
2026-07-09,,,,,,,,,,,,,,,,,San Diego Padres,Arizona Diamondbacks,Arizona Diamondbacks,,Griffin Canning,Merrill Kelly,125.0,73.7,29.4,,2026-07-09T10:30:04.368804,,SD,ARI,ARI,,,,,,,,,,,,,,,,
,,,,,,,,,,,,,,,,,San Francisco Giants,Colorado Rockies,Colorado Rockies,TBD,TBD,Ryan Feltner,136.0,62.5,20.1,True,2026-07-09T10:30:07.584775,8.71,SF,COL,COL,,,,,,,,,,,,,,,,
2026-07-09,,,,,,,,,,,,,,,,,San Francisco Giants,Colorado Rockies,Colorado Rockies,,TBD,Ryan Feltner,136.0,62.5,20.1,,2026-07-09T10:30:07.590829,,SF,COL,COL,,,,,,,,,,,,,,,,
,,,,,,,,,,,,,,,,,Pittsburgh Pirates,Atlanta Braves,Atlanta Braves,TBD,Mitch Keller,Bryce Elder,102.0,95.3,45.8,True,2026-07-09T10:41:39.767031,22.66,PIT,ATL,ATL,,,,,,,,,,,,,,,,
2026-07-09,,,,,,,,,,,,,,,,,Pittsburgh Pirates,Atlanta Braves,Atlanta Braves,,Mitch Keller,Bryce Elder,102.0,95.3,45.8,,2026-07-09T10:41:39.774487,,PIT,ATL,ATL,,,,,,,,,,,,,,,,
,,,,,,,,,,,,,,,,,Tampa Bay Rays,New York Yankees,Tampa Bay Rays,TBD,Drew Rasmussen,Paul Blackburn,-156.0,63.6,2.7,True,2026-07-09T10:41:40.817938,1.74,TB,NYY,TB,,,,,,,,,,,,,,,,
2026-07-09,,,,,,,,,,,,,,,,,Tampa Bay Rays,New York Yankees,Tampa Bay Rays,,Drew Rasmussen,Paul Blackburn,-156.0,63.6,2.7,,2026-07-09T10:41:40.823980,,TB,NYY,TB,,,,,,,,,,,,,,,,
,,,,,,,,,,,,,,,,,New York Mets,Kansas City Royals,Kansas City Royals,TBD,Sean Manaea,Michael Wacha,136.0,91.8,49.4,True,2026-07-09T10:41:41.455950,21.43,NYM,KC,KC,,,,,,,,,,,,,,,,
2026-07-09,,,,,,,,,,,,,,,,,New York Mets,Kansas City Royals,Kansas City Royals,,Sean Manaea,Michael Wacha,136.0,91.8,49.4,,2026-07-09T10:41:41.461704,,NYM,KC,KC,,,,,,,,,,,,,,,,
,,,,,,,,,,,,,,,,,Baltimore Orioles,Chicago Cubs,Baltimore Orioles,TBD,Trevor Rogers,David Peterson,-130.0,99.8,43.3,True,2026-07-09T10:41:42.154359,24.9,BAL,CHC,BAL,,,,,,,,,,,,,,,,
2026-07-09,,,,,,,,,,,,,,,,,Baltimore Orioles,Chicago Cubs,Baltimore Orioles,,Trevor Rogers,David Peterson,-130.0,99.8,43.3,,2026-07-09T10:41:42.160226,,BAL,CHC,BAL,,,,,,,,,,,,,,,,
,,,,,,,,,,,,,,,,,Minnesota Twins,Cleveland Guardians,Cleveland Guardians,TBD,Bailey Ober,Gavin Williams,-110.0,71.9,19.5,True,2026-07-09T10:41:42.897622,10.26,MIN,CLE,CLE,,,,,,,,,,,,,,,,
2026-07-09,,,,,,,,,,,,,,,,,Minnesota Twins,Cleveland Guardians,Cleveland Guardians,,Bailey Ober,Gavin Williams,-110.0,71.9,19.5,,2026-07-09T10:41:42.903627,,MIN,CLE,CLE,,,,,,,,,,,,,,,,
,,,,,,,,,,,,,,,,,Chicago White Sox,Boston Red Sox,Boston Red Sox,TBD,Anthony Kay,Patrick Sandoval,116.0,76.1,29.8,True,2026-07-09T10:41:43.897861,13.86,CWS,BOS,BOS,,,,,,,,,,,,,,,,
2026-07-09,,,,,,,,,,,,,,,,,Chicago White Sox,Boston Red Sox,Boston Red Sox,,Anthony Kay,Patrick Sandoval,116.0,76.1,29.8,,2026-07-09T10:41:43.903689,,CWS,BOS,BOS,,,,,,,,,,,,,,,,
,,,,,,,,,,,,,,,,,Detroit Tigers,Athletics,Detroit Tigers,TBD,Framber Valdez,Jack Perkins,-126.0,100.0,44.2,True,2026-07-09T10:41:44.641421,25.0,DET,OAK,DET,,,,,,,,,,,,,,,,
2026-07-09,,,,,,,,,,,,,,,,,Detroit Tigers,Athletics,Detroit Tigers,,Framber Valdez,Jack Perkins,-126.0,100.0,44.2,,2026-07-09T10:41:44.647340,,DET,OAK,DET,,,,,,,,,,,,,,,,
,,,,,,,,,,,,,,,,,Miami Marlins,Seattle Mariners,Seattle Mariners,TBD,Janson Junk,Bryce Miller,-115.0,100.0,46.3,True,2026-07-09T10:41:45.350372,25.0,MIA,SEA,SEA,,,,,,,,,,,,,,,,
2026-07-09,,,,,,,,,,,,,,,,,Miami Marlins,Seattle Mariners,Seattle Mariners,,Janson Junk,Bryce Miller,-115.0,100.0,46.3,,2026-07-09T10:41:45.356179,,MIA,SEA,SEA,,,,,,,,,,,,,,,,
,,,,,,,,,,,,,,,,,Cincinnati Reds,Philadelphia Phillies,Philadelphia Phillies,TBD,Brady Singer,Jesús Luzardo,-137.0,99.6,41.6,True,2026-07-09T10:41:46.084180,24.77,CIN,PHI,PHI,,,,,,,,,,,,,,,,
2026-07-09,,,,,,,,,,,,,,,,,Cincinnati Reds,Philadelphia Phillies,Philadelphia Phillies,,Brady Singer,Jesús Luzardo,-137.0,99.6,41.6,,2026-07-09T10:41:46.089966,,CIN,PHI,PHI,,,,,,,,,,,,,,,,
,,,,,,,,,,,,,,,,,St. Louis Cardinals,Milwaukee Brewers,Milwaukee Brewers,TBD,Andre Pallante,Logan Henderson,-112.0,98.8,46.0,True,2026-07-09T10:41:46.792189,24.37,STL,MIL,MIL,,,,,,,,,,,,,,,,
2026-07-09,,,,,,,,,,,,,,,,,St. Louis Cardinals,Milwaukee Brewers,Milwaukee Brewers,,Andre Pallante,Logan Henderson,-112.0,98.8,46.0,,2026-07-09T10:41:46.797955,,STL,MIL,MIL,,,,,,,,,,,,,,,,
,,,,,,,,,,,,,,,,,Texas Rangers,Los Angeles Angels,Texas Rangers,TBD,Nathan Eovaldi,Reid Detmers,-132.0,89.7,32.8,True,2026-07-09T10:41:47.512401,19.04,TEX,LAA,TEX,,,,,,,,,,,,,,,,
2026-07-09,,,,,,,,,,,,,,,,,Texas Rangers,Los Angeles Angels,Texas Rangers,,Nathan Eovaldi,Reid Detmers,-132.0,89.7,32.8,,2026-07-09T10:41:47.518222,,TEX,LAA,TEX,,,,,,,,,,,,,,,,
,,,,,,,,,,,,,,,,,San Diego Padres,Arizona Diamondbacks,Arizona Diamondbacks,TBD,Griffin Canning,Merrill Kelly,125.0,93.7,49.4,True,2026-07-09T10:41:48.231099,22.14,SD,ARI,ARI,,,,,,,,,,,,,,,,
2026-07-09,,,,,,,,,,,,,,,,,San Diego Padres,Arizona Diamondbacks,Arizona Diamondbacks,,Griffin Canning,Merrill Kelly,125.0,93.7,49.4,,2026-07-09T10:41:48.237015,,SD,ARI,ARI,,,,,,,,,,,,,,,,
,,,,,,,,,,,,,,,,,San Francisco Giants,Colorado Rockies,San Francisco Giants,TBD,TBD,Ryan Feltner,-136.0,66.3,8.7,True,2026-07-09T10:41:48.938909,5.13,SF,COL,SF,,,,,,,,,,,,,,,,
2026-07-09,,,,,,,,,,,,,,,,,San Francisco Giants,Colorado Rockies,San Francisco Giants,,TBD,Ryan Feltner,-136.0,66.3,8.7,,2026-07-09T10:41:48.944756,,SF,COL,SF,,,,,,,,,,,,,,,,
,,,,,,,,,,,,,,,,,Pittsburgh Pirates,Atlanta Braves,Atlanta Braves,TBD,Mitch Keller,Bryce Elder,104.0,90.0,41.0,True,2026-07-09T11:06:37.733085,20.11,PIT,ATL,ATL,,,,,,,,,,,,,,,,
2026-07-09,,,,,,,,,,,,,,,,,Pittsburgh Pirates,Atlanta Braves,Atlanta Braves,,Mitch Keller,Bryce Elder,104.0,90.0,41.0,,2026-07-09T11:06:37.741333,,PIT,ATL,ATL,,,,,,,,,,,,,,,,
,,,,,,,,,,,,,,,,,Tampa Bay Rays,New York Yankees,Tampa Bay Rays,TBD,Drew Rasmussen,Paul Blackburn,-150.0,80.9,20.9,True,2026-07-09T11:06:38.503112,13.04,TB,NYY,TB,,,,,,,,,,,,,,,,
2026-07-09,,,,,,,,,,,,,,,,,Tampa Bay Rays,New York Yankees,Tampa Bay Rays,,Drew Rasmussen,Paul Blackburn,-150.0,80.9,20.9,,2026-07-09T11:06:38.509313,,TB,NYY,TB,,,,,,,,,,,,,,,,
,,,,,,,,,,,,,,,,,New York Mets,Kansas City Royals,Kansas City Royals,TBD,Sean Manaea,Michael Wacha,136.0,82.3,40.0,True,2026-07-09T11:06:39.126696,17.33,NYM,KC,KC,,,,,,,,,,,,,,,,
2026-07-09,,,,,,,,,,,,,,,,,New York Mets,Kansas City Royals,Kansas City Royals,,Sean Manaea,Michael Wacha,136.0,82.3,40.0,,2026-07-09T11:06:39.132637,,NYM,KC,KC,,,,,,,,,,,,,,,,
,,,,,,,,,,,,,,,,,Baltimore Orioles,Chicago Cubs,Baltimore Orioles,TBD,Trevor Rogers,David Peterson,-130.0,98.8,42.3,True,2026-07-09T11:06:40.025939,24.32,BAL,CHC,BAL,,,,,,,,,,,,,,,,
2026-07-09,,,,,,,,,,,,,,,,,Baltimore Orioles,Chicago Cubs,Baltimore Orioles,,Trevor Rogers,David Peterson,-130.0,98.8,42.3,,2026-07-09T11:06:40.031999,,BAL,CHC,BAL,,,,,,,,,,,,,,,,
,,,,,,,,,,,,,,,,,Minnesota Twins,Cleveland Guardians,Cleveland Guardians,TBD,Bailey Ober,Gavin Williams,-110.0,73.2,20.8,True,2026-07-09T11:06:41.043184,10.92,MIN,CLE,CLE,,,,,,,,,,,,,,,,
2026-07-09,,,,,,,,,,,,,,,,,Minnesota Twins,Cleveland Guardians,Cleveland Guardians,,Bailey Ober,Gavin Williams,-110.0,73.2,20.8,,2026-07-09T11:06:41.049128,,MIN,CLE,CLE,,,,,,,,,,,,,,,,
,,,,,,,,,,,,,,,,,Chicago White Sox,Boston Red Sox,Boston Red Sox,TBD,Anthony Kay,Patrick Sandoval,116.0,69.2,22.9,True,2026-07-09T11:06:42.153461,10.65,CWS,BOS,BOS,,,,,,,,,,,,,,,,
2026-07-09,,,,,,,,,,,,,,,,,Chicago White Sox,Boston Red Sox,Boston Red Sox,,Anthony Kay,Patrick Sandoval,116.0,69.2,22.9,,2026-07-09T11:06:42.159436,,CWS,BOS,BOS,,,,,,,,,,,,,,,,
,,,,,,,,,,,,,,,,,Detroit Tigers,Athletics,Detroit Tigers,TBD,Framber Valdez,Jack Perkins,-126.0,100.0,44.2,True,2026-07-09T11:06:43.056188,25.0,DET,OAK,DET,,,,,,,,,,,,,,,,
2026-07-09,,,,,,,,,,,,,,,,,Detroit Tigers,Athletics,Detroit Tigers,,Framber Valdez,Jack Perkins,-126.0,100.0,44.2,,2026-07-09T11:06:43.061988,,DET,OAK,DET,,,,,,,,,,,,,,,,
,,,,,,,,,,,,,,,,,Miami Marlins,Seattle Mariners,Seattle Mariners,TBD,Janson Junk,Bryce Miller,-115.0,100.0,46.3,True,2026-07-09T11:06:43.816561,25.0,MIA,SEA,SEA,,,,,,,,,,,,,,,,
2026-07-09,,,,,,,,,,,,,,,,,Miami Marlins,Seattle Mariners,Seattle Mariners,,Janson Junk,Bryce Miller,-115.0,100.0,46.3,,2026-07-09T11:06:43.822653,,MIA,SEA,SEA,,,,,,,,,,,,,,,,
,,,,,,,,,,,,,,,,,Cincinnati Reds,Philadelphia Phillies,Philadelphia Phillies,TBD,Brady Singer,Jesús Luzardo,-137.0,99.7,41.7,True,2026-07-09T11:06:45.145457,24.8,CIN,PHI,PHI,,,,,,,,,,,,,,,,
2026-07-09,,,,,,,,,,,,,,,,,Cincinnati Reds,Philadelphia Phillies,Philadelphia Phillies,,Brady Singer,Jesús Luzardo,-137.0,99.7,41.7,,2026-07-09T11:06:45.151440,,CIN,PHI,PHI,,,,,,,,,,,,,,,,
,,,,,,,,,,,,,,,,,St. Louis Cardinals,Milwaukee Brewers,Milwaukee Brewers,TBD,Andre Pallante,Logan Henderson,-112.0,99.7,46.8,True,2026-07-09T11:06:45.930730,24.83,STL,MIL,MIL,,,,,,,,,,,,,,,,
2026-07-09,,,,,,,,,,,,,,,,,St. Louis Cardinals,Milwaukee Brewers,Milwaukee Brewers,,Andre Pallante,Logan Henderson,-112.0,99.7,46.8,,2026-07-09T11:06:45.936854,,STL,MIL,MIL,,,,,,,,,,,,,,,,
,,,,,,,,,,,,,,,,,Texas Rangers,Los Angeles Angels,Texas Rangers,TBD,Nathan Eovaldi,Reid Detmers,-132.0,85.5,28.6,True,2026-07-09T11:06:46.624520,16.61,TEX,LAA,TEX,,,,,,,,,,,,,,,,
2026-07-09,,,,,,,,,,,,,,,,,Texas Rangers,Los Angeles Angels,Texas Rangers,,Nathan Eovaldi,Reid Detmers,-132.0,85.5,28.6,,2026-07-09T11:06:46.630592,,TEX,LAA,TEX,,,,,,,,,,,,,,,,
,,,,,,,,,,,,,,,,,San Diego Padres,Arizona Diamondbacks,Arizona Diamondbacks,TBD,Griffin Canning,Merrill Kelly,125.0,79.6,35.3,True,2026-07-09T11:06:47.363698,15.8,SD,ARI,ARI,,,,,,,,,,,,,,,,
2026-07-09,,,,,,,,,,,,,,,,,San Diego Padres,Arizona Diamondbacks,Arizona Diamondbacks,,Griffin Canning,Merrill Kelly,125.0,79.6,35.3,,2026-07-09T11:06:47.369613,,SD,ARI,ARI,,,,,,,,,,,,,,,,
,,,,,,,,,,,,,,,,,San Francisco Giants,Colorado Rockies,San Francisco Giants,TBD,TBD,Ryan Feltner,-136.0,63.1,5.5,True,2026-07-09T11:06:48.342137,3.23,SF,COL,SF,,,,,,,,,,,,,,,,
2026-07-09,,,,,,,,,,,,,,,,,San Francisco Giants,Colorado Rockies,San Francisco Giants,,TBD,Ryan Feltner,-136.0,63.1,5.5,,2026-07-09T11:06:48.348110,,SF,COL,SF,,,,,,,,,,,,,,,,
,,,,,,,,,,,,,,,,,Pittsburgh Pirates,Atlanta Braves,Atlanta Braves,TBD,Mitch Keller,Bryce Elder,104.0,88.5,39.5,True,2026-07-09T11:29:28.960595,19.38,PIT,ATL,ATL,,,,,,,,,,,,,,,,
2026-07-09,,,,,,,,,,,,,,,,,Pittsburgh Pirates,Atlanta Braves,Atlanta Braves,,Mitch Keller,Bryce Elder,104.0,88.5,39.5,,2026-07-09T11:29:28.968275,,PIT,ATL,ATL,,,,,,,,,,,,,,,,
,,,,,,,,,,,,,,,,,Tampa Bay Rays,New York Yankees,Tampa Bay Rays,TBD,Drew Rasmussen,Paul Blackburn,-150.0,74.6,14.6,True,2026-07-09T11:29:37.682137,9.14,TB,NYY,TB,,,,,,,,,,,,,,,,
2026-07-09,,,,,,,,,,,,,,,,,Tampa Bay Rays,New York Yankees,Tampa Bay Rays,,Drew Rasmussen,Paul Blackburn,-150.0,74.6,14.6,,2026-07-09T11:29:37.688269,,TB,NYY,TB,,,,,,,,,,,,,,,,
,,,,,,,,,,,,,,,,,New York Mets,Kansas City Royals,Kansas City Royals,TBD,Sean Manaea,Michael Wacha,136.0,84.0,41.6,True,2026-07-09T11:29:46.652692,18.05,NYM,KC,KC,,,,,,,,,,,,,,,,
2026-07-09,,,,,,,,,,,,,,,,,New York Mets,Kansas City Royals,Kansas City Royals,,Sean Manaea,Michael Wacha,136.0,84.0,41.6,,2026-07-09T11:29:46.658705,,NYM,KC,KC,,,,,,,,,,,,,,,,
,,,,,,,,,,,,,,,,,Baltimore Orioles,Chicago Cubs,Baltimore Orioles,TBD,Trevor Rogers,David Peterson,-130.0,97.5,41.0,True,2026-07-09T11:29:55.401675,23.59,BAL,CHC,BAL,,,,,,,,,,,,,,,,
2026-07-09,,,,,,,,,,,,,,,,,Baltimore Orioles,Chicago Cubs,Baltimore Orioles,,Trevor Rogers,David Peterson,-130.0,97.5,41.0,,2026-07-09T11:29:55.407569,,BAL,CHC,BAL,,,,,,,,,,,,,,,,
,,,,,,,,,,,,,,,,,Minnesota Twins,Cleveland Guardians,Cleveland Guardians,TBD,Bailey Ober,Gavin Williams,-110.0,79.0,26.6,True,2026-07-09T11:30:04.360671,13.97,MIN,CLE,CLE,,,,,,,,,,,,,,,,
2026-07-09,,,,,,,,,,,,,,,,,Minnesota Twins,Cleveland Guardians,Cleveland Guardians,,Bailey Ober,Gavin Williams,-110.0,79.0,26.6,,2026-07-09T11:30:04.366647,,MIN,CLE,CLE,,,,,,,,,,,,,,,,
,,,,,,,,,,,,,,,,,Chicago White Sox,Boston Red Sox,Boston Red Sox,TBD,Anthony Kay,Patrick Sandoval,124.0,60.0,15.4,True,2026-07-09T11:30:13.395387,6.95,CWS,BOS,BOS,,,,,,,,,,,,,,,,
2026-07-09,,,,,,,,,,,,,,,,,Chicago White Sox,Boston Red Sox,Boston Red Sox,,Anthony Kay,Patrick Sandoval,124.0,60.0,15.4,,2026-07-09T11:30:13.401360,,CWS,BOS,BOS,,,,,,,,,,,,,,,,
,,,,,,,,,,,,,,,,,Detroit Tigers,Athletics,Detroit Tigers,TBD,Framber Valdez,Jack Perkins,-126.0,100.0,44.2,True,2026-07-09T11:30:21.233892,25.0,DET,OAK,DET,,,,,,,,,,,,,,,,
2026-07-09,,,,,,,,,,,,,,,,,Detroit Tigers,Athletics,Detroit Tigers,,Framber Valdez,Jack Perkins,-126.0,100.0,44.2,,2026-07-09T11:30:21.239821,,DET,OAK,DET,,,,,,,,,,,,,,,,
,,,,,,,,,,,,,,,,,Miami Marlins,Seattle Mariners,Seattle Mariners,TBD,Janson Junk,Bryce Miller,-110.0,100.0,47.6,True,2026-07-09T11:30:29.845292,25.0,MIA,SEA,SEA,,,,,,,,,,,,,,,,
2026-07-09,,,,,,,,,,,,,,,,,Miami Marlins,Seattle Mariners,Seattle Mariners,,Janson Junk,Bryce Miller,-110.0,100.0,47.6,,2026-07-09T11:30:29.851180,,MIA,SEA,SEA,,,,,,,,,,,,,,,,
,,,,,,,,,,,,,,,,,Cincinnati Reds,Philadelphia Phillies,Philadelphia Phillies,TBD,Brady Singer,Jesús Luzardo,-137.0,99.1,41.1,True,2026-07-09T11:30:38.788305,24.44,CIN,PHI,PHI,,,,,,,,,,,,,,,,
2026-07-09,,,,,,,,,,,,,,,,,Cincinnati Reds,Philadelphia Phillies,Philadelphia Phillies,,Brady Singer,Jesús Luzardo,-137.0,99.1,41.1,,2026-07-09T11:30:38.794212,,CIN,PHI,PHI,,,,,,,,,,,,,,,,
,,,,,,,,,,,,,,,,,St. Louis Cardinals,Milwaukee Brewers,Milwaukee Brewers,TBD,Andre Pallante,Logan Henderson,-112.0,99.6,46.8,True,2026-07-09T11:30:47.607918,24.78,STL,MIL,MIL,,,,,,,,,,,,,,,,
2026-07-09,,,,,,,,,,,,,,,,,St. Louis Cardinals,Milwaukee Brewers,Milwaukee Brewers,,Andre Pallante,Logan Henderson,-112.0,99.6,46.8,,2026-07-09T11:30:47.613947,,STL,MIL,MIL,,,,,,,,,,,,,,,,
,,,,,,,,,,,,,,,,,Texas Rangers,Los Angeles Angels,Texas Rangers,TBD,Nathan Eovaldi,Reid Detmers,-132.0,92.1,35.2,True,2026-07-09T11:30:57.412769,20.42,TEX,LAA,TEX,,,,,,,,,,,,,,,,
2026-07-09,,,,,,,,,,,,,,,,,Texas Rangers,Los Angeles Angels,Texas Rangers,,Nathan Eovaldi,Reid Detmers,-132.0,92.1,35.2,,2026-07-09T11:30:57.418689,,TEX,LAA,TEX,,,,,,,,,,,,,,,,
,,,,,,,,,,,,,,,,,San Diego Padres,Arizona Diamondbacks,Arizona Diamondbacks,TBD,Griffin Canning,Merrill Kelly,125.0,79.4,35.2,True,2026-07-09T11:31:05.644487,15.73,SD,ARI,ARI,,,,,,,,,,,,,,,,
2026-07-09,,,,,,,,,,,,,,,,,San Diego Padres,Arizona Diamondbacks,Arizona Diamondbacks,,Griffin Canning,Merrill Kelly,125.0,79.4,35.2,,2026-07-09T11:31:05.650410,,SD,ARI,ARI,,,,,,,,,,,,,,,,
,,,,,,,,,,,,,,,,,San Francisco Giants,Colorado Rockies,San Francisco Giants,TBD,TBD,Ryan Feltner,-132.0,63.0,6.1,True,2026-07-09T11:31:13.615059,3.53,SF,COL,SF,,,,,,,,,,,,,,,,
2026-07-09,,,,,,,,,,,,,,,,,San Francisco Giants,Colorado Rockies,San Francisco Giants,,TBD,Ryan Feltner,-132.0,63.0,6.1,,2026-07-09T11:31:13.621081,,SF,COL,SF,,,,,,,,,,,,,,,,
,,,,,,,,,,,,,,,,,Pittsburgh Pirates,Atlanta Braves,Atlanta Braves,TBD,Mitch Keller,Bryce Elder,104.0,88.8,39.8,True,2026-07-09T11:38:54.720998,19.51,PIT,ATL,ATL,,,,,,,,,,,,,,,,
2026-07-09,,,,,,,,,,,,,,,,,Pittsburgh Pirates,Atlanta Braves,Atlanta Braves,,Mitch Keller,Bryce Elder,104.0,88.8,39.8,,2026-07-09T11:38:54.728840,,PIT,ATL,ATL,,,,,,,,,,,,,,,,
,,,,,,,,,,,,,,,,,Tampa Bay Rays,New York Yankees,Tampa Bay Rays,TBD,Drew Rasmussen,Paul Blackburn,-150.0,74.6,14.6,True,2026-07-09T11:38:56.409829,9.13,TB,NYY,TB,,,,,,,,,,,,,,,,
2026-07-09,,,,,,,,,,,,,,,,,Tampa Bay Rays,New York Yankees,Tampa Bay Rays,,Drew Rasmussen,Paul Blackburn,-150.0,74.6,14.6,,2026-07-09T11:38:56.415955,,TB,NYY,TB,,,,,,,,,,,,,,,,
,,,,,,,,,,,,,,,,,New York Mets,Kansas City Royals,Kansas City Royals,TBD,Sean Manaea,Michael Wacha,136.0,84.2,41.8,True,2026-07-09T11:38:57.895804,18.12,NYM,KC,KC,,,,,,,,,,,,,,,,
2026-07-09,,,,,,,,,,,,,,,,,New York Mets,Kansas City Royals,Kansas City Royals,,Sean Manaea,Michael Wacha,136.0,84.2,41.8,,2026-07-09T11:38:57.902020,,NYM,KC,KC,,,,,,,,,,,,,,,,
,,,,,,,,,,,,,,,,,Baltimore Orioles,Chicago Cubs,Baltimore Orioles,TBD,Trevor Rogers,David Peterson,-130.0,97.2,40.7,True,2026-07-09T11:38:59.149353,23.41,BAL,CHC,BAL,,,,,,,,,,,,,,,,
2026-07-09,,,,,,,,,,,,,,,,,Baltimore Orioles,Chicago Cubs,Baltimore Orioles,,Trevor Rogers,David Peterson,-130.0,97.2,40.7,,2026-07-09T11:38:59.155365,,BAL,CHC,BAL,,,,,,,,,,,,,,,,
,,,,,,,,,,,,,,,,,Minnesota Twins,Cleveland Guardians,Cleveland Guardians,TBD,Bailey Ober,Gavin Williams,-110.0,78.7,26.3,True,2026-07-09T11:39:00.871101,13.8,MIN,CLE,CLE,,,,,,,,,,,,,,,,
2026-07-09,,,,,,,,,,,,,,,,,Minnesota Twins,Cleveland Guardians,Cleveland Guardians,,Bailey Ober,Gavin Williams,-110.0,78.7,26.3,,2026-07-09T11:39:00.877075,,MIN,CLE,CLE,,,,,,,,,,,,,,,,
,,,,,,,,,,,,,,,,,Chicago White Sox,Boston Red Sox,Boston Red Sox,TBD,Anthony Kay,Patrick Sandoval,124.0,59.4,14.7,True,2026-07-09T11:39:02.532068,6.65,CWS,BOS,BOS,,,,,,,,,,,,,,,,
2026-07-09,,,,,,,,,,,,,,,,,Chicago White Sox,Boston Red Sox,Boston Red Sox,,Anthony Kay,Patrick Sandoval,124.0,59.4,14.7,,2026-07-09T11:39:02.538090,,CWS,BOS,BOS,,,,,,,,,,,,,,,,
,,,,,,,,,,,,,,,,,Detroit Tigers,Athletics,Detroit Tigers,TBD,Framber Valdez,Jack Perkins,-130.0,100.0,43.5,True,2026-07-09T11:39:04.448106,25.0,DET,OAK,DET,,,,,,,,,,,,,,,,
2026-07-09,,,,,,,,,,,,,,,,,Detroit Tigers,Athletics,Detroit Tigers,,Framber Valdez,Jack Perkins,-130.0,100.0,43.5,,2026-07-09T11:39:04.454021,,DET,OAK,DET,,,,,,,,,,,,,,,,
,,,,,,,,,,,,,,,,,Miami Marlins,Seattle Mariners,Seattle Mariners,TBD,Janson Junk,Bryce Miller,-110.0,100.0,47.6,True,2026-07-09T11:39:05.885325,25.0,MIA,SEA,SEA,,,,,,,,,,,,,,,,
2026-07-09,,,,,,,,,,,,,,,,,Miami Marlins,Seattle Mariners,Seattle Mariners,,Janson Junk,Bryce Miller,-110.0,100.0,47.6,,2026-07-09T11:39:05.891193,,MIA,SEA,SEA,,,,,,,,,,,,,,,,
,,,,,,,,,,,,,,,,,Cincinnati Reds,Philadelphia Phillies,Philadelphia Phillies,TBD,Brady Singer,Jesús Luzardo,-137.0,99.0,41.1,True,2026-07-09T11:39:07.118777,24.43,CIN,PHI,PHI,,,,,,,,,,,,,,,,
2026-07-09,,,,,,,,,,,,,,,,,Cincinnati Reds,Philadelphia Phillies,Philadelphia Phillies,,Brady Singer,Jesús Luzardo,-137.0,99.0,41.1,,2026-07-09T11:39:07.124624,,CIN,PHI,PHI,,,,,,,,,,,,,,,,
,,,,,,,,,,,,,,,,,St. Louis Cardinals,Milwaukee Brewers,Milwaukee Brewers,TBD,Andre Pallante,Logan Henderson,-112.0,99.6,46.8,True,2026-07-09T11:39:08.744355,24.78,STL,MIL,MIL,,,,,,,,,,,,,,,,
2026-07-09,,,,,,,,,,,,,,,,,St. Louis Cardinals,Milwaukee Brewers,Milwaukee Brewers,,Andre Pallante,Logan Henderson,-112.0,99.6,46.8,,2026-07-09T11:39:08.750320,,STL,MIL,MIL,,,,,,,,,,,,,,,,
,,,,,,,,,,,,,,,,,Texas Rangers,Los Angeles Angels,Texas Rangers,TBD,Nathan Eovaldi,Reid Detmers,-132.0,92.1,35.2,True,2026-07-09T11:39:10.038102,20.4,TEX,LAA,TEX,,,,,,,,,,,,,,,,
2026-07-09,,,,,,,,,,,,,,,,,Texas Rangers,Los Angeles Angels,Texas Rangers,,Nathan Eovaldi,Reid Detmers,-132.0,92.1,35.2,,2026-07-09T11:39:10.044003,,TEX,LAA,TEX,,,,,,,,,,,,,,,,
,,,,,,,,,,,,,,,,,San Diego Padres,Arizona Diamondbacks,Arizona Diamondbacks,TBD,Griffin Canning,Merrill Kelly,125.0,79.4,35.1,True,2026-07-09T11:39:12.092092,15.73,SD,ARI,ARI,,,,,,,,,,,,,,,,
2026-07-09,,,,,,,,,,,,,,,,,San Diego Padres,Arizona Diamondbacks,Arizona Diamondbacks,,Griffin Canning,Merrill Kelly,125.0,79.4,35.1,,2026-07-09T11:39:12.098300,,SD,ARI,ARI,,,,,,,,,,,,,,,,
,,,,,,,,,,,,,,,,,San Francisco Giants,Colorado Rockies,San Francisco Giants,TBD,TBD,Ryan Feltner,-132.0,63.6,6.7,True,2026-07-09T11:39:13.596530,3.91,SF,COL,SF,,,,,,,,,,,,,,,,
2026-07-09,,,,,,,,,,,,,,,,,San Francisco Giants,Colorado Rockies,San Francisco Giants,,TBD,Ryan Feltner,-132.0,63.6,6.7,,2026-07-09T11:39:13.602589,,SF,COL,SF,,,,,,,,,,,,,,,,
,,,,,,,,,,,,,,,,,Pittsburgh Pirates,Atlanta Braves,Atlanta Braves,TBD,Mitch Keller,Bryce Elder,104.0,88.6,39.6,True,2026-07-09T11:41:55.606686,19.43,PIT,ATL,ATL,,,,,,,,,,,,,,,,
2026-07-09,,,,,,,,,,,,,,,,,Pittsburgh Pirates,Atlanta Braves,Atlanta Braves,,Mitch Keller,Bryce Elder,104.0,88.6,39.6,,2026-07-09T11:41:55.614529,,PIT,ATL,ATL,,,,,,,,,,,,,,,,
,,,,,,,,,,,,,,,,,Tampa Bay Rays,New York Yankees,Tampa Bay Rays,TBD,Drew Rasmussen,Paul Blackburn,-150.0,74.8,14.8,True,2026-07-09T11:41:56.515599,9.22,TB,NYY,TB,,,,,,,,,,,,,,,,
2026-07-09,,,,,,,,,,,,,,,,,Tampa Bay Rays,New York Yankees,Tampa Bay Rays,,Drew Rasmussen,Paul Blackburn,-150.0,74.8,14.8,,2026-07-09T11:41:56.521992,,TB,NYY,TB,,,,,,,,,,,,,,,,
,,,,,,,,,,,,,,,,,New York Mets,Kansas City Royals,Kansas City Royals,TBD,Sean Manaea,Michael Wacha,136.0,84.8,42.4,True,2026-07-09T11:41:57.079629,18.41,NYM,KC,KC,,,,,,,,,,,,,,,,
2026-07-09,,,,,,,,,,,,,,,,,New York Mets,Kansas City Royals,Kansas City Royals,,Sean Manaea,Michael Wacha,136.0,84.8,42.4,,2026-07-09T11:41:57.085994,,NYM,KC,KC,,,,,,,,,,,,,,,,
,,,,,,,,,,,,,,,,,Baltimore Orioles,Chicago Cubs,Baltimore Orioles,TBD,Trevor Rogers,David Peterson,-130.0,97.3,40.7,True,2026-07-09T11:41:57.816668,23.42,BAL,CHC,BAL,,,,,,,,,,,,,,,,
2026-07-09,,,,,,,,,,,,,,,,,Baltimore Orioles,Chicago Cubs,Baltimore Orioles,,Trevor Rogers,David Peterson,-130.0,97.3,40.7,,2026-07-09T11:41:57.822933,,BAL,CHC,BAL,,,,,,,,,,,,,,,,
,,,,,,,,,,,,,,,,,Minnesota Twins,Cleveland Guardians,Cleveland Guardians,TBD,Bailey Ober,Gavin Williams,-110.0,78.6,26.3,True,2026-07-09T11:41:58.354476,13.78,MIN,CLE,CLE,,,,,,,,,,,,,,,,
2026-07-09,,,,,,,,,,,,,,,,,Minnesota Twins,Cleveland Guardians,Cleveland Guardians,,Bailey Ober,Gavin Williams,-110.0,78.6,26.3,,2026-07-09T11:41:58.360481,,MIN,CLE,CLE,,,,,,,,,,,,,,,,
,,,,,,,,,,,,,,,,,Chicago White Sox,Boston Red Sox,Boston Red Sox,TBD,Anthony Kay,Patrick Sandoval,124.0,59.5,14.9,True,2026-07-09T11:41:59.158049,6.71,CWS,BOS,BOS,,,,,,,,,,,,,,,,
2026-07-09,,,,,,,,,,,,,,,,,Chicago White Sox,Boston Red Sox,Boston Red Sox,,Anthony Kay,Patrick Sandoval,124.0,59.5,14.9,,2026-07-09T11:41:59.164107,,CWS,BOS,BOS,,,,,,,,,,,,,,,,
,,,,,,,,,,,,,,,,,Detroit Tigers,Athletics,Detroit Tigers,TBD,Framber Valdez,Jack Perkins,-130.0,100.0,43.5,True,2026-07-09T11:42:01.347229,25.0,DET,OAK,DET,,,,,,,,,,,,,,,,
2026-07-09,,,,,,,,,,,,,,,,,Detroit Tigers,Athletics,Detroit Tigers,,Framber Valdez,Jack Perkins,-130.0,100.0,43.5,,2026-07-09T11:42:01.353183,,DET,OAK,DET,,,,,,,,,,,,,,,,
,,,,,,,,,,,,,,,,,Miami Marlins,Seattle Mariners,Seattle Mariners,TBD,Janson Junk,Bryce Miller,-110.0,100.0,47.6,True,2026-07-09T11:42:02.549433,24.99,MIA,SEA,SEA,,,,,,,,,,,,,,,,
2026-07-09,,,,,,,,,,,,,,,,,Miami Marlins,Seattle Mariners,Seattle Mariners,,Janson Junk,Bryce Miller,-110.0,100.0,47.6,,2026-07-09T11:42:02.555523,,MIA,SEA,SEA,,,,,,,,,,,,,,,,
,,,,,,,,,,,,,,,,,Cincinnati Reds,Philadelphia Phillies,Philadelphia Phillies,TBD,Brady Singer,Jesús Luzardo,-137.0,99.0,41.1,True,2026-07-09T11:42:03.104201,24.43,CIN,PHI,PHI,,,,,,,,,,,,,,,,
2026-07-09,,,,,,,,,,,,,,,,,Cincinnati Reds,Philadelphia Phillies,Philadelphia Phillies,,Brady Singer,Jesús Luzardo,-137.0,99.0,41.1,,2026-07-09T11:42:03.110193,,CIN,PHI,PHI,,,,,,,,,,,,,,,,
,,,,,,,,,,,,,,,,,St. Louis Cardinals,Milwaukee Brewers,Milwaukee Brewers,TBD,Andre Pallante,Logan Henderson,-112.0,99.6,46.8,True,2026-07-09T11:42:03.947314,24.8,STL,MIL,MIL,,,,,,,,,,,,,,,,
2026-07-09,,,,,,,,,,,,,,,,,St. Louis Cardinals,Milwaukee Brewers,Milwaukee Brewers,,Andre Pallante,Logan Henderson,-112.0,99.6,46.8,,2026-07-09T11:42:03.953391,,STL,MIL,MIL,,,,,,,,,,,,,,,,
,,,,,,,,,,,,,,,,,Texas Rangers,Los Angeles Angels,Texas Rangers,TBD,Nathan Eovaldi,Reid Detmers,-132.0,92.2,35.3,True,2026-07-09T11:42:04.908341,20.5,TEX,LAA,TEX,,,,,,,,,,,,,,,,
2026-07-09,,,,,,,,,,,,,,,,,Texas Rangers,Los Angeles Angels,Texas Rangers,,Nathan Eovaldi,Reid Detmers,-132.0,92.2,35.3,,2026-07-09T11:42:04.914310,,TEX,LAA,TEX,,,,,,,,,,,,,,,,
,,,,,,,,,,,,,,,,,San Diego Padres,Arizona Diamondbacks,Arizona Diamondbacks,TBD,Griffin Canning,Merrill Kelly,125.0,79.4,35.1,True,2026-07-09T11:42:08.324855,15.72,SD,ARI,ARI,,,,,,,,,,,,,,,,
2026-07-09,,,,,,,,,,,,,,,,,San Diego Padres,Arizona Diamondbacks,Arizona Diamondbacks,,Griffin Canning,Merrill Kelly,125.0,79.4,35.1,,2026-07-09T11:42:08.330801,,SD,ARI,ARI,,,,,,,,,,,,,,,,
,,,,,,,,,,,,,,,,,San Francisco Giants,Colorado Rockies,San Francisco Giants,TBD,TBD,Ryan Feltner,-132.0,63.5,6.6,True,2026-07-09T11:42:08.949528,3.85,SF,COL,SF,,,,,,,,,,,,,,,,
2026-07-09,,,,,,,,,,,,,,,,,San Francisco Giants,Colorado Rockies,San Francisco Giants,,TBD,Ryan Feltner,-132.0,63.5,6.6,,2026-07-09T11:42:08.955534,,SF,COL,SF,,,,,,,,,,,,,,,,
,,,,,,,,,,,,,,,,,Pittsburgh Pirates,Atlanta Braves,Atlanta Braves,TBD,Mitch Keller,Bryce Elder,106.0,88.6,40.0,True,2026-07-09T11:50:22.674700,19.44,PIT,ATL,ATL,,,,,,,,,,,,,,,,
2026-07-09,,,,,,,,,,,,,,,,,Pittsburgh Pirates,Atlanta Braves,Atlanta Braves,,Mitch Keller,Bryce Elder,106.0,88.6,40.0,,2026-07-09T11:50:22.682191,,PIT,ATL,ATL,,,,,,,,,,,,,,,,
,,,,,,,,,,,,,,,,,Tampa Bay Rays,New York Yankees,Tampa Bay Rays,TBD,Drew Rasmussen,Paul Blackburn,-150.0,74.5,14.5,True,2026-07-09T11:50:23.372485,9.06,TB,NYY,TB,,,,,,,,,,,,,,,,
2026-07-09,,,,,,,,,,,,,,,,,Tampa Bay Rays,New York Yankees,Tampa Bay Rays,,Drew Rasmussen,Paul Blackburn,-150.0,74.5,14.5,,2026-07-09T11:50:23.378669,,TB,NYY,TB,,,,,,,,,,,,,,,,
,,,,,,,,,,,,,,,,,New York Mets,Kansas City Royals,Kansas City Royals,TBD,Sean Manaea,Michael Wacha,136.0,84.5,42.2,True,2026-07-09T11:50:24.031018,18.3,NYM,KC,KC,,,,,,,,,,,,,,,,
2026-07-09,,,,,,,,,,,,,,,,,New York Mets,Kansas City Royals,Kansas City Royals,,Sean Manaea,Michael Wacha,136.0,84.5,42.2,,2026-07-09T11:50:24.037208,,NYM,KC,KC,,,,,,,,,,,,,,,,
,,,,,,,,,,,,,,,,,Baltimore Orioles,Chicago Cubs,Baltimore Orioles,TBD,Trevor Rogers,David Peterson,-130.0,97.4,40.8,True,2026-07-09T11:50:25.608611,23.48,BAL,CHC,BAL,,,,,,,,,,,,,,,,
2026-07-09,,,,,,,,,,,,,,,,,Baltimore Orioles,Chicago Cubs,Baltimore Orioles,,Trevor Rogers,David Peterson,-130.0,97.4,40.8,,2026-07-09T11:50:25.614649,,BAL,CHC,BAL,,,,,,,,,,,,,,,,
,,,,,,,,,,,,,,,,,Minnesota Twins,Cleveland Guardians,Cleveland Guardians,TBD,Bailey Ober,Gavin Williams,-110.0,78.8,26.4,True,2026-07-09T11:50:26.237562,13.86,MIN,CLE,CLE,,,,,,,,,,,,,,,,
2026-07-09,,,,,,,,,,,,,,,,,Minnesota Twins,Cleveland Guardians,Cleveland Guardians,,Bailey Ober,Gavin Williams,-110.0,78.8,26.4,,2026-07-09T11:50:26.243667,,MIN,CLE,CLE,,,,,,,,,,,,,,,,
,,,,,,,,,,,,,,,,,Chicago White Sox,Boston Red Sox,Boston Red Sox,TBD,Anthony Kay,Patrick Sandoval,119.0,60.4,14.9,True,2026-07-09T11:50:27.675678,6.77,CWS,BOS,BOS,,,,,,,,,,,,,,,,
2026-07-09,,,,,,,,,,,,,,,,,Chicago White Sox,Boston Red Sox,Boston Red Sox,,Anthony Kay,Patrick Sandoval,119.0,60.4,14.9,,2026-07-09T11:50:27.681797,,CWS,BOS,BOS,,,,,,,,,,,,,,,,
,,,,,,,,,,,,,,,,,Detroit Tigers,Athletics,Detroit Tigers,TBD,Framber Valdez,Jack Perkins,-130.0,100.0,43.5,True,2026-07-09T11:50:29.160185,25.0,DET,OAK,DET,,,,,,,,,,,,,,,,
2026-07-09,,,,,,,,,,,,,,,,,Detroit Tigers,Athletics,Detroit Tigers,,Framber Valdez,Jack Perkins,-130.0,100.0,43.5,,2026-07-09T11:50:29.166227,,DET,OAK,DET,,,,,,,,,,,,,,,,
,,,,,,,,,,,,,,,,,Miami Marlins,Seattle Mariners,Seattle Mariners,TBD,Janson Junk,Bryce Miller,-110.0,100.0,47.6,True,2026-07-09T11:50:29.707051,25.0,MIA,SEA,SEA,,,,,,,,,,,,,,,,
2026-07-09,,,,,,,,,,,,,,,,,Miami Marlins,Seattle Mariners,Seattle Mariners,,Janson Junk,Bryce Miller,-110.0,100.0,47.6,,2026-07-09T11:50:29.713080,,MIA,SEA,SEA,,,,,,,,,,,,,,,,
,,,,,,,,,,,,,,,,,Cincinnati Reds,Philadelphia Phillies,Philadelphia Phillies,TBD,Brady Singer,Jesús Luzardo,-137.0,99.2,41.2,True,2026-07-09T11:50:30.319551,24.51,CIN,PHI,PHI,,,,,,,,,,,,,,,,
2026-07-09,,,,,,,,,,,,,,,,,Cincinnati Reds,Philadelphia Phillies,Philadelphia Phillies,,Brady Singer,Jesús Luzardo,-137.0,99.2,41.2,,2026-07-09T11:50:30.325581,,CIN,PHI,PHI,,,,,,,,,,,,,,,,
,,,,,,,,,,,,,,,,,St. Louis Cardinals,Milwaukee Brewers,Milwaukee Brewers,TBD,Andre Pallante,Logan Henderson,-112.0,99.7,46.9,True,2026-07-09T11:50:31.058958,24.84,STL,MIL,MIL,,,,,,,,,,,,,,,,
2026-07-09,,,,,,,,,,,,,,,,,St. Louis Cardinals,Milwaukee Brewers,Milwaukee Brewers,,Andre Pallante,Logan Henderson,-112.0,99.7,46.9,,2026-07-09T11:50:31.064992,,STL,MIL,MIL,,,,,,,,,,,,,,,,
,,,,,,,,,,,,,,,,,Texas Rangers,Los Angeles Angels,Texas Rangers,TBD,Nathan Eovaldi,Reid Detmers,-132.0,92.0,35.1,True,2026-07-09T11:50:31.537716,20.35,TEX,LAA,TEX,,,,,,,,,,,,,,,,
2026-07-09,,,,,,,,,,,,,,,,,Texas Rangers,Los Angeles Angels,Texas Rangers,,Nathan Eovaldi,Reid Detmers,-132.0,92.0,35.1,,2026-07-09T11:50:31.543701,,TEX,LAA,TEX,,,,,,,,,,,,,,,,
,,,,,,,,,,,,,,,,,San Diego Padres,Arizona Diamondbacks,Arizona Diamondbacks,TBD,Griffin Canning,Merrill Kelly,125.0,79.7,35.4,True,2026-07-09T11:50:33.797101,15.85,SD,ARI,ARI,,,,,,,,,,,,,,,,
2026-07-09,,,,,,,,,,,,,,,,,San Diego Padres,Arizona Diamondbacks,Arizona Diamondbacks,,Griffin Canning,Merrill Kelly,125.0,79.7,35.4,,2026-07-09T11:50:33.803186,,SD,ARI,ARI,,,,,,,,,,,,,,,,
,,,,,,,,,,,,,,,,,San Francisco Giants,Colorado Rockies,San Francisco Giants,TBD,TBD,Ryan Feltner,-132.0,63.4,6.5,True,2026-07-09T11:50:34.390331,3.76,SF,COL,SF,,,,,,,,,,,,,,,,
2026-07-09,,,,,,,,,,,,,,,,,San Francisco Giants,Colorado Rockies,San Francisco Giants,,TBD,Ryan Feltner,-132.0,63.4,6.5,,2026-07-09T11:50:34.396389,,SF,COL,SF,,,,,,,,,,,,,,,,
,,,,,,,,,,,,,,,,,Pittsburgh Pirates,Atlanta Braves,Atlanta Braves,TBD,Mitch Keller,Bryce Elder,106.0,88.6,40.0,True,2026-07-09T11:52:45.420544,19.44,PIT,ATL,ATL,,,,,,,,,,,,,,,,
2026-07-09,,,,,,,,,,,,,,,,,Pittsburgh Pirates,Atlanta Braves,Atlanta Braves,,Mitch Keller,Bryce Elder,106.0,88.6,40.0,,2026-07-09T11:52:45.427992,,PIT,ATL,ATL,,,,,,,,,,,,,,,,
,,,,,,,,,,,,,,,,,Tampa Bay Rays,New York Yankees,Tampa Bay Rays,TBD,Drew Rasmussen,Paul Blackburn,-150.0,75.0,15.0,True,2026-07-09T11:52:46.031862,9.35,TB,NYY,TB,,,,,,,,,,,,,,,,
2026-07-09,,,,,,,,,,,,,,,,,Tampa Bay Rays,New York Yankees,Tampa Bay Rays,,Drew Rasmussen,Paul Blackburn,-150.0,75.0,15.0,,2026-07-09T11:52:46.038082,,TB,NYY,TB,,,,,,,,,,,,,,,,
,,,,,,,,,,,,,,,,,New York Mets,Kansas City Royals,Kansas City Royals,TBD,Sean Manaea,Michael Wacha,136.0,84.0,41.6,True,2026-07-09T11:52:46.569564,18.06,NYM,KC,KC,,,,,,,,,,,,,,,,
2026-07-09,,,,,,,,,,,,,,,,,New York Mets,Kansas City Royals,Kansas City Royals,,Sean Manaea,Michael Wacha,136.0,84.0,41.6,,2026-07-09T11:52:46.575687,,NYM,KC,KC,,,,,,,,,,,,,,,,
,,,,,,,,,,,,,,,,,Baltimore Orioles,Chicago Cubs,Baltimore Orioles,TBD,Trevor Rogers,David Peterson,-130.0,97.3,40.8,True,2026-07-09T11:52:47.209056,23.47,BAL,CHC,BAL,,,,,,,,,,,,,,,,
2026-07-09,,,,,,,,,,,,,,,,,Baltimore Orioles,Chicago Cubs,Baltimore Orioles,,Trevor Rogers,David Peterson,-130.0,97.3,40.8,,2026-07-09T11:52:47.215226,,BAL,CHC,BAL,,,,,,,,,,,,,,,,
,,,,,,,,,,,,,,,,,Minnesota Twins,Cleveland Guardians,Cleveland Guardians,TBD,Bailey Ober,Gavin Williams,-110.0,78.5,26.1,True,2026-07-09T11:52:47.799929,13.71,MIN,CLE,CLE,,,,,,,,,,,,,,,,
2026-07-09,,,,,,,,,,,,,,,,,Minnesota Twins,Cleveland Guardians,Cleveland Guardians,,Bailey Ober,Gavin Williams,-110.0,78.5,26.1,,2026-07-09T11:52:47.806080,,MIN,CLE,CLE,,,,,,,,,,,,,,,,
,,,,,,,,,,,,,,,,,Chicago White Sox,Boston Red Sox,Boston Red Sox,TBD,Anthony Kay,Patrick Sandoval,116.0,60.7,14.4,True,2026-07-09T11:52:49.017559,6.71,CWS,BOS,BOS,,,,,,,,,,,,,,,,
2026-07-09,,,,,,,,,,,,,,,,,Chicago White Sox,Boston Red Sox,Boston Red Sox,,Anthony Kay,Patrick Sandoval,116.0,60.7,14.4,,2026-07-09T11:52:49.023879,,CWS,BOS,BOS,,,,,,,,,,,,,,,,
,,,,,,,,,,,,,,,,,Detroit Tigers,Athletics,Detroit Tigers,TBD,Framber Valdez,Jack Perkins,-130.0,100.0,43.5,True,2026-07-09T11:52:50.399142,25.0,DET,OAK,DET,,,,,,,,,,,,,,,,
2026-07-09,,,,,,,,,,,,,,,,,Detroit Tigers,Athletics,Detroit Tigers,,Framber Valdez,Jack Perkins,-130.0,100.0,43.5,,2026-07-09T11:52:50.405301,,DET,OAK,DET,,,,,,,,,,,,,,,,
,,,,,,,,,,,,,,,,,Miami Marlins,Seattle Mariners,Seattle Mariners,TBD,Janson Junk,Bryce Miller,-110.0,100.0,47.6,True,2026-07-09T11:52:51.117499,25.0,MIA,SEA,SEA,,,,,,,,,,,,,,,,
2026-07-09,,,,,,,,,,,,,,,,,Miami Marlins,Seattle Mariners,Seattle Mariners,,Janson Junk,Bryce Miller,-110.0,100.0,47.6,,2026-07-09T11:52:51.123696,,MIA,SEA,SEA,,,,,,,,,,,,,,,,
,,,,,,,,,,,,,,,,,Cincinnati Reds,Philadelphia Phillies,Philadelphia Phillies,TBD,Brady Singer,Jesús Luzardo,-137.0,99.1,41.1,True,2026-07-09T11:52:51.622693,24.45,CIN,PHI,PHI,,,,,,,,,,,,,,,,
2026-07-09,,,,,,,,,,,,,,,,,Cincinnati Reds,Philadelphia Phillies,Philadelphia Phillies,,Brady Singer,Jesús Luzardo,-137.0,99.1,41.1,,2026-07-09T11:52:51.628969,,CIN,PHI,PHI,,,,,,,,,,,,,,,,
,,,,,,,,,,,,,,,,,St. Louis Cardinals,Milwaukee Brewers,Milwaukee Brewers,TBD,Andre Pallante,Logan Henderson,-112.0,99.7,46.8,True,2026-07-09T11:52:52.630967,24.82,STL,MIL,MIL,,,,,,,,,,,,,,,,
2026-07-09,,,,,,,,,,,,,,,,,St. Louis Cardinals,Milwaukee Brewers,Milwaukee Brewers,,Andre Pallante,Logan Henderson,-112.0,99.7,46.8,,2026-07-09T11:52:52.637089,,STL,MIL,MIL,,,,,,,,,,,,,,,,
,,,,,,,,,,,,,,,,,Texas Rangers,Los Angeles Angels,Texas Rangers,TBD,Nathan Eovaldi,Reid Detmers,-132.0,92.1,35.2,True,2026-07-09T11:52:53.392837,20.43,TEX,LAA,TEX,,,,,,,,,,,,,,,,
2026-07-09,,,,,,,,,,,,,,,,,Texas Rangers,Los Angeles Angels,Texas Rangers,,Nathan Eovaldi,Reid Detmers,-132.0,92.1,35.2,,2026-07-09T11:52:53.398961,,TEX,LAA,TEX,,,,,,,,,,,,,,,,
,,,,,,,,,,,,,,,,,San Diego Padres,Arizona Diamondbacks,Arizona Diamondbacks,TBD,Griffin Canning,Merrill Kelly,125.0,79.6,35.3,True,2026-07-09T11:52:54.589397,15.8,SD,ARI,ARI,,,,,,,,,,,,,,,,
2026-07-09,,,,,,,,,,,,,,,,,San Diego Padres,Arizona Diamondbacks,Arizona Diamondbacks,,Griffin Canning,Merrill Kelly,125.0,79.6,35.3,,2026-07-09T11:52:54.595550,,SD,ARI,ARI,,,,,,,,,,,,,,,,
,,,,,,,,,,,,,,,,,San Francisco Giants,Colorado Rockies,San Francisco Giants,TBD,TBD,Ryan Feltner,-132.0,63.2,6.3,True,2026-07-09T11:52:55.215467,3.68,SF,COL,SF,,,,,,,,,,,,,,,,
2026-07-09,,,,,,,,,,,,,,,,,San Francisco Giants,Colorado Rockies,San Francisco Giants,,TBD,Ryan Feltner,-132.0,63.2,6.3,,2026-07-09T11:52:55.221539,,SF,COL,SF,,,,,,,,,,,,,,,,
,,,,,,,,,,,,,,,,,Pittsburgh Pirates,Atlanta Braves,Atlanta Braves,TBD,Mitch Keller,Bryce Elder,106.0,88.5,40.0,True,2026-07-09T11:58:31.461833,19.41,PIT,ATL,ATL,,,,,,,,,,,,,,,,
2026-07-09,,,,,,,,,,,,,,,,,Pittsburgh Pirates,Atlanta Braves,Atlanta Braves,,Mitch Keller,Bryce Elder,106.0,88.5,40.0,,2026-07-09T11:58:31.472242,,PIT,ATL,ATL,,,,,,,,,,,,,,,,
,,,,,,,,,,,,,,,,,Tampa Bay Rays,New York Yankees,Tampa Bay Rays,TBD,Drew Rasmussen,Paul Blackburn,-150.0,74.9,14.9,True,2026-07-09T11:59:02.979315,9.28,TB,NYY,TB,,,,,,,,,,,,,,,,
2026-07-09,,,,,,,,,,,,,,,,,Tampa Bay Rays,New York Yankees,Tampa Bay Rays,,Drew Rasmussen,Paul Blackburn,-150.0,74.9,14.9,,2026-07-09T11:59:02.997440,,TB,NYY,TB,,,,,,,,,,,,,,,,
,,,,,,,,,,,,,,,,,New York Mets,Kansas City Royals,Kansas City Royals,TBD,Sean Manaea,Michael Wacha,136.0,84.1,41.8,True,2026-07-09T11:59:36.170196,18.12,NYM,KC,KC,,,,,,,,,,,,,,,,
2026-07-09,,,,,,,,,,,,,,,,,New York Mets,Kansas City Royals,Kansas City Royals,,Sean Manaea,Michael Wacha,136.0,84.1,41.8,,2026-07-09T11:59:36.180319,,NYM,KC,KC,,,,,,,,,,,,,,,,
,,,,,,,,,,,,,,,,,Baltimore Orioles,Chicago Cubs,Baltimore Orioles,TBD,Trevor Rogers,David Peterson,-130.0,97.3,40.8,True,2026-07-09T12:00:23.805266,23.47,BAL,CHC,BAL,,,,,,,,,,,,,,,,
2026-07-09,,,,,,,,,,,,,,,,,Baltimore Orioles,Chicago Cubs,Baltimore Orioles,,Trevor Rogers,David Peterson,-130.0,97.3,40.8,,2026-07-09T12:00:23.814155,,BAL,CHC,BAL,,,,,,,,,,,,,,,,
,,,,,,,,,,,,,,,,,Minnesota Twins,Cleveland Guardians,Cleveland Guardians,TBD,Bailey Ober,Gavin Williams,-110.0,78.8,26.4,True,2026-07-09T12:01:08.773113,13.85,MIN,CLE,CLE,,,,,,,,,,,,,,,,
2026-07-09,,,,,,,,,,,,,,,,,Minnesota Twins,Cleveland Guardians,Cleveland Guardians,,Bailey Ober,Gavin Williams,-110.0,78.8,26.4,,2026-07-09T12:01:08.782804,,MIN,CLE,CLE,,,,,,,,,,,,,,,,
,,,,,,,,,,,,,,,,,Chicago White Sox,Boston Red Sox,Boston Red Sox,TBD,Anthony Kay,Patrick Sandoval,116.0,71.3,25.0,True,2026-07-09T12:01:44.637508,11.63,CWS,BOS,BOS,,,,,,,,,,,,,,,,
2026-07-09,,,,,,,,,,,,,,,,,Chicago White Sox,Boston Red Sox,Boston Red Sox,,Anthony Kay,Patrick Sandoval,116.0,71.3,25.0,,2026-07-09T12:01:44.646373,,CWS,BOS,BOS,,,,,,,,,,,,,,,,
,,,,,,,,,,,,,,,,,Detroit Tigers,Athletics,Detroit Tigers,TBD,Framber Valdez,Jack Perkins,-130.0,100.0,43.5,True,2026-07-09T12:02:23.770061,25.0,DET,OAK,DET,,,,,,,,,,,,,,,,
2026-07-09,,,,,,,,,,,,,,,,,Detroit Tigers,Athletics,Detroit Tigers,,Framber Valdez,Jack Perkins,-130.0,100.0,43.5,,2026-07-09T12:02:23.780403,,DET,OAK,DET,,,,,,,,,,,,,,,,
,,,,,,,,,,,,,,,,,Miami Marlins,Seattle Mariners,Seattle Mariners,TBD,Janson Junk,Bryce Miller,-110.0,100.0,47.6,True,2026-07-09T12:03:18.825451,25.0,MIA,SEA,SEA,,,,,,,,,,,,,,,,
2026-07-09,,,,,,,,,,,,,,,,,Miami Marlins,Seattle Mariners,Seattle Mariners,,Janson Junk,Bryce Miller,-110.0,100.0,47.6,,2026-07-09T12:03:18.833159,,MIA,SEA,SEA,,,,,,,,,,,,,,,,
,,,,,,,,,,,,,,,,,Cincinnati Reds,Philadelphia Phillies,Philadelphia Phillies,TBD,Brady Singer,Jesús Luzardo,-137.0,99.1,41.1,True,2026-07-09T12:04:01.517723,24.46,CIN,PHI,PHI,,,,,,,,,,,,,,,,
2026-07-09,,,,,,,,,,,,,,,,,Cincinnati Reds,Philadelphia Phillies,Philadelphia Phillies,,Brady Singer,Jesús Luzardo,-137.0,99.1,41.1,,2026-07-09T12:04:01.525665,,CIN,PHI,PHI,,,,,,,,,,,,,,,,
,,,,,,,,,,,,,,,,,St. Louis Cardinals,Milwaukee Brewers,Milwaukee Brewers,TBD,Andre Pallante,Logan Henderson,-112.0,99.6,46.8,True,2026-07-09T12:04:37.814895,24.81,STL,MIL,MIL,,,,,,,,,,,,,,,,
2026-07-09,,,,,,,,,,,,,,,,,St. Louis Cardinals,Milwaukee Brewers,Milwaukee Brewers,,Andre Pallante,Logan Henderson,-112.0,99.6,46.8,,2026-07-09T12:04:37.823347,,STL,MIL,MIL,,,,,,,,,,,,,,,,
,,,,,,,,,,,,,,,,,Texas Rangers,Los Angeles Angels,Texas Rangers,TBD,Nathan Eovaldi,Reid Detmers,-132.0,91.8,34.9,True,2026-07-09T12:05:19.276129,20.23,TEX,LAA,TEX,,,,,,,,,,,,,,,,
2026-07-09,,,,,,,,,,,,,,,,,Texas Rangers,Los Angeles Angels,Texas Rangers,,Nathan Eovaldi,Reid Detmers,-132.0,91.8,34.9,,2026-07-09T12:05:19.284441,,TEX,LAA,TEX,,,,,,,,,,,,,,,,
,,,,,,,,,,,,,,,,,San Diego Padres,Arizona Diamondbacks,Arizona Diamondbacks,TBD,Griffin Canning,Merrill Kelly,125.0,79.6,35.3,True,2026-07-09T12:05:54.069686,15.82,SD,ARI,ARI,,,,,,,,,,,,,,,,
2026-07-09,,,,,,,,,,,,,,,,,San Diego Padres,Arizona Diamondbacks,Arizona Diamondbacks,,Griffin Canning,Merrill Kelly,125.0,79.6,35.3,,2026-07-09T12:05:54.078465,,SD,ARI,ARI,,,,,,,,,,,,,,,,
,,,,,,,,,,,,,,,,,San Francisco Giants,Colorado Rockies,San Francisco Giants,TBD,TBD,Ryan Feltner,-132.0,63.2,6.3,True,2026-07-09T12:06:34.758088,3.65,SF,COL,SF,,,,,,,,,,,,,,,,
2026-07-09,,,,,,,,,,,,,,,,,San Francisco Giants,Colorado Rockies,San Francisco Giants,,TBD,Ryan Feltner,-132.0,63.2,6.3,,2026-07-09T12:06:34.767451,,SF,COL,SF,,,,,,,,,,,,,,,,
,,,,,,,,,,,,,,,,,Pittsburgh Pirates,Atlanta Braves,Atlanta Braves,TBD,Mitch Keller,Bryce Elder,-117.0,81.2,27.1,True,2026-07-09T16:04:46.776754,14.82,PIT,ATL,ATL,,,,,,,,,,,,,,,,
2026-07-09,,,,,,,,,,,,,,,,,Pittsburgh Pirates,Atlanta Braves,Atlanta Braves,,Mitch Keller,Bryce Elder,-117.0,81.2,27.1,,2026-07-09T16:04:46.786689,,PIT,ATL,ATL,,,,,,,,,,,,,,,,
,,,,,,,,,,,,,,,,,Baltimore Orioles,Chicago Cubs,Baltimore Orioles,TBD,Trevor Rogers,David Peterson,-1800.0,92.5,-2.2,True,2026-07-09T16:15:16.530117,0.0,BAL,CHC,BAL,,,,,,,,,,,,,,,,
2026-07-09,,,,,,,,,,,,,,,,,Baltimore Orioles,Chicago Cubs,Baltimore Orioles,,Trevor Rogers,David Peterson,-1800.0,92.5,-2.2,,2026-07-09T16:15:16.538073,,BAL,CHC,BAL,,,,,,,,,,,,,,,,
,,,,,,,,,,,,,,,,,Minnesota Twins,Cleveland Guardians,Cleveland Guardians,TBD,Bailey Ober,Gavin Williams,-3300.0,99.6,2.5,True,2026-07-09T16:15:21.450190,21.18,MIN,CLE,CLE,,,,,,,,,,,,,,,,
2026-07-09,,,,,,,,,,,,,,,,,Minnesota Twins,Cleveland Guardians,Cleveland Guardians,,Bailey Ober,Gavin Williams,-3300.0,99.6,2.5,,2026-07-09T16:15:21.456681,,MIN,CLE,CLE,,,,,,,,,,,,,,,,
,,,,,,,,,,,,,,,,,Chicago White Sox,Boston Red Sox,Boston Red Sox,TBD,Anthony Kay,Patrick Sandoval,-196.0,75.9,9.7,True,2026-07-09T16:15:25.989869,7.17,CWS,BOS,BOS,,,,,,,,,,,,,,,,
2026-07-09,,,,,,,,,,,,,,,,,Chicago White Sox,Boston Red Sox,Boston Red Sox,,Anthony Kay,Patrick Sandoval,-196.0,75.9,9.7,,2026-07-09T16:15:25.996225,,CWS,BOS,BOS,,,,,,,,,,,,,,,,
,,,,,,,,,,,,,,,,,Detroit Tigers,Athletics,Detroit Tigers,TBD,Framber Valdez,José Suarez,-124.0,76.0,20.6,True,2026-07-09T16:15:30.893288,11.55,DET,OAK,DET,,,,,,,,,,,,,,,,
2026-07-09,,,,,,,,,,,,,,,,,Detroit Tigers,Athletics,Detroit Tigers,,Framber Valdez,José Suarez,-124.0,76.0,20.6,,2026-07-09T16:15:30.899585,,DET,OAK,DET,,,,,,,,,,,,,,,,
,,,,,,,,,,,,,,,,,Miami Marlins,Seattle Mariners,Seattle Mariners,TBD,Janson Junk,Bryce Miller,-112.0,99.9,47.1,True,2026-07-09T16:15:35.708033,24.96,MIA,SEA,SEA,,,,,,,,,,,,,,,,
2026-07-09,,,,,,,,,,,,,,,,,Miami Marlins,Seattle Mariners,Seattle Mariners,,Janson Junk,Bryce Miller,-112.0,99.9,47.1,,2026-07-09T16:15:35.714386,,MIA,SEA,SEA,,,,,,,,,,,,,,,,
,,,,,,,,,,,,,,,,,Cincinnati Reds,Philadelphia Phillies,Philadelphia Phillies,TBD,Brady Singer,Jesús Luzardo,-137.0,100.0,42.0,True,2026-07-09T16:15:40.807044,25.0,CIN,PHI,PHI,,,,,,,,,,,,,,,,
2026-07-09,,,,,,,,,,,,,,,,,Cincinnati Reds,Philadelphia Phillies,Philadelphia Phillies,,Brady Singer,Jesús Luzardo,-137.0,100.0,42.0,,2026-07-09T16:15:40.813317,,CIN,PHI,PHI,,,,,,,,,,,,,,,,
,,,,,,,,,,,,,,,,,St. Louis Cardinals,Milwaukee Brewers,Milwaukee Brewers,TBD,Andre Pallante,Logan Henderson,-113.0,100.0,46.7,True,2026-07-09T16:15:45.578763,25.0,STL,MIL,MIL,,,,,,,,,,,,,,,,
2026-07-09,,,,,,,,,,,,,,,,,St. Louis Cardinals,Milwaukee Brewers,Milwaukee Brewers,,Andre Pallante,Logan Henderson,-113.0,100.0,46.7,,2026-07-09T16:15:45.585128,,STL,MIL,MIL,,,,,,,,,,,,,,,,
,,,,,,,,,,,,,,,,,Texas Rangers,Los Angeles Angels,Los Angeles Angels,TBD,Nathan Eovaldi,Reid Detmers,132.0,62.0,18.9,True,2026-07-09T16:15:50.159003,8.3,TEX,LAA,LAA,,,,,,,,,,,,,,,,
2026-07-09,,,,,,,,,,,,,,,,,Texas Rangers,Los Angeles Angels,Los Angeles Angels,,Nathan Eovaldi,Reid Detmers,132.0,62.0,18.9,,2026-07-09T16:15:50.165169,,TEX,LAA,LAA,,,,,,,,,,,,,,,,
,,,,,,,,,,,,,,,,,San Diego Padres,Arizona Diamondbacks,San Diego Padres,TBD,Griffin Canning,Merrill Kelly,-126.0,93.0,37.2,True,2026-07-09T16:15:54.857498,21.02,SD,ARI,SD,,,,,,,,,,,,,,,,
2026-07-09,,,,,,,,,,,,,,,,,San Diego Padres,Arizona Diamondbacks,San Diego Padres,,Griffin Canning,Merrill Kelly,-126.0,93.0,37.2,,2026-07-09T16:15:54.863673,,SD,ARI,SD,,,,,,,,,,,,,,,,
,,,,,,,,,,,,,,,,,San Francisco Giants,Colorado Rockies,San Francisco Giants,TBD,Carson Whisenhunt,Ryan Feltner,-132.0,94.8,37.9,True,2026-07-09T16:16:00.310194,22.0,SF,COL,SF,,,,,,,,,,,,,,,,
2026-07-09,,,,,,,,,,,,,,,,,San Francisco Giants,Colorado Rockies,San Francisco Giants,,Carson Whisenhunt,Ryan Feltner,-132.0,94.8,37.9,,2026-07-09T16:16:00.316431,,SF,COL,SF,,,,,,,,,,,,,,,,
,,,,,,,,,,,,,,,,,Washington Nationals,New York Yankees,Washington Nationals,TBD,TBD,TBD,136.0,58.1,15.8,True,2026-07-09T16:16:05.062217,6.84,WSH,NYY,WSH,,,,,,,,,,,,,,,,
2026-07-09,,,,,,,,,,,,,,,,,Washington Nationals,New York Yankees,Washington Nationals,,TBD,TBD,136.0,58.1,15.8,,2026-07-09T16:16:05.068447,,WSH,NYY,WSH,,,,,,,,,,,,,,,,
,,,,,,,,,,,,,,,,,Baltimore Orioles,Kansas City Royals,Baltimore Orioles,TBD,TBD,TBD,-154.0,85.3,24.7,True,2026-07-09T16:16:08.907115,15.67,BAL,KC,BAL,,,,,,,,,,,,,,,,
2026-07-09,,,,,,,,,,,,,,,,,Baltimore Orioles,Kansas City Royals,Baltimore Orioles,,TBD,TBD,-154.0,85.3,24.7,,2026-07-09T16:16:08.913663,,BAL,KC,BAL,,,,,,,,,,,,,,,,
,,,,,,,,,,,,,,,,,Cincinnati Reds,Chicago Cubs,Chicago Cubs,TBD,TBD,TBD,108.0,82.8,34.7,True,2026-07-09T16:16:12.355725,16.71,CIN,CHC,CHC,,,,,,,,,,,,,,,,
2026-07-09,,,,,,,,,,,,,,,,,Cincinnati Reds,Chicago Cubs,Chicago Cubs,,TBD,TBD,108.0,82.8,34.7,,2026-07-09T16:16:12.362010,,CIN,CHC,CHC,,,,,,,,,,,,,,,,
,,,,,,,,,,,,,,,,,Tampa Bay Rays,Seattle Mariners,Tampa Bay Rays,TBD,TBD,TBD,-108.0,81.0,29.1,True,2026-07-09T16:16:16.546421,15.13,TB,SEA,TB,,,,,,,,,,,,,,,,
2026-07-09,,,,,,,,,,,,,,,,,Tampa Bay Rays,Seattle Mariners,Tampa Bay Rays,,TBD,TBD,-108.0,81.0,29.1,,2026-07-09T16:16:16.554034,,TB,SEA,TB,,,,,,,,,,,,,,,,
,,,,,,,,,,,,,,,,,New York Mets,Boston Red Sox,Boston Red Sox,TBD,TBD,TBD,136.0,65.3,22.9,True,2026-07-09T16:16:20.262019,9.95,NYM,BOS,BOS,,,,,,,,,,,,,,,,
2026-07-09,,,,,,,,,,,,,,,,,New York Mets,Boston Red Sox,Boston Red Sox,,TBD,TBD,136.0,65.3,22.9,,2026-07-09T16:16:20.268275,,NYM,BOS,BOS,,,,,,,,,,,,,,,,
,,,,,,,,,,,,,,,,,St. Louis Cardinals,Atlanta Braves,Atlanta Braves,TBD,TBD,TBD,-137.0,52.3,-5.7,True,2026-07-09T16:16:23.338508,0.0,STL,ATL,ATL,,,,,,,,,,,,,,,,
2026-07-09,,,,,,,,,,,,,,,,,St. Louis Cardinals,Atlanta Braves,Atlanta Braves,,TBD,TBD,-137.0,52.3,-5.7,,2026-07-09T16:16:23.344933,,STL,ATL,ATL,,,,,,,,,,,,,,,,
,,,,,,,,,,,,,,,,,Chicago White Sox,Boston Red Sox,Boston Red Sox,TBD,Anthony Kay,Patrick Sandoval,-181.0,75.0,10.5,True,2026-07-09T16:28:09.080757,7.47,CWS,BOS,BOS,,,,,,,,,,,,,,,,
2026-07-09,,,,,,,,,,,,,,,,,Chicago White Sox,Boston Red Sox,Boston Red Sox,,Anthony Kay,Patrick Sandoval,-181.0,75.0,10.5,,2026-07-09T16:28:09.088949,,CWS,BOS,BOS,,,,,,,,,,,,,,,,
,,,,,,,,,,,,,,,,,Detroit Tigers,Athletics,Detroit Tigers,TBD,Framber Valdez,José Suarez,-124.0,76.0,20.6,True,2026-07-09T16:28:10.171319,11.55,DET,OAK,DET,,,,,,,,,,,,,,,,
2026-07-09,,,,,,,,,,,,,,,,,Detroit Tigers,Athletics,Detroit Tigers,,Framber Valdez,José Suarez,-124.0,76.0,20.6,,2026-07-09T16:28:10.177812,,DET,OAK,DET,,,,,,,,,,,,,,,,
,,,,,,,,,,,,,,,,,Miami Marlins,Seattle Mariners,Seattle Mariners,TBD,Janson Junk,Bryce Miller,-112.0,99.9,47.1,True,2026-07-09T16:28:10.615329,24.96,MIA,SEA,SEA,,,,,,,,,,,,,,,,
2026-07-09,,,,,,,,,,,,,,,,,Miami Marlins,Seattle Mariners,Seattle Mariners,,Janson Junk,Bryce Miller,-112.0,99.9,47.1,,2026-07-09T16:28:10.621942,,MIA,SEA,SEA,,,,,,,,,,,,,,,,
,,,,,,,,,,,,,,,,,Cincinnati Reds,Philadelphia Phillies,Philadelphia Phillies,TBD,Brady Singer,Jesús Luzardo,-137.0,100.0,42.0,True,2026-07-09T16:28:11.077971,25.0,CIN,PHI,PHI,,,,,,,,,,,,,,,,
2026-07-09,,,,,,,,,,,,,,,,,Cincinnati Reds,Philadelphia Phillies,Philadelphia Phillies,,Brady Singer,Jesús Luzardo,-137.0,100.0,42.0,,2026-07-09T16:28:11.084292,,CIN,PHI,PHI,,,,,,,,,,,,,,,,
,,,,,,,,,,,,,,,,,St. Louis Cardinals,Milwaukee Brewers,Milwaukee Brewers,TBD,Andre Pallante,Logan Henderson,-113.0,100.0,46.7,True,2026-07-09T16:28:11.509769,25.0,STL,MIL,MIL,,,,,,,,,,,,,,,,
2026-07-09,,,,,,,,,,,,,,,,,St. Louis Cardinals,Milwaukee Brewers,Milwaukee Brewers,,Andre Pallante,Logan Henderson,-113.0,100.0,46.7,,2026-07-09T16:28:11.516436,,STL,MIL,MIL,,,,,,,,,,,,,,,,
,,,,,,,,,,,,,,,,,Texas Rangers,Los Angeles Angels,Los Angeles Angels,TBD,Nathan Eovaldi,Reid Detmers,132.0,61.6,18.5,True,2026-07-09T16:28:11.960135,8.11,TEX,LAA,LAA,,,,,,,,,,,,,,,,
2026-07-09,,,,,,,,,,,,,,,,,Texas Rangers,Los Angeles Angels,Los Angeles Angels,,Nathan Eovaldi,Reid Detmers,132.0,61.6,18.5,,2026-07-09T16:28:11.966471,,TEX,LAA,LAA,,,,,,,,,,,,,,,,
,,,,,,,,,,,,,,,,,San Diego Padres,Arizona Diamondbacks,San Diego Padres,TBD,Griffin Canning,Merrill Kelly,-126.0,93.0,37.2,True,2026-07-09T16:28:12.693353,21.04,SD,ARI,SD,,,,,,,,,,,,,,,,
2026-07-09,,,,,,,,,,,,,,,,,San Diego Padres,Arizona Diamondbacks,San Diego Padres,,Griffin Canning,Merrill Kelly,-126.0,93.0,37.2,,2026-07-09T16:28:12.699720,,SD,ARI,SD,,,,,,,,,,,,,,,,
,,,,,,,,,,,,,,,,,San Francisco Giants,Colorado Rockies,San Francisco Giants,TBD,Carson Whisenhunt,Ryan Feltner,-132.0,95.0,38.1,True,2026-07-09T16:28:13.120631,22.12,SF,COL,SF,,,,,,,,,,,,,,,,
2026-07-09,,,,,,,,,,,,,,,,,San Francisco Giants,Colorado Rockies,San Francisco Giants,,Carson Whisenhunt,Ryan Feltner,-132.0,95.0,38.1,,2026-07-09T16:28:13.126854,,SF,COL,SF,,,,,,,,,,,,,,,,
,,,,,,,,,,,,,,,,,Washington Nationals,New York Yankees,Washington Nationals,TBD,TBD,TBD,136.0,57.9,15.5,True,2026-07-09T16:28:14.325495,6.73,WSH,NYY,WSH,,,,,,,,,,,,,,,,
2026-07-09,,,,,,,,,,,,,,,,,Washington Nationals,New York Yankees,Washington Nationals,,TBD,TBD,136.0,57.9,15.5,,2026-07-09T16:28:14.331777,,WSH,NYY,WSH,,,,,,,,,,,,,,,,
,,,,,,,,,,,,,,,,,Baltimore Orioles,Kansas City Royals,Baltimore Orioles,TBD,TBD,TBD,-154.0,85.3,24.6,True,2026-07-09T16:28:15.619643,15.64,BAL,KC,BAL,,,,,,,,,,,,,,,,
2026-07-09,,,,,,,,,,,,,,,,,Baltimore Orioles,Kansas City Royals,Baltimore Orioles,,TBD,TBD,-154.0,85.3,24.6,,2026-07-09T16:28:15.625984,,BAL,KC,BAL,,,,,,,,,,,,,,,,
,,,,,,,,,,,,,,,,,Cincinnati Reds,Chicago Cubs,Chicago Cubs,TBD,TBD,TBD,108.0,83.2,35.1,True,2026-07-09T16:28:16.775847,16.9,CIN,CHC,CHC,,,,,,,,,,,,,,,,
2026-07-09,,,,,,,,,,,,,,,,,Cincinnati Reds,Chicago Cubs,Chicago Cubs,,TBD,TBD,108.0,83.2,35.1,,2026-07-09T16:28:16.782209,,CIN,CHC,CHC,,,,,,,,,,,,,,,,
,,,,,,,,,,,,,,,,,Tampa Bay Rays,Seattle Mariners,Tampa Bay Rays,TBD,TBD,TBD,-108.0,81.1,29.2,True,2026-07-09T16:28:17.981499,15.17,TB,SEA,TB,,,,,,,,,,,,,,,,
2026-07-09,,,,,,,,,,,,,,,,,Tampa Bay Rays,Seattle Mariners,Tampa Bay Rays,,TBD,TBD,-108.0,81.1,29.2,,2026-07-09T16:28:17.987922,,TB,SEA,TB,,,,,,,,,,,,,,,,
,,,,,,,,,,,,,,,,,New York Mets,Boston Red Sox,Boston Red Sox,TBD,TBD,TBD,136.0,65.2,22.8,True,2026-07-09T16:28:19.046150,9.88,NYM,BOS,BOS,,,,,,,,,,,,,,,,
2026-07-09,,,,,,,,,,,,,,,,,New York Mets,Boston Red Sox,Boston Red Sox,,TBD,TBD,136.0,65.2,22.8,,2026-07-09T16:28:19.052632,,NYM,BOS,BOS,,,,,,,,,,,,,,,,
,,,,,,,,,,,,,,,,,St. Louis Cardinals,Atlanta Braves,Atlanta Braves,TBD,TBD,TBD,-137.0,52.4,-5.6,True,2026-07-09T16:28:20.204056,0.0,STL,ATL,ATL,,,,,,,,,,,,,,,,
2026-07-09,,,,,,,,,,,,,,,,,St. Louis Cardinals,Atlanta Braves,Atlanta Braves,,TBD,TBD,-137.0,52.4,-5.6,,2026-07-09T16:28:20.210550,,STL,ATL,ATL,,,,,,,,,,,,,,,,
,,,,,,,,,,,,,,,,,Chicago White Sox,Boston Red Sox,Boston Red Sox,TBD,Anthony Kay,Patrick Sandoval,-430.0,83.8,2.7,True,2026-07-09T16:38:14.087528,3.59,CWS,BOS,BOS,,,,,,,,,,,,,,,,
2026-07-09,,,,,,,,,,,,,,,,,Chicago White Sox,Boston Red Sox,Boston Red Sox,,Anthony Kay,Patrick Sandoval,-430.0,83.8,2.7,,2026-07-09T16:38:14.100330,,CWS,BOS,BOS,,,,,,,,,,,,,,,,
,,,,,,,,,,,,,,,,,Detroit Tigers,Athletics,Detroit Tigers,TBD,Framber Valdez,José Suarez,-124.0,75.7,20.3,True,2026-07-09T16:38:15.044632,11.37,DET,OAK,DET,,,,,,,,,,,,,,,,
2026-07-09,,,,,,,,,,,,,,,,,Detroit Tigers,Athletics,Detroit Tigers,,Framber Valdez,José Suarez,-124.0,75.7,20.3,,2026-07-09T16:38:15.051281,,DET,OAK,DET,,,,,,,,,,,,,,,,
,,,,,,,,,,,,,,,,,Miami Marlins,Seattle Mariners,Seattle Mariners,TBD,Janson Junk,Bryce Miller,-112.0,99.9,47.1,True,2026-07-09T16:38:15.455058,24.95,MIA,SEA,SEA,,,,,,,,,,,,,,,,
2026-07-09,,,,,,,,,,,,,,,,,Miami Marlins,Seattle Mariners,Seattle Mariners,,Janson Junk,Bryce Miller,-112.0,99.9,47.1,,2026-07-09T16:38:15.461575,,MIA,SEA,SEA,,,,,,,,,,,,,,,,
,,,,,,,,,,,,,,,,,Cincinnati Reds,Philadelphia Phillies,Philadelphia Phillies,TBD,Brady Singer,Jesús Luzardo,-137.0,100.0,42.0,True,2026-07-09T16:38:15.879098,25.0,CIN,PHI,PHI,,,,,,,,,,,,,,,,
2026-07-09,,,,,,,,,,,,,,,,,Cincinnati Reds,Philadelphia Phillies,Philadelphia Phillies,,Brady Singer,Jesús Luzardo,-137.0,100.0,42.0,,2026-07-09T16:38:15.885546,,CIN,PHI,PHI,,,,,,,,,,,,,,,,
,,,,,,,,,,,,,,,,,St. Louis Cardinals,Milwaukee Brewers,Milwaukee Brewers,TBD,Andre Pallante,Logan Henderson,-113.0,100.0,46.7,True,2026-07-09T16:38:16.304630,25.0,STL,MIL,MIL,,,,,,,,,,,,,,,,
2026-07-09,,,,,,,,,,,,,,,,,St. Louis Cardinals,Milwaukee Brewers,Milwaukee Brewers,,Andre Pallante,Logan Henderson,-113.0,100.0,46.7,,2026-07-09T16:38:16.311181,,STL,MIL,MIL,,,,,,,,,,,,,,,,
,,,,,,,,,,,,,,,,,Texas Rangers,Los Angeles Angels,Los Angeles Angels,TBD,Nathan Eovaldi,Reid Detmers,132.0,61.5,18.4,True,2026-07-09T16:38:16.727859,8.09,TEX,LAA,LAA,,,,,,,,,,,,,,,,
2026-07-09,,,,,,,,,,,,,,,,,Texas Rangers,Los Angeles Angels,Los Angeles Angels,,Nathan Eovaldi,Reid Detmers,132.0,61.5,18.4,,2026-07-09T16:38:16.734268,,TEX,LAA,LAA,,,,,,,,,,,,,,,,
,,,,,,,,,,,,,,,,,San Diego Padres,Arizona Diamondbacks,San Diego Padres,TBD,Griffin Canning,Merrill Kelly,-126.0,92.7,37.0,True,2026-07-09T16:38:18.903518,20.88,SD,ARI,SD,,,,,,,,,,,,,,,,
2026-07-09,,,,,,,,,,,,,,,,,San Diego Padres,Arizona Diamondbacks,San Diego Padres,,Griffin Canning,Merrill Kelly,-126.0,92.7,37.0,,2026-07-09T16:38:18.909989,,SD,ARI,SD,,,,,,,,,,,,,,,,
,,,,,,,,,,,,,,,,,San Francisco Giants,Colorado Rockies,San Francisco Giants,TBD,Carson Whisenhunt,Ryan Feltner,-132.0,94.9,38.0,True,2026-07-09T16:38:19.326259,22.05,SF,COL,SF,,,,,,,,,,,,,,,,
2026-07-09,,,,,,,,,,,,,,,,,San Francisco Giants,Colorado Rockies,San Francisco Giants,,Carson Whisenhunt,Ryan Feltner,-132.0,94.9,38.0,,2026-07-09T16:38:19.332628,,SF,COL,SF,,,,,,,,,,,,,,,,
,,,,,,,,,,,,,,,,,Washington Nationals,New York Yankees,Washington Nationals,TBD,TBD,TBD,136.0,57.7,15.4,True,2026-07-09T16:38:20.531183,6.67,WSH,NYY,WSH,,,,,,,,,,,,,,,,
2026-07-09,,,,,,,,,,,,,,,,,Washington Nationals,New York Yankees,Washington Nationals,,TBD,TBD,136.0,57.7,15.4,,2026-07-09T16:38:20.537749,,WSH,NYY,WSH,,,,,,,,,,,,,,,,
,,,,,,,,,,,,,,,,,Baltimore Orioles,Kansas City Royals,Baltimore Orioles,TBD,TBD,TBD,-154.0,88.3,27.7,True,2026-07-09T16:38:22.248102,17.58,BAL,KC,BAL,,,,,,,,,,,,,,,,
2026-07-09,,,,,,,,,,,,,,,,,Baltimore Orioles,Kansas City Royals,Baltimore Orioles,,TBD,TBD,-154.0,88.3,27.7,,2026-07-09T16:38:22.254624,,BAL,KC,BAL,,,,,,,,,,,,,,,,
,,,,,,,,,,,,,,,,,Cincinnati Reds,Chicago Cubs,Chicago Cubs,TBD,TBD,TBD,108.0,82.8,34.7,True,2026-07-09T16:38:23.440691,16.7,CIN,CHC,CHC,,,,,,,,,,,,,,,,
2026-07-09,,,,,,,,,,,,,,,,,Cincinnati Reds,Chicago Cubs,Chicago Cubs,,TBD,TBD,108.0,82.8,34.7,,2026-07-09T16:38:23.447113,,CIN,CHC,CHC,,,,,,,,,,,,,,,,
,,,,,,,,,,,,,,,,,Tampa Bay Rays,Seattle Mariners,Tampa Bay Rays,TBD,TBD,TBD,-108.0,81.0,29.1,True,2026-07-09T16:38:24.379004,15.14,TB,SEA,TB,,,,,,,,,,,,,,,,
2026-07-09,,,,,,,,,,,,,,,,,Tampa Bay Rays,Seattle Mariners,Tampa Bay Rays,,TBD,TBD,-108.0,81.0,29.1,,2026-07-09T16:38:24.385466,,TB,SEA,TB,,,,,,,,,,,,,,,,
,,,,,,,,,,,,,,,,,New York Mets,Boston Red Sox,Boston Red Sox,TBD,TBD,TBD,136.0,65.2,22.8,True,2026-07-09T16:38:25.480177,9.88,NYM,BOS,BOS,,,,,,,,,,,,,,,,
2026-07-09,,,,,,,,,,,,,,,,,New York Mets,Boston Red Sox,Boston Red Sox,,TBD,TBD,136.0,65.2,22.8,,2026-07-09T16:38:25.486606,,NYM,BOS,BOS,,,,,,,,,,,,,,,,
,,,,,,,,,,,,,,,,,St. Louis Cardinals,Atlanta Braves,Atlanta Braves,TBD,TBD,TBD,-137.0,52.5,-5.4,True,2026-07-09T16:38:26.498761,0.0,STL,ATL,ATL,,,,,,,,,,,,,,,,
2026-07-09,,,,,,,,,,,,,,,,,St. Louis Cardinals,Atlanta Braves,Atlanta Braves,,TBD,TBD,-137.0,52.5,-5.4,,2026-07-09T16:38:26.505203,,STL,ATL,ATL,,,,,,,,,,,,,,,,
,,,,,,,,,,,,,,,,,Chicago White Sox,Boston Red Sox,Boston Red Sox,TBD,Anthony Kay,Patrick Sandoval,-1799.0,89.4,-5.3,True,2026-07-09T16:43:42.111052,0.0,CWS,BOS,BOS,,,,,,,,,,,,,,,,
2026-07-09,,,,,,,,,,,,,,,,,Chicago White Sox,Boston Red Sox,Boston Red Sox,,Anthony Kay,Patrick Sandoval,-1799.0,89.4,-5.3,,2026-07-09T16:43:42.119126,,CWS,BOS,BOS,,,,,,,,,,,,,,,,
,,,,,,,,,,,,,,,,,Detroit Tigers,Athletics,Detroit Tigers,TBD,Framber Valdez,José Suarez,-124.0,75.9,20.5,True,2026-07-09T16:43:43.197320,11.5,DET,OAK,DET,,,,,,,,,,,,,,,,
2026-07-09,,,,,,,,,,,,,,,,,Detroit Tigers,Athletics,Detroit Tigers,,Framber Valdez,José Suarez,-124.0,75.9,20.5,,2026-07-09T16:43:43.203975,,DET,OAK,DET,,,,,,,,,,,,,,,,
,,,,,,,,,,,,,,,,,Miami Marlins,Seattle Mariners,Seattle Mariners,TBD,Janson Junk,Bryce Miller,-112.0,99.9,47.1,True,2026-07-09T16:43:43.659815,24.96,MIA,SEA,SEA,,,,,,,,,,,,,,,,
2026-07-09,,,,,,,,,,,,,,,,,Miami Marlins,Seattle Mariners,Seattle Mariners,,Janson Junk,Bryce Miller,-112.0,99.9,47.1,,2026-07-09T16:43:43.666324,,MIA,SEA,SEA,,,,,,,,,,,,,,,,
,,,,,,,,,,,,,,,,,Cincinnati Reds,Philadelphia Phillies,Philadelphia Phillies,TBD,Brady Singer,Jesús Luzardo,-137.0,100.0,42.0,True,2026-07-09T16:43:44.127969,25.0,CIN,PHI,PHI,,,,,,,,,,,,,,,,
2026-07-09,,,,,,,,,,,,,,,,,Cincinnati Reds,Philadelphia Phillies,Philadelphia Phillies,,Brady Singer,Jesús Luzardo,-137.0,100.0,42.0,,2026-07-09T16:43:44.134327,,CIN,PHI,PHI,,,,,,,,,,,,,,,,
,,,,,,,,,,,,,,,,,St. Louis Cardinals,Milwaukee Brewers,Milwaukee Brewers,TBD,Andre Pallante,Logan Henderson,-113.0,100.0,46.7,True,2026-07-09T16:43:44.565661,25.0,STL,MIL,MIL,,,,,,,,,,,,,,,,
2026-07-09,,,,,,,,,,,,,,,,,St. Louis Cardinals,Milwaukee Brewers,Milwaukee Brewers,,Andre Pallante,Logan Henderson,-113.0,100.0,46.7,,2026-07-09T16:43:44.572090,,STL,MIL,MIL,,,,,,,,,,,,,,,,
,,,,,,,,,,,,,,,,,Texas Rangers,Los Angeles Angels,Los Angeles Angels,TBD,Nathan Eovaldi,Reid Detmers,132.0,61.9,18.8,True,2026-07-09T16:43:45.024577,8.25,TEX,LAA,LAA,,,,,,,,,,,,,,,,
2026-07-09,,,,,,,,,,,,,,,,,Texas Rangers,Los Angeles Angels,Los Angeles Angels,,Nathan Eovaldi,Reid Detmers,132.0,61.9,18.8,,2026-07-09T16:43:45.031194,,TEX,LAA,LAA,,,,,,,,,,,,,,,,
,,,,,,,,,,,,,,,,,San Diego Padres,Arizona Diamondbacks,San Diego Padres,TBD,Griffin Canning,Merrill Kelly,-126.0,93.0,37.3,True,2026-07-09T16:43:45.813596,21.07,SD,ARI,SD,,,,,,,,,,,,,,,,
2026-07-09,,,,,,,,,,,,,,,,,San Diego Padres,Arizona Diamondbacks,San Diego Padres,,Griffin Canning,Merrill Kelly,-126.0,93.0,37.3,,2026-07-09T16:43:45.819988,,SD,ARI,SD,,,,,,,,,,,,,,,,
,,,,,,,,,,,,,,,,,San Francisco Giants,Colorado Rockies,San Francisco Giants,TBD,Carson Whisenhunt,Ryan Feltner,-132.0,94.8,37.9,True,2026-07-09T16:43:46.253870,21.98,SF,COL,SF,,,,,,,,,,,,,,,,
2026-07-09,,,,,,,,,,,,,,,,,San Francisco Giants,Colorado Rockies,San Francisco Giants,,Carson Whisenhunt,Ryan Feltner,-132.0,94.8,37.9,,2026-07-09T16:43:46.260283,,SF,COL,SF,,,,,,,,,,,,,,,,
,,,,,,,,,,,,,,,,,Pittsburgh Pirates,Milwaukee Brewers,Pittsburgh Pirates,TBD,TBD,TBD,-142.0,55.1,-3.5,True,2026-07-09T16:43:50.339612,0.0,PIT,MIL,PIT,,,,,,,,,,,,,,,,
2026-07-09,,,,,,,,,,,,,,,,,Pittsburgh Pirates,Milwaukee Brewers,Pittsburgh Pirates,,TBD,TBD,-142.0,55.1,-3.5,,2026-07-09T16:43:50.346118,,PIT,MIL,PIT,,,,,,,,,,,,,,,,
,,,,,,,,,,,,,,,,,Washington Nationals,New York Yankees,Washington Nationals,TBD,TBD,TBD,136.0,57.7,15.4,True,2026-07-09T16:43:51.435044,6.66,WSH,NYY,WSH,,,,,,,,,,,,,,,,
2026-07-09,,,,,,,,,,,,,,,,,Washington Nationals,New York Yankees,Washington Nationals,,TBD,TBD,136.0,57.7,15.4,,2026-07-09T16:43:51.441748,,WSH,NYY,WSH,,,,,,,,,,,,,,,,
,,,,,,,,,,,,,,,,,Baltimore Orioles,Kansas City Royals,Baltimore Orioles,TBD,TBD,TBD,-154.0,88.3,27.7,True,2026-07-09T16:43:52.500375,17.56,BAL,KC,BAL,,,,,,,,,,,,,,,,
2026-07-09,,,,,,,,,,,,,,,,,Baltimore Orioles,Kansas City Royals,Baltimore Orioles,,TBD,TBD,-154.0,88.3,27.7,,2026-07-09T16:43:52.506796,,BAL,KC,BAL,,,,,,,,,,,,,,,,
,,,,,,,,,,,,,,,,,Cincinnati Reds,Chicago Cubs,Chicago Cubs,TBD,TBD,TBD,108.0,82.9,34.9,True,2026-07-09T16:43:53.751384,16.78,CIN,CHC,CHC,,,,,,,,,,,,,,,,
2026-07-09,,,,,,,,,,,,,,,,,Cincinnati Reds,Chicago Cubs,Chicago Cubs,,TBD,TBD,108.0,82.9,34.9,,2026-07-09T16:43:53.757867,,CIN,CHC,CHC,,,,,,,,,,,,,,,,
,,,,,,,,,,,,,,,,,Miami Marlins,Cleveland Guardians,Miami Marlins,TBD,TBD,TBD,-110.0,89.0,36.6,True,2026-07-09T16:43:57.135135,19.21,MIA,CLE,MIA,,,,,,,,,,,,,,,,
2026-07-09,,,,,,,,,,,,,,,,,Miami Marlins,Cleveland Guardians,Miami Marlins,,TBD,TBD,-110.0,89.0,36.6,,2026-07-09T16:43:57.141695,,MIA,CLE,MIA,,,,,,,,,,,,,,,,
,,,,,,,,,,,,,,,,,Tampa Bay Rays,Seattle Mariners,Tampa Bay Rays,TBD,TBD,TBD,-108.0,81.3,29.3,True,2026-07-09T16:43:58.274524,15.26,TB,SEA,TB,,,,,,,,,,,,,,,,
2026-07-09,,,,,,,,,,,,,,,,,Tampa Bay Rays,Seattle Mariners,Tampa Bay Rays,,TBD,TBD,-108.0,81.3,29.3,,2026-07-09T16:43:58.281010,,TB,SEA,TB,,,,,,,,,,,,,,,,
,,,,,,,,,,,,,,,,,New York Mets,Boston Red Sox,Boston Red Sox,TBD,TBD,TBD,136.0,65.2,22.8,True,2026-07-09T16:43:59.341058,9.91,NYM,BOS,BOS,,,,,,,,,,,,,,,,
2026-07-09,,,,,,,,,,,,,,,,,New York Mets,Boston Red Sox,Boston Red Sox,,TBD,TBD,136.0,65.2,22.8,,2026-07-09T16:43:59.347542,,NYM,BOS,BOS,,,,,,,,,,,,,,,,
,,,,,,,,,,,,,,,,,St. Louis Cardinals,Atlanta Braves,Atlanta Braves,TBD,TBD,TBD,-137.0,52.3,-5.7,True,2026-07-09T16:44:00.435542,0.0,STL,ATL,ATL,,,,,,,,,,,,,,,,
2026-07-09,,,,,,,,,,,,,,,,,St. Louis Cardinals,Atlanta Braves,Atlanta Braves,,TBD,TBD,-137.0,52.3,-5.7,,2026-07-09T16:44:00.442085,,STL,ATL,ATL,,,,,,,,,,,,,,,,
,,,,,,,,,,,,,,,,,Detroit Tigers,Athletics,Detroit Tigers,TBD,Framber Valdez,José Suarez,-124.0,77.9,22.5,True,2026-07-09T18:02:32.213238,12.61,DET,OAK,DET,,,,,,,,,,,,,,,,
2026-07-09,,,,,,,,,,,,,,,,,Detroit Tigers,Athletics,Detroit Tigers,,Framber Valdez,José Suarez,-124.0,77.9,22.5,,2026-07-09T18:02:32.221705,,DET,OAK,DET,,,,,,,,,,,,,,,,
,,,,,,,,,,,,,,,,,Miami Marlins,Seattle Mariners,Seattle Mariners,TBD,Janson Junk,Bryce Miller,-110.0,100.0,47.6,True,2026-07-09T18:02:36.285124,24.99,MIA,SEA,SEA,,,,,,,,,,,,,,,,
2026-07-09,,,,,,,,,,,,,,,,,Miami Marlins,Seattle Mariners,Seattle Mariners,,Janson Junk,Bryce Miller,-110.0,100.0,47.6,,2026-07-09T18:02:36.291855,,MIA,SEA,SEA,,,,,,,,,,,,,,,,
,,,,,,,,,,,,,,,,,Cincinnati Reds,Philadelphia Phillies,Philadelphia Phillies,TBD,Brady Singer,Jesús Luzardo,-144.0,100.0,41.0,True,2026-07-09T18:02:40.467412,25.0,CIN,PHI,PHI,,,,,,,,,,,,,,,,
2026-07-09,,,,,,,,,,,,,,,,,Cincinnati Reds,Philadelphia Phillies,Philadelphia Phillies,,Brady Singer,Jesús Luzardo,-144.0,100.0,41.0,,2026-07-09T18:02:40.474048,,CIN,PHI,PHI,,,,,,,,,,,,,,,,
,,,,,,,,,,,,,,,,,St. Louis Cardinals,Milwaukee Brewers,Milwaukee Brewers,TBD,Andre Pallante,Logan Henderson,-113.0,100.0,46.7,True,2026-07-09T18:02:44.642291,25.0,STL,MIL,MIL,,,,,,,,,,,,,,,,
2026-07-09,,,,,,,,,,,,,,,,,St. Louis Cardinals,Milwaukee Brewers,Milwaukee Brewers,,Andre Pallante,Logan Henderson,-113.0,100.0,46.7,,2026-07-09T18:02:44.648824,,STL,MIL,MIL,,,,,,,,,,,,,,,,
,,,,,,,,,,,,,,,,,Texas Rangers,Los Angeles Angels,Los Angeles Angels,TBD,Nathan Eovaldi,Reid Detmers,132.0,63.4,20.3,True,2026-07-09T18:02:48.780163,8.92,TEX,LAA,LAA,,,,,,,,,,,,,,,,
2026-07-09,,,,,,,,,,,,,,,,,Texas Rangers,Los Angeles Angels,Los Angeles Angels,,Nathan Eovaldi,Reid Detmers,132.0,63.4,20.3,,2026-07-09T18:02:48.787051,,TEX,LAA,LAA,,,,,,,,,,,,,,,,
,,,,,,,,,,,,,,,,,San Diego Padres,Arizona Diamondbacks,San Diego Padres,TBD,Griffin Canning,Merrill Kelly,-126.0,93.1,37.4,True,2026-07-09T18:02:53.444114,21.12,SD,ARI,SD,,,,,,,,,,,,,,,,
2026-07-09,,,,,,,,,,,,,,,,,San Diego Padres,Arizona Diamondbacks,San Diego Padres,,Griffin Canning,Merrill Kelly,-126.0,93.1,37.4,,2026-07-09T18:02:53.450716,,SD,ARI,SD,,,,,,,,,,,,,,,,
,,,,,,,,,,,,,,,,,San Francisco Giants,Colorado Rockies,San Francisco Giants,TBD,Carson Whisenhunt,Ryan Feltner,-126.0,89.8,34.1,True,2026-07-09T18:02:57.915035,19.25,SF,COL,SF,,,,,,,,,,,,,,,,
2026-07-09,,,,,,,,,,,,,,,,,San Francisco Giants,Colorado Rockies,San Francisco Giants,,Carson Whisenhunt,Ryan Feltner,-126.0,89.8,34.1,,2026-07-09T18:02:57.921794,,SF,COL,SF,,,,,,,,,,,,,,,,
,,,,,,,,,,,,,,,,,Pittsburgh Pirates,Milwaukee Brewers,Pittsburgh Pirates,TBD,TBD,TBD,-142.0,54.7,-3.9,True,2026-07-09T18:03:01.213907,0.0,PIT,MIL,PIT,,,,,,,,,,,,,,,,
2026-07-09,,,,,,,,,,,,,,,,,Pittsburgh Pirates,Milwaukee Brewers,Pittsburgh Pirates,,TBD,TBD,-142.0,54.7,-3.9,,2026-07-09T18:03:01.220446,,PIT,MIL,PIT,,,,,,,,,,,,,,,,
,,,,,,,,,,,,,,,,,Washington Nationals,New York Yankees,New York Yankees,TBD,TBD,TBD,-136.0,51.9,-5.7,True,2026-07-09T18:03:04.875718,0.0,WSH,NYY,NYY,,,,,,,,,,,,,,,,
2026-07-09,,,,,,,,,,,,,,,,,Washington Nationals,New York Yankees,New York Yankees,,TBD,TBD,-136.0,51.9,-5.7,,2026-07-09T18:03:04.882338,,WSH,NYY,NYY,,,,,,,,,,,,,,,,
,,,,,,,,,,,,,,,,,Baltimore Orioles,Kansas City Royals,Baltimore Orioles,TBD,TBD,TBD,-154.0,82.8,22.2,True,2026-07-09T18:03:08.574910,14.07,BAL,KC,BAL,,,,,,,,,,,,,,,,
2026-07-09,,,,,,,,,,,,,,,,,Baltimore Orioles,Kansas City Royals,Baltimore Orioles,,TBD,TBD,-154.0,82.8,22.2,,2026-07-09T18:03:08.581772,,BAL,KC,BAL,,,,,,,,,,,,,,,,
,,,,,,,,,,,,,,,,,Cincinnati Reds,Chicago Cubs,Chicago Cubs,TBD,TBD,TBD,108.0,82.7,34.6,True,2026-07-09T18:03:11.211218,16.67,CIN,CHC,CHC,,,,,,,,,,,,,,,,
2026-07-09,,,,,,,,,,,,,,,,,Cincinnati Reds,Chicago Cubs,Chicago Cubs,,TBD,TBD,108.0,82.7,34.6,,2026-07-09T18:03:11.217791,,CIN,CHC,CHC,,,,,,,,,,,,,,,,
,,,,,,,,,,,,,,,,,Miami Marlins,Cleveland Guardians,Miami Marlins,TBD,TBD,TBD,-110.0,91.1,38.7,True,2026-07-09T18:03:13.965025,20.32,MIA,CLE,MIA,,,,,,,,,,,,,,,,
2026-07-09,,,,,,,,,,,,,,,,,Miami Marlins,Cleveland Guardians,Miami Marlins,,TBD,TBD,-110.0,91.1,38.7,,2026-07-09T18:03:13.971682,,MIA,CLE,MIA,,,,,,,,,,,,,,,,
,,,,,,,,,,,,,,,,,Tampa Bay Rays,Seattle Mariners,Tampa Bay Rays,TBD,TBD,TBD,-108.0,80.9,29.0,True,2026-07-09T18:03:17.464929,15.07,TB,SEA,TB,,,,,,,,,,,,,,,,
2026-07-09,,,,,,,,,,,,,,,,,Tampa Bay Rays,Seattle Mariners,Tampa Bay Rays,,TBD,TBD,-108.0,80.9,29.0,,2026-07-09T18:03:17.471564,,TB,SEA,TB,,,,,,,,,,,,,,,,
,,,,,,,,,,,,,,,,,New York Mets,Boston Red Sox,Boston Red Sox,TBD,TBD,TBD,136.0,67.6,25.2,True,2026-07-09T18:03:21.109730,10.93,NYM,BOS,BOS,,,,,,,,,,,,,,,,
2026-07-09,,,,,,,,,,,,,,,,,New York Mets,Boston Red Sox,Boston Red Sox,,TBD,TBD,136.0,67.6,25.2,,2026-07-09T18:03:21.116433,,NYM,BOS,BOS,,,,,,,,,,,,,,,,
,,,,,,,,,,,,,,,,,St. Louis Cardinals,Atlanta Braves,Atlanta Braves,TBD,TBD,TBD,-137.0,62.3,4.4,True,2026-07-09T18:03:23.850605,2.68,STL,ATL,ATL,,,,,,,,,,,,,,,,
2026-07-09,,,,,,,,,,,,,,,,,St. Louis Cardinals,Atlanta Braves,Atlanta Braves,,TBD,TBD,-137.0,62.3,4.4,,2026-07-09T18:03:23.857234,,STL,ATL,ATL,,,,,,,,,,,,,,,,
,,,,,,,,,,,,,,,,,Detroit Tigers,Athletics,Detroit Tigers,TBD,Framber Valdez,José Suarez,-156.0,80.6,19.6,True,2026-07-09T19:50:37.920304,12.56,DET,OAK,DET,,,,,,,,,,,,,,,,
2026-07-09,,,,,,,,,,,,,,,,,Detroit Tigers,Athletics,Detroit Tigers,,Framber Valdez,José Suarez,-156.0,80.6,19.6,,2026-07-09T19:50:37.928710,,DET,OAK,DET,,,,,,,,,,,,,,,,
,,,,,,,,,,,,,,,,,Miami Marlins,Seattle Mariners,Seattle Mariners,TBD,Janson Junk,Bryce Miller,240.0,97.4,68.0,True,2026-07-09T19:50:42.043185,24.08,MIA,SEA,SEA,,,,,,,,,,,,,,,,
2026-07-09,,,,,,,,,,,,,,,,,Miami Marlins,Seattle Mariners,Seattle Mariners,,Janson Junk,Bryce Miller,240.0,97.4,68.0,,2026-07-09T19:50:42.050089,,MIA,SEA,SEA,,,,,,,,,,,,,,,,
,,,,,,,,,,,,,,,,,Cincinnati Reds,Philadelphia Phillies,Philadelphia Phillies,TBD,Brady Singer,Jesús Luzardo,-142.0,100.0,41.3,True,2026-07-09T19:50:46.323456,25.0,CIN,PHI,PHI,,,,,,,,,,,,,,,,
2026-07-09,,,,,,,,,,,,,,,,,Cincinnati Reds,Philadelphia Phillies,Philadelphia Phillies,,Brady Singer,Jesús Luzardo,-142.0,100.0,41.3,,2026-07-09T19:50:46.330162,,CIN,PHI,PHI,,,,,,,,,,,,,,,,
,,,,,,,,,,,,,,,,,St. Louis Cardinals,Milwaukee Brewers,Milwaukee Brewers,TBD,Andre Pallante,Logan Henderson,110.0,100.0,52.6,True,2026-07-09T19:50:50.671876,25.0,STL,MIL,MIL,,,,,,,,,,,,,,,,
2026-07-09,,,,,,,,,,,,,,,,,St. Louis Cardinals,Milwaukee Brewers,Milwaukee Brewers,,Andre Pallante,Logan Henderson,110.0,100.0,52.6,,2026-07-09T19:50:50.678571,,STL,MIL,MIL,,,,,,,,,,,,,,,,
,,,,,,,,,,,,,,,,,Texas Rangers,Los Angeles Angels,Los Angeles Angels,TBD,Nathan Eovaldi,Reid Detmers,134.0,62.3,19.6,True,2026-07-09T19:50:54.998824,8.56,TEX,LAA,LAA,,,,,,,,,,,,,,,,
2026-07-09,,,,,,,,,,,,,,,,,Texas Rangers,Los Angeles Angels,Los Angeles Angels,,Nathan Eovaldi,Reid Detmers,134.0,62.3,19.6,,2026-07-09T19:50:55.005435,,TEX,LAA,LAA,,,,,,,,,,,,,,,,
,,,,,,,,,,,,,,,,,San Diego Padres,Arizona Diamondbacks,San Diego Padres,TBD,Griffin Canning,Merrill Kelly,-130.0,94.1,37.6,True,2026-07-09T19:51:06.624033,21.62,SD,ARI,SD,,,,,,,,,,,,,,,,
2026-07-09,,,,,,,,,,,,,,,,,San Diego Padres,Arizona Diamondbacks,San Diego Padres,,Griffin Canning,Merrill Kelly,-130.0,94.1,37.6,,2026-07-09T19:51:06.630797,,SD,ARI,SD,,,,,,,,,,,,,,,,
,,,,,,,,,,,,,,,,,San Francisco Giants,Colorado Rockies,San Francisco Giants,TBD,Carson Whisenhunt,Ryan Feltner,-126.0,89.1,33.3,True,2026-07-09T19:51:10.868479,18.83,SF,COL,SF,,,,,,,,,,,,,,,,
2026-07-09,,,,,,,,,,,,,,,,,San Francisco Giants,Colorado Rockies,San Francisco Giants,,Carson Whisenhunt,Ryan Feltner,-126.0,89.1,33.3,,2026-07-09T19:51:10.886310,,SF,COL,SF,,,,,,,,,,,,,,,,
,,,,,,,,,,,,,,,,,Detroit Tigers,Philadelphia Phillies,Detroit Tigers,TBD,TBD,TBD,-120.0,88.4,33.9,True,2026-07-09T19:51:13.136575,18.64,DET,PHI,DET,,,,,,,,,,,,,,,,
2026-07-09,,,,,,,,,,,,,,,,,Detroit Tigers,Philadelphia Phillies,Detroit Tigers,,TBD,TBD,-120.0,88.4,33.9,,2026-07-09T19:51:13.143295,,DET,PHI,DET,,,,,,,,,,,,,,,,
,,,,,,,,,,,,,,,,,Pittsburgh Pirates,Milwaukee Brewers,Pittsburgh Pirates,TBD,TBD,TBD,-142.0,60.7,2.0,True,2026-07-09T19:51:16.648483,1.23,PIT,MIL,PIT,,,,,,,,,,,,,,,,
2026-07-09,,,,,,,,,,,,,,,,,Pittsburgh Pirates,Milwaukee Brewers,Pittsburgh Pirates,,TBD,TBD,-142.0,60.7,2.0,,2026-07-09T19:51:16.655160,,PIT,MIL,PIT,,,,,,,,,,,,,,,,
,,,,,,,,,,,,,,,,,Washington Nationals,New York Yankees,New York Yankees,TBD,TBD,TBD,-136.0,52.0,-5.6,True,2026-07-09T19:51:20.541369,0.0,WSH,NYY,NYY,,,,,,,,,,,,,,,,
2026-07-09,,,,,,,,,,,,,,,,,Washington Nationals,New York Yankees,New York Yankees,,TBD,TBD,-136.0,52.0,-5.6,,2026-07-09T19:51:20.547879,,WSH,NYY,NYY,,,,,,,,,,,,,,,,
,,,,,,,,,,,,,,,,,Baltimore Orioles,Kansas City Royals,Baltimore Orioles,TBD,TBD,TBD,-154.0,82.5,21.9,True,2026-07-09T19:51:24.456540,13.88,BAL,KC,BAL,,,,,,,,,,,,,,,,
2026-07-09,,,,,,,,,,,,,,,,,Baltimore Orioles,Kansas City Royals,Baltimore Orioles,,TBD,TBD,-154.0,82.5,21.9,,2026-07-09T19:51:24.463144,,BAL,KC,BAL,,,,,,,,,,,,,,,,
,,,,,,,,,,,,,,,,,Cincinnati Reds,Chicago Cubs,Chicago Cubs,TBD,TBD,TBD,108.0,83.2,35.1,True,2026-07-09T19:51:27.509107,16.9,CIN,CHC,CHC,,,,,,,,,,,,,,,,
2026-07-09,,,,,,,,,,,,,,,,,Cincinnati Reds,Chicago Cubs,Chicago Cubs,,TBD,TBD,108.0,83.2,35.1,,2026-07-09T19:51:27.515675,,CIN,CHC,CHC,,,,,,,,,,,,,,,,
,,,,,,,,,,,,,,,,,Miami Marlins,Cleveland Guardians,Miami Marlins,TBD,TBD,TBD,-110.0,93.2,40.9,True,2026-07-09T19:51:30.229045,21.45,MIA,CLE,MIA,,,,,,,,,,,,,,,,
2026-07-09,,,,,,,,,,,,,,,,,Miami Marlins,Cleveland Guardians,Miami Marlins,,TBD,TBD,-110.0,93.2,40.9,,2026-07-09T19:51:30.235676,,MIA,CLE,MIA,,,,,,,,,,,,,,,,
,,,,,,,,,,,,,,,,,Tampa Bay Rays,Seattle Mariners,Tampa Bay Rays,TBD,TBD,TBD,-108.0,81.4,29.5,True,2026-07-09T19:51:33.592068,15.35,TB,SEA,TB,,,,,,,,,,,,,,,,
2026-07-09,,,,,,,,,,,,,,,,,Tampa Bay Rays,Seattle Mariners,Tampa Bay Rays,,TBD,TBD,-108.0,81.4,29.5,,2026-07-09T19:51:33.598585,,TB,SEA,TB,,,,,,,,,,,,,,,,
,,,,,,,,,,,,,,,,,New York Mets,Boston Red Sox,Boston Red Sox,TBD,TBD,TBD,136.0,67.6,25.2,True,2026-07-09T19:51:37.629777,10.95,NYM,BOS,BOS,,,,,,,,,,,,,,,,
2026-07-09,,,,,,,,,,,,,,,,,New York Mets,Boston Red Sox,Boston Red Sox,,TBD,TBD,136.0,67.6,25.2,,2026-07-09T19:51:37.636328,,NYM,BOS,BOS,,,,,,,,,,,,,,,,
,,,,,,,,,,,,,,,,,Chicago White Sox,Athletics,Chicago White Sox,TBD,TBD,TBD,-146.0,95.9,36.6,True,2026-07-09T19:51:41.156386,22.49,CWS,OAK,CWS,,,,,,,,,,,,,,,,
2026-07-09,,,,,,,,,,,,,,,,,Chicago White Sox,Athletics,Chicago White Sox,,TBD,TBD,-146.0,95.9,36.6,,2026-07-09T19:51:41.162922,,CWS,OAK,CWS,,,,,,,,,,,,,,,,
,,,,,,,,,,,,,,,,,Texas Rangers,Houston Astros,Texas Rangers,TBD,TBD,TBD,114.0,70.2,23.5,True,2026-07-09T19:51:44.298242,11.02,TEX,HOU,TEX,,,,,,,,,,,,,,,,
2026-07-09,,,,,,,,,,,,,,,,,Texas Rangers,Houston Astros,Texas Rangers,,TBD,TBD,114.0,70.2,23.5,,2026-07-09T19:51:44.304776,,TEX,HOU,TEX,,,,,,,,,,,,,,,,
,,,,,,,,,,,,,,,,,Minnesota Twins,Los Angeles Angels,Minnesota Twins,TBD,TBD,TBD,-124.0,91.5,36.1,True,2026-07-09T19:51:47.704516,20.23,MIN,LAA,MIN,,,,,,,,,,,,,,,,
2026-07-09,,,,,,,,,,,,,,,,,Minnesota Twins,Los Angeles Angels,Minnesota Twins,,TBD,TBD,-124.0,91.5,36.1,,2026-07-09T19:51:47.711142,,MIN,LAA,MIN,,,,,,,,,,,,,,,,
,,,,,,,,,,,,,,,,,St. Louis Cardinals,Atlanta Braves,Atlanta Braves,TBD,TBD,TBD,-137.0,67.4,9.4,True,2026-07-09T19:51:50.579980,5.69,STL,ATL,ATL,,,,,,,,,,,,,,,,
2026-07-09,,,,,,,,,,,,,,,,,St. Louis Cardinals,Atlanta Braves,Atlanta Braves,,TBD,TBD,-137.0,67.4,9.4,,2026-07-09T19:51:50.586790,,STL,ATL,ATL,,,,,,,,,,,,,,,,
,,,,,,,,,,,,,,,,,San Diego Padres,Toronto Blue Jays,Toronto Blue Jays,TBD,TBD,TBD,112.0,55.7,8.5,True,2026-07-09T19:51:53.779004,4.04,SD,TOR,TOR,,,,,,,,,,,,,,,,
2026-07-09,,,,,,,,,,,,,,,,,San Diego Padres,Toronto Blue Jays,Toronto Blue Jays,,TBD,TBD,112.0,55.7,8.5,,2026-07-09T19:51:53.785667,,SD,TOR,TOR,,,,,,,,,,,,,,,,
,,,,,,,,,,,,,,,,,Los Angeles Dodgers,Arizona Diamondbacks,Los Angeles Dodgers,TBD,TBD,TBD,-255.0,99.4,27.5,True,2026-07-09T19:51:57.641502,24.42,LAD,ARI,LAD,,,,,,,,,,,,,,,,
2026-07-09,,,,,,,,,,,,,,,,,Los Angeles Dodgers,Arizona Diamondbacks,Los Angeles Dodgers,,TBD,TBD,-255.0,99.4,27.5,,2026-07-09T19:51:57.648167,,LAD,ARI,LAD,,,,,,,,,,,,,,,,
,,,,,,,,,,,,,,,,,San Francisco Giants,Colorado Rockies,San Francisco Giants,TBD,Carson Whisenhunt,Ryan Feltner,-158.0,90.2,29.0,True,2026-07-09T19:51:57.990823,18.68,SF,COL,SF,,,,,,,,,,,,,,,,
2026-07-09,,,,,,,,,,,,,,,,,San Francisco Giants,Colorado Rockies,San Francisco Giants,,Carson Whisenhunt,Ryan Feltner,-158.0,90.2,29.0,,2026-07-09T19:51:57.997435,,SF,COL,SF,,,,,,,,,,,,,,,,
,,,,,,,,,,,,,,,,,Detroit Tigers,Athletics,Detroit Tigers,TBD,Framber Valdez,José Suarez,-5000.0,94.2,-3.9,True,2026-07-09T20:34:36.813726,0.0,DET,OAK,DET,,,,,,,,,,,,,,,,
2026-07-09,,,,,,,,,,,,,,,,,Detroit Tigers,Athletics,Detroit Tigers,,Framber Valdez,José Suarez,-5000.0,94.2,-3.9,,2026-07-09T20:34:36.822739,,DET,OAK,DET,,,,,,,,,,,,,,,,
,,,,,,,,,,,,,,,,,Miami Marlins,Seattle Mariners,Seattle Mariners,TBD,Janson Junk,Bryce Miller,5999.0,92.2,90.5,True,2026-07-09T20:34:38.819734,23.01,MIA,SEA,SEA,,,,,,,,,,,,,,,,
2026-07-09,,,,,,,,,,,,,,,,,Miami Marlins,Seattle Mariners,Seattle Mariners,,Janson Junk,Bryce Miller,5999.0,92.2,90.5,,2026-07-09T20:34:38.826623,,MIA,SEA,SEA,,,,,,,,,,,,,,,,
,,,,,,,,,,,,,,,,,Cincinnati Reds,Philadelphia Phillies,Philadelphia Phillies,TBD,Brady Singer,Jesús Luzardo,148.0,100.0,59.7,True,2026-07-09T20:34:41.134665,25.0,CIN,PHI,PHI,,,,,,,,,,,,,,,,
2026-07-09,,,,,,,,,,,,,,,,,Cincinnati Reds,Philadelphia Phillies,Philadelphia Phillies,,Brady Singer,Jesús Luzardo,148.0,100.0,59.7,,2026-07-09T20:34:41.141679,,CIN,PHI,PHI,,,,,,,,,,,,,,,,
,,,,,,,,,,,,,,,,,St. Louis Cardinals,Milwaukee Brewers,Milwaukee Brewers,TBD,Andre Pallante,Logan Henderson,-1400.0,100.0,6.7,True,2026-07-09T20:34:43.329568,25.0,STL,MIL,MIL,,,,,,,,,,,,,,,,
2026-07-09,,,,,,,,,,,,,,,,,St. Louis Cardinals,Milwaukee Brewers,Milwaukee Brewers,,Andre Pallante,Logan Henderson,-1400.0,100.0,6.7,,2026-07-09T20:34:43.336262,,STL,MIL,MIL,,,,,,,,,,,,,,,,
,,,,,,,,,,,,,,,,,Texas Rangers,Los Angeles Angels,Texas Rangers,TBD,Nathan Eovaldi,Reid Detmers,-500.0,53.7,-29.7,True,2026-07-09T20:34:45.595834,0.0,TEX,LAA,TEX,,,,,,,,,,,,,,,,
2026-07-09,,,,,,,,,,,,,,,,,Texas Rangers,Los Angeles Angels,Texas Rangers,,Nathan Eovaldi,Reid Detmers,-500.0,53.7,-29.7,,2026-07-09T20:34:45.602533,,TEX,LAA,TEX,,,,,,,,,,,,,,,,
,,,,,,,,,,,,,,,,,San Diego Padres,Arizona Diamondbacks,San Diego Padres,TBD,Griffin Canning,Merrill Kelly,-126.0,94.0,38.3,True,2026-07-09T20:34:47.662565,21.63,SD,ARI,SD,,,,,,,,,,,,,,,,
2026-07-09,,,,,,,,,,,,,,,,,San Diego Padres,Arizona Diamondbacks,San Diego Padres,,Griffin Canning,Merrill Kelly,-126.0,94.0,38.3,,2026-07-09T20:34:47.669215,,SD,ARI,SD,,,,,,,,,,,,,,,,
,,,,,,,,,,,,,,,,,San Francisco Giants,Colorado Rockies,San Francisco Giants,TBD,Carson Whisenhunt,Ryan Feltner,-126.0,90.0,34.2,True,2026-07-09T20:34:49.872785,19.34,SF,COL,SF,,,,,,,,,,,,,,,,
2026-07-09,,,,,,,,,,,,,,,,,San Francisco Giants,Colorado Rockies,San Francisco Giants,,Carson Whisenhunt,Ryan Feltner,-126.0,90.0,34.2,,2026-07-09T20:34:49.879514,,SF,COL,SF,,,,,,,,,,,,,,,,
,,,,,,,,,,,,,,,,,Detroit Tigers,Philadelphia Phillies,Detroit Tigers,TBD,TBD,TBD,-120.0,88.8,34.3,True,2026-07-09T20:34:50.756200,18.85,DET,PHI,DET,,,,,,,,,,,,,,,,
2026-07-09,,,,,,,,,,,,,,,,,Detroit Tigers,Philadelphia Phillies,Detroit Tigers,,TBD,TBD,-120.0,88.8,34.3,,2026-07-09T20:34:50.764095,,DET,PHI,DET,,,,,,,,,,,,,,,,
,,,,,,,,,,,,,,,,,Pittsburgh Pirates,Milwaukee Brewers,Pittsburgh Pirates,TBD,TBD,TBD,-142.0,50.6,-8.1,True,2026-07-09T20:34:52.584725,0.0,PIT,MIL,PIT,,,,,,,,,,,,,,,,
2026-07-09,,,,,,,,,,,,,,,,,Pittsburgh Pirates,Milwaukee Brewers,Pittsburgh Pirates,,TBD,TBD,-142.0,50.6,-8.1,,2026-07-09T20:34:52.591537,,PIT,MIL,PIT,,,,,,,,,,,,,,,,
,,,,,,,,,,,,,,,,,Washington Nationals,New York Yankees,New York Yankees,TBD,TBD,TBD,-136.0,52.0,-5.6,True,2026-07-09T20:34:54.681686,0.0,WSH,NYY,NYY,,,,,,,,,,,,,,,,
2026-07-09,,,,,,,,,,,,,,,,,Washington Nationals,New York Yankees,New York Yankees,,TBD,TBD,-136.0,52.0,-5.6,,2026-07-09T20:34:54.688475,,WSH,NYY,NYY,,,,,,,,,,,,,,,,
,,,,,,,,,,,,,,,,,Baltimore Orioles,Kansas City Royals,Baltimore Orioles,TBD,TBD,TBD,-152.0,82.3,22.0,True,2026-07-09T20:34:56.828261,13.85,BAL,KC,BAL,,,,,,,,,,,,,,,,
2026-07-09,,,,,,,,,,,,,,,,,Baltimore Orioles,Kansas City Royals,Baltimore Orioles,,TBD,TBD,-152.0,82.3,22.0,,2026-07-09T20:34:56.835400,,BAL,KC,BAL,,,,,,,,,,,,,,,,
,,,,,,,,,,,,,,,,,Cincinnati Reds,Chicago Cubs,Chicago Cubs,TBD,TBD,TBD,108.0,83.3,35.2,True,2026-07-09T20:34:57.993719,16.94,CIN,CHC,CHC,,,,,,,,,,,,,,,,
2026-07-09,,,,,,,,,,,,,,,,,Cincinnati Reds,Chicago Cubs,Chicago Cubs,,TBD,TBD,108.0,83.3,35.2,,2026-07-09T20:34:58.000509,,CIN,CHC,CHC,,,,,,,,,,,,,,,,
,,,,,,,,,,,,,,,,,Miami Marlins,Cleveland Guardians,Miami Marlins,TBD,TBD,TBD,-110.0,93.2,40.8,True,2026-07-09T20:34:59.114369,21.43,MIA,CLE,MIA,,,,,,,,,,,,,,,,
2026-07-09,,,,,,,,,,,,,,,,,Miami Marlins,Cleveland Guardians,Miami Marlins,,TBD,TBD,-110.0,93.2,40.8,,2026-07-09T20:34:59.121205,,MIA,CLE,MIA,,,,,,,,,,,,,,,,
,,,,,,,,,,,,,,,,,Tampa Bay Rays,Seattle Mariners,Tampa Bay Rays,TBD,TBD,TBD,-110.0,81.8,29.4,True,2026-07-09T20:35:01.124835,15.42,TB,SEA,TB,,,,,,,,,,,,,,,,
2026-07-09,,,,,,,,,,,,,,,,,Tampa Bay Rays,Seattle Mariners,Tampa Bay Rays,,TBD,TBD,-110.0,81.8,29.4,,2026-07-09T20:35:01.131658,,TB,SEA,TB,,,,,,,,,,,,,,,,
,,,,,,,,,,,,,,,,,New York Mets,Boston Red Sox,Boston Red Sox,TBD,TBD,TBD,136.0,67.8,25.4,True,2026-07-09T20:35:03.351168,11.02,NYM,BOS,BOS,,,,,,,,,,,,,,,,
2026-07-09,,,,,,,,,,,,,,,,,New York Mets,Boston Red Sox,Boston Red Sox,,TBD,TBD,136.0,67.8,25.4,,2026-07-09T20:35:03.357819,,NYM,BOS,BOS,,,,,,,,,,,,,,,,
,,,,,,,,,,,,,,,,,Chicago White Sox,Athletics,Chicago White Sox,TBD,TBD,TBD,-146.0,96.1,36.7,True,2026-07-09T20:35:05.212365,22.58,CWS,OAK,CWS,,,,,,,,,,,,,,,,
2026-07-09,,,,,,,,,,,,,,,,,Chicago White Sox,Athletics,Chicago White Sox,,TBD,TBD,-146.0,96.1,36.7,,2026-07-09T20:35:05.219103,,CWS,OAK,CWS,,,,,,,,,,,,,,,,
,,,,,,,,,,,,,,,,,Texas Rangers,Houston Astros,Texas Rangers,TBD,TBD,TBD,114.0,70.5,23.8,True,2026-07-09T20:35:06.489744,11.17,TEX,HOU,TEX,,,,,,,,,,,,,,,,
2026-07-09,,,,,,,,,,,,,,,,,Texas Rangers,Houston Astros,Texas Rangers,,TBD,TBD,114.0,70.5,23.8,,2026-07-09T20:35:06.496525,,TEX,HOU,TEX,,,,,,,,,,,,,,,,
,,,,,,,,,,,,,,,,,Minnesota Twins,Los Angeles Angels,Minnesota Twins,TBD,TBD,TBD,-124.0,91.5,36.1,True,2026-07-09T20:35:08.373575,20.23,MIN,LAA,MIN,,,,,,,,,,,,,,,,
2026-07-09,,,,,,,,,,,,,,,,,Minnesota Twins,Los Angeles Angels,Minnesota Twins,,TBD,TBD,-124.0,91.5,36.1,,2026-07-09T20:35:08.380303,,MIN,LAA,MIN,,,,,,,,,,,,,,,,
,,,,,,,,,,,,,,,,,St. Louis Cardinals,Atlanta Braves,Atlanta Braves,TBD,TBD,TBD,-137.0,68.1,10.1,True,2026-07-09T20:35:09.535564,6.08,STL,ATL,ATL,,,,,,,,,,,,,,,,
2026-07-09,,,,,,,,,,,,,,,,,St. Louis Cardinals,Atlanta Braves,Atlanta Braves,,TBD,TBD,-137.0,68.1,10.1,,2026-07-09T20:35:09.542455,,STL,ATL,ATL,,,,,,,,,,,,,,,,
,,,,,,,,,,,,,,,,,San Diego Padres,Toronto Blue Jays,Toronto Blue Jays,TBD,TBD,TBD,112.0,56.3,9.1,True,2026-07-09T20:35:10.809455,4.31,SD,TOR,TOR,,,,,,,,,,,,,,,,
2026-07-09,,,,,,,,,,,,,,,,,San Diego Padres,Toronto Blue Jays,Toronto Blue Jays,,TBD,TBD,112.0,56.3,9.1,,2026-07-09T20:35:10.816085,,SD,TOR,TOR,,,,,,,,,,,,,,,,
,,,,,,,,,,,,,,,,,Los Angeles Dodgers,Arizona Diamondbacks,Los Angeles Dodgers,TBD,TBD,TBD,-255.0,99.5,27.7,True,2026-07-09T20:35:13.001087,24.58,LAD,ARI,LAD,,,,,,,,,,,,,,,,
2026-07-09,,,,,,,,,,,,,,,,,Los Angeles Dodgers,Arizona Diamondbacks,Los Angeles Dodgers,,TBD,TBD,-255.0,99.5,27.7,,2026-07-09T20:35:13.007768,,LAD,ARI,LAD,,,,,,,,,,,,,,,,
,,,,,,,,,,,,,,,,,San Francisco Giants,Colorado Rockies,San Francisco Giants,TBD,Carson Whisenhunt,Ryan Feltner,-166.0,91.6,29.2,True,2026-07-09T20:35:13.374693,19.39,SF,COL,SF,,,,,,,,,,,,,,,,
2026-07-09,,,,,,,,,,,,,,,,,San Francisco Giants,Colorado Rockies,San Francisco Giants,,Carson Whisenhunt,Ryan Feltner,-166.0,91.6,29.2,,2026-07-09T20:35:13.381446,,SF,COL,SF,,,,,,,,,,,,,,,,
,,,,,,,,,,,,,,,,,San Francisco Giants,Colorado Rockies,San Francisco Giants,TBD,Robbie Ray,Tanner Gordon,-10000.0,99.0,0.0,True,2026-07-10T00:33:48.476981,0.71,SF,COL,SF,,,,,,,,,,,,,,,,
2026-07-10,,,,,,,,,,,,,,,,,San Francisco Giants,Colorado Rockies,San Francisco Giants,,Robbie Ray,Tanner Gordon,-10000.0,99.0,0.0,,2026-07-10T00:33:48.485844,,SF,COL,SF,,,,,,,,,,,,,,,,
,,,,,,,,,,,,,,,,,Detroit Tigers,Philadelphia Phillies,Detroit Tigers,TBD,Jack Flaherty,Aaron Nola,-120.0,99.8,45.3,True,2026-07-10T00:33:55.534948,24.89,DET,PHI,DET,,,,,,,,,,,,,,,,
2026-07-10,,,,,,,,,,,,,,,,,Detroit Tigers,Philadelphia Phillies,Detroit Tigers,,Jack Flaherty,Aaron Nola,-120.0,99.8,45.3,,2026-07-10T00:33:55.542015,,DET,PHI,DET,,,,,,,,,,,,,,,,
,,,,,,,,,,,,,,,,,Pittsburgh Pirates,Milwaukee Brewers,Pittsburgh Pirates,TBD,Braxton Ashcraft,Brandon Sproat,-126.0,100.0,44.2,True,2026-07-10T00:34:02.671887,25.0,PIT,MIL,PIT,,,,,,,,,,,,,,,,
2026-07-10,,,,,,,,,,,,,,,,,Pittsburgh Pirates,Milwaukee Brewers,Pittsburgh Pirates,,Braxton Ashcraft,Brandon Sproat,-126.0,100.0,44.2,,2026-07-10T00:34:02.678939,,PIT,MIL,PIT,,,,,,,,,,,,,,,,
,,,,,,,,,,,,,,,,,Washington Nationals,New York Yankees,Washington Nationals,TBD,Carson Palmquist,Ryan Weathers,136.0,91.2,48.9,True,2026-07-10T00:34:09.704735,21.19,WSH,NYY,WSH,,,,,,,,,,,,,,,,
2026-07-10,,,,,,,,,,,,,,,,,Washington Nationals,New York Yankees,Washington Nationals,,Carson Palmquist,Ryan Weathers,136.0,91.2,48.9,,2026-07-10T00:34:09.711751,,WSH,NYY,WSH,,,,,,,,,,,,,,,,
,,,,,,,,,,,,,,,,,Baltimore Orioles,Kansas City Royals,Baltimore Orioles,TBD,Brandon Young,Luinder Avila,-152.0,99.9,39.6,True,2026-07-10T00:34:16.878031,24.93,BAL,KC,BAL,,,,,,,,,,,,,,,,
2026-07-10,,,,,,,,,,,,,,,,,Baltimore Orioles,Kansas City Royals,Baltimore Orioles,,Brandon Young,Luinder Avila,-152.0,99.9,39.6,,2026-07-10T00:34:16.884967,,BAL,KC,BAL,,,,,,,,,,,,,,,,
,,,,,,,,,,,,,,,,,Cincinnati Reds,Chicago Cubs,Chicago Cubs,TBD,Hunter Greene,Shota Imanaga,106.0,90.8,42.2,True,2026-07-10T00:34:24.205782,20.51,CIN,CHC,CHC,,,,,,,,,,,,,,,,
2026-07-10,,,,,,,,,,,,,,,,,Cincinnati Reds,Chicago Cubs,Chicago Cubs,,Hunter Greene,Shota Imanaga,106.0,90.8,42.2,,2026-07-10T00:34:24.212520,,CIN,CHC,CHC,,,,,,,,,,,,,,,,
,,,,,,,,,,,,,,,,,Miami Marlins,Cleveland Guardians,Cleveland Guardians,TBD,Sandy Alcantara,Parker Messick,117.0,64.4,18.5,True,2026-07-10T00:34:31.045712,8.48,MIA,CLE,CLE,,,,,,,,,,,,,,,,
2026-07-10,,,,,,,,,,,,,,,,,Miami Marlins,Cleveland Guardians,Cleveland Guardians,,Sandy Alcantara,Parker Messick,117.0,64.4,18.5,,2026-07-10T00:34:31.052913,,MIA,CLE,CLE,,,,,,,,,,,,,,,,
,,,,,,,,,,,,,,,,,Tampa Bay Rays,Seattle Mariners,Tampa Bay Rays,TBD,Nick Martinez,Luis Castillo,-116.0,88.3,34.6,True,2026-07-10T00:34:37.529045,18.66,TB,SEA,TB,,,,,,,,,,,,,,,,
2026-07-10,,,,,,,,,,,,,,,,,Tampa Bay Rays,Seattle Mariners,Tampa Bay Rays,,Nick Martinez,Luis Castillo,-116.0,88.3,34.6,,2026-07-10T00:34:37.535907,,TB,SEA,TB,,,,,,,,,,,,,,,,
,,,,,,,,,,,,,,,,,New York Mets,Boston Red Sox,Boston Red Sox,TBD,Nolan McLean,Sonny Gray,134.0,63.8,21.1,True,2026-07-10T00:34:44.276685,9.22,NYM,BOS,BOS,,,,,,,,,,,,,,,,
2026-07-10,,,,,,,,,,,,,,,,,New York Mets,Boston Red Sox,Boston Red Sox,,Nolan McLean,Sonny Gray,134.0,63.8,21.1,,2026-07-10T00:34:44.283421,,NYM,BOS,BOS,,,,,,,,,,,,,,,,
,,,,,,,,,,,,,,,,,Chicago White Sox,Athletics,Chicago White Sox,TBD,Sean Burke,Jacob Lopez,-166.0,100.0,37.6,True,2026-07-10T00:34:51.126603,25.0,CWS,OAK,CWS,,,,,,,,,,,,,,,,
2026-07-10,,,,,,,,,,,,,,,,,Chicago White Sox,Athletics,Chicago White Sox,,Sean Burke,Jacob Lopez,-166.0,100.0,37.6,,2026-07-10T00:34:51.133350,,CWS,OAK,CWS,,,,,,,,,,,,,,,,
,,,,,,,,,,,,,,,,,Texas Rangers,Houston Astros,Houston Astros,TBD,Cal Quantrill,Hunter Brown,-117.0,67.3,13.2,True,2026-07-10T00:34:57.676572,7.29,TEX,HOU,HOU,,,,,,,,,,,,,,,,
2026-07-10,,,,,,,,,,,,,,,,,Texas Rangers,Houston Astros,Houston Astros,,Cal Quantrill,Hunter Brown,-117.0,67.3,13.2,,2026-07-10T00:34:57.683412,,TEX,HOU,HOU,,,,,,,,,,,,,,,,
,,,,,,,,,,,,,,,,,Minnesota Twins,Los Angeles Angels,Minnesota Twins,TBD,Zebby Matthews,TBD,-130.0,88.1,31.5,True,2026-07-10T00:35:04.182486,18.14,MIN,LAA,MIN,,,,,,,,,,,,,,,,
2026-07-10,,,,,,,,,,,,,,,,,Minnesota Twins,Los Angeles Angels,Minnesota Twins,,Zebby Matthews,TBD,-130.0,88.1,31.5,,2026-07-10T00:35:04.189349,,MIN,LAA,MIN,,,,,,,,,,,,,,,,
,,,,,,,,,,,,,,,,,St. Louis Cardinals,Atlanta Braves,Atlanta Braves,TBD,Kyle Leahy,Chris Sale,-137.0,100.0,42.0,True,2026-07-10T00:35:10.789144,24.99,STL,ATL,ATL,,,,,,,,,,,,,,,,
2026-07-10,,,,,,,,,,,,,,,,,St. Louis Cardinals,Atlanta Braves,Atlanta Braves,,Kyle Leahy,Chris Sale,-137.0,100.0,42.0,,2026-07-10T00:35:10.795943,,STL,ATL,ATL,,,,,,,,,,,,,,,,
,,,,,,,,,,,,,,,,,San Diego Padres,Toronto Blue Jays,San Diego Padres,TBD,JP Sears,Shane Bieber,-112.0,100.0,47.2,True,2026-07-10T00:35:17.415786,25.0,SD,TOR,SD,,,,,,,,,,,,,,,,
2026-07-10,,,,,,,,,,,,,,,,,San Diego Padres,Toronto Blue Jays,San Diego Padres,,JP Sears,Shane Bieber,-112.0,100.0,47.2,,2026-07-10T00:35:17.422614,,SD,TOR,SD,,,,,,,,,,,,,,,,
,,,,,,,,,,,,,,,,,Los Angeles Dodgers,Arizona Diamondbacks,Los Angeles Dodgers,TBD,Shohei Ohtani,Eduardo Rodriguez,-255.0,100.0,28.2,True,2026-07-10T00:35:23.525838,25.0,LAD,ARI,LAD,,,,,,,,,,,,,,,,
2026-07-10,,,,,,,,,,,,,,,,,Los Angeles Dodgers,Arizona Diamondbacks,Los Angeles Dodgers,,Shohei Ohtani,Eduardo Rodriguez,-255.0,100.0,28.2,,2026-07-10T00:35:23.532788,,LAD,ARI,LAD,,,,,,,,,,,,,,,,
,,,,,,,,,,,,,,,,,San Francisco Giants,Colorado Rockies,San Francisco Giants,TBD,Robbie Ray,Tanner Gordon,-166.0,96.1,33.7,True,2026-07-10T00:35:24.020005,22.41,SF,COL,SF,,,,,,,,,,,,,,,,
2026-07-10,,,,,,,,,,,,,,,,,San Francisco Giants,Colorado Rockies,San Francisco Giants,,Robbie Ray,Tanner Gordon,-166.0,96.1,33.7,,2026-07-10T00:35:24.027020,,SF,COL,SF,,,,,,,,,,,,,,,,
,,,,,,,,,,,,,,,,,Detroit Tigers,Philadelphia Phillies,Detroit Tigers,TBD,Jack Flaherty,Aaron Nola,-126.0,73.2,17.5,True,2026-07-10T10:05:25.382570,9.88,DET,PHI,DET,,,,,,,,,,,,,,,,
2026-07-10,,,,,,,,,,,,,,,,,Detroit Tigers,Philadelphia Phillies,Detroit Tigers,,Jack Flaherty,Aaron Nola,-126.0,73.2,17.5,,2026-07-10T10:05:25.391169,,DET,PHI,DET,,,,,,,,,,,,,,,,
,,,,,,,,,,,,,,,,,Pittsburgh Pirates,Milwaukee Brewers,Pittsburgh Pirates,TBD,Braxton Ashcraft,Brandon Sproat,-124.0,79.4,24.0,True,2026-07-10T10:05:32.753390,13.47,PIT,MIL,PIT,,,,,,,,,,,,,,,,
2026-07-10,,,,,,,,,,,,,,,,,Pittsburgh Pirates,Milwaukee Brewers,Pittsburgh Pirates,,Braxton Ashcraft,Brandon Sproat,-124.0,79.4,24.0,,2026-07-10T10:05:32.760459,,PIT,MIL,PIT,,,,,,,,,,,,,,,,
,,,,,,,,,,,,,,,,,Washington Nationals,New York Yankees,Washington Nationals,TBD,Carson Palmquist,Ryan Weathers,134.0,64.3,21.6,True,2026-07-10T10:05:40.699631,9.43,WSH,NYY,WSH,,,,,,,,,,,,,,,,
2026-07-10,,,,,,,,,,,,,,,,,Washington Nationals,New York Yankees,Washington Nationals,,Carson Palmquist,Ryan Weathers,134.0,64.3,21.6,,2026-07-10T10:05:40.706833,,WSH,NYY,WSH,,,,,,,,,,,,,,,,
,,,,,,,,,,,,,,,,,Baltimore Orioles,Kansas City Royals,Baltimore Orioles,TBD,Brandon Young,Luinder Avila,-152.0,77.4,17.1,True,2026-07-10T10:05:49.472249,10.75,BAL,KC,BAL,,,,,,,,,,,,,,,,
2026-07-10,,,,,,,,,,,,,,,,,Baltimore Orioles,Kansas City Royals,Baltimore Orioles,,Brandon Young,Luinder Avila,-152.0,77.4,17.1,,2026-07-10T10:05:49.479326,,BAL,KC,BAL,,,,,,,,,,,,,,,,
,,,,,,,,,,,,,,,,,Cincinnati Reds,Chicago Cubs,Chicago Cubs,TBD,Hunter Greene,Shota Imanaga,106.0,58.6,10.0,True,2026-07-10T10:05:57.974778,4.88,CIN,CHC,CHC,,,,,,,,,,,,,,,,
2026-07-10,,,,,,,,,,,,,,,,,Cincinnati Reds,Chicago Cubs,Chicago Cubs,,Hunter Greene,Shota Imanaga,106.0,58.6,10.0,,2026-07-10T10:05:57.981914,,CIN,CHC,CHC,,,,,,,,,,,,,,,,
,,,,,,,,,,,,,,,,,Miami Marlins,Cleveland Guardians,Cleveland Guardians,TBD,Sandy Alcantara,Parker Messick,119.0,53.7,8.2,True,2026-07-10T10:06:07.859553,3.7,MIA,CLE,CLE,,,,,,,,,,,,,,,,
2026-07-10,,,,,,,,,,,,,,,,,Miami Marlins,Cleveland Guardians,Cleveland Guardians,,Sandy Alcantara,Parker Messick,119.0,53.7,8.2,,2026-07-10T10:06:07.866390,,MIA,CLE,CLE,,,,,,,,,,,,,,,,
,,,,,,,,,,,,,,,,,Tampa Bay Rays,Seattle Mariners,Tampa Bay Rays,TBD,Nick Martinez,Luis Castillo,-120.0,59.6,5.0,True,2026-07-10T10:06:18.326299,2.76,TB,SEA,TB,,,,,,,,,,,,,,,,
2026-07-10,,,,,,,,,,,,,,,,,Tampa Bay Rays,Seattle Mariners,Tampa Bay Rays,,Nick Martinez,Luis Castillo,-120.0,59.6,5.0,,2026-07-10T10:06:18.333178,,TB,SEA,TB,,,,,,,,,,,,,,,,
,,,,,,,,,,,,,,,,,New York Mets,Boston Red Sox,Boston Red Sox,TBD,Nolan McLean,Sonny Gray,134.0,50.3,7.5,True,2026-07-10T10:06:27.223049,3.29,NYM,BOS,BOS,,,,,,,,,,,,,,,,
2026-07-10,,,,,,,,,,,,,,,,,New York Mets,Boston Red Sox,Boston Red Sox,,Nolan McLean,Sonny Gray,134.0,50.3,7.5,,2026-07-10T10:06:27.229960,,NYM,BOS,BOS,,,,,,,,,,,,,,,,
,,,,,,,,,,,,,,,,,Chicago White Sox,Athletics,Chicago White Sox,TBD,Sean Burke,Jacob Lopez,-166.0,85.0,22.6,True,2026-07-10T10:06:36.016676,15.03,CWS,OAK,CWS,,,,,,,,,,,,,,,,
2026-07-10,,,,,,,,,,,,,,,,,Chicago White Sox,Athletics,Chicago White Sox,,Sean Burke,Jacob Lopez,-166.0,85.0,22.6,,2026-07-10T10:06:36.023505,,CWS,OAK,CWS,,,,,,,,,,,,,,,,
,,,,,,,,,,,,,,,,,Texas Rangers,Houston Astros,Houston Astros,TBD,Cal Quantrill,Hunter Brown,-117.0,54.0,-0.1,True,2026-07-10T10:06:44.263260,0.04,TEX,HOU,HOU,,,,,,,,,,,,,,,,
2026-07-10,,,,,,,,,,,,,,,,,Texas Rangers,Houston Astros,Houston Astros,,Cal Quantrill,Hunter Brown,-117.0,54.0,-0.1,,2026-07-10T10:06:44.270210,,TEX,HOU,HOU,,,,,,,,,,,,,,,,
,,,,,,,,,,,,,,,,,Minnesota Twins,Los Angeles Angels,Minnesota Twins,TBD,Zebby Matthews,Grayson Rodriguez,-130.0,78.7,22.2,True,2026-07-10T10:06:53.144237,12.75,MIN,LAA,MIN,,,,,,,,,,,,,,,,
2026-07-10,,,,,,,,,,,,,,,,,Minnesota Twins,Los Angeles Angels,Minnesota Twins,,Zebby Matthews,Grayson Rodriguez,-130.0,78.7,22.2,,2026-07-10T10:06:53.151249,,MIN,LAA,MIN,,,,,,,,,,,,,,,,
,,,,,,,,,,,,,,,,,St. Louis Cardinals,Atlanta Braves,Atlanta Braves,TBD,Kyle Leahy,Chris Sale,-137.0,80.0,22.0,True,2026-07-10T10:07:01.440830,13.13,STL,ATL,ATL,,,,,,,,,,,,,,,,
2026-07-10,,,,,,,,,,,,,,,,,St. Louis Cardinals,Atlanta Braves,Atlanta Braves,,Kyle Leahy,Chris Sale,-137.0,80.0,22.0,,2026-07-10T10:07:01.447860,,STL,ATL,ATL,,,,,,,,,,,,,,,,
,,,,,,,,,,,,,,,,,San Diego Padres,Toronto Blue Jays,San Diego Padres,TBD,JP Sears,Shane Bieber,-118.0,85.0,30.9,True,2026-07-10T10:07:08.582413,16.82,SD,TOR,SD,,,,,,,,,,,,,,,,
2026-07-10,,,,,,,,,,,,,,,,,San Diego Padres,Toronto Blue Jays,San Diego Padres,,JP Sears,Shane Bieber,-118.0,85.0,30.9,,2026-07-10T10:07:08.589312,,SD,TOR,SD,,,,,,,,,,,,,,,,
,,,,,,,,,,,,,,,,,Los Angeles Dodgers,Arizona Diamondbacks,Los Angeles Dodgers,TBD,Shohei Ohtani,Eduardo Rodriguez,-255.0,85.0,13.2,True,2026-07-10T10:07:16.142107,11.69,LAD,ARI,LAD,,,,,,,,,,,,,,,,
2026-07-10,,,,,,,,,,,,,,,,,Los Angeles Dodgers,Arizona Diamondbacks,Los Angeles Dodgers,,Shohei Ohtani,Eduardo Rodriguez,-255.0,85.0,13.2,,2026-07-10T10:07:16.149138,,LAD,ARI,LAD,,,,,,,,,,,,,,,,
,,,,,,,,,,,,,,,,,San Francisco Giants,Colorado Rockies,San Francisco Giants,TBD,Robbie Ray,Tanner Gordon,-166.0,67.8,5.3,True,2026-07-10T10:07:24.435118,3.55,SF,COL,SF,,,,,,,,,,,,,,,,
2026-07-10,,,,,,,,,,,,,,,,,San Francisco Giants,Colorado Rockies,San Francisco Giants,,Robbie Ray,Tanner Gordon,-166.0,67.8,5.3,,2026-07-10T10:07:24.442192,,SF,COL,SF,,,,,,,,,,,,,,,,
,,,,,,,,,,,,,,,,,Detroit Tigers,Philadelphia Phillies,Detroit Tigers,TBD,Jack Flaherty,Aaron Nola,-126.0,73.2,17.5,True,2026-07-10T10:26:05.998825,9.88,DET,PHI,DET,,,,,,,,,,,,,,,,
2026-07-10,,,,,,,,,,,,,,,,,Detroit Tigers,Philadelphia Phillies,Detroit Tigers,,Jack Flaherty,Aaron Nola,-126.0,73.2,17.5,,2026-07-10T10:26:06.007266,,DET,PHI,DET,,,,,,,,,,,,,,,,
,,,,,,,,,,,,,,,,,Pittsburgh Pirates,Milwaukee Brewers,Pittsburgh Pirates,TBD,Braxton Ashcraft,Brandon Sproat,-124.0,79.4,24.0,True,2026-07-10T10:26:07.137706,13.47,PIT,MIL,PIT,,,,,,,,,,,,,,,,
2026-07-10,,,,,,,,,,,,,,,,,Pittsburgh Pirates,Milwaukee Brewers,Pittsburgh Pirates,,Braxton Ashcraft,Brandon Sproat,-124.0,79.4,24.0,,2026-07-10T10:26:07.144811,,PIT,MIL,PIT,,,,,,,,,,,,,,,,
,,,,,,,,,,,,,,,,,Washington Nationals,New York Yankees,Washington Nationals,TBD,Carson Palmquist,Ryan Weathers,134.0,64.3,21.6,True,2026-07-10T10:26:07.796166,9.43,WSH,NYY,WSH,,,,,,,,,,,,,,,,
2026-07-10,,,,,,,,,,,,,,,,,Washington Nationals,New York Yankees,Washington Nationals,,Carson Palmquist,Ryan Weathers,134.0,64.3,21.6,,2026-07-10T10:26:07.803229,,WSH,NYY,WSH,,,,,,,,,,,,,,,,
,,,,,,,,,,,,,,,,,Baltimore Orioles,Kansas City Royals,Baltimore Orioles,TBD,Brandon Young,Luinder Avila,-152.0,77.4,17.1,True,2026-07-10T10:26:09.215715,10.75,BAL,KC,BAL,,,,,,,,,,,,,,,,
2026-07-10,,,,,,,,,,,,,,,,,Baltimore Orioles,Kansas City Royals,Baltimore Orioles,,Brandon Young,Luinder Avila,-152.0,77.4,17.1,,2026-07-10T10:26:09.222670,,BAL,KC,BAL,,,,,,,,,,,,,,,,
,,,,,,,,,,,,,,,,,Cincinnati Reds,Chicago Cubs,Chicago Cubs,TBD,Hunter Greene,Shota Imanaga,106.0,58.6,10.0,True,2026-07-10T10:26:10.359181,4.88,CIN,CHC,CHC,,,,,,,,,,,,,,,,
2026-07-10,,,,,,,,,,,,,,,,,Cincinnati Reds,Chicago Cubs,Chicago Cubs,,Hunter Greene,Shota Imanaga,106.0,58.6,10.0,,2026-07-10T10:26:10.366161,,CIN,CHC,CHC,,,,,,,,,,,,,,,,
,,,,,,,,,,,,,,,,,Miami Marlins,Cleveland Guardians,Cleveland Guardians,TBD,Sandy Alcantara,Parker Messick,119.0,53.7,8.2,True,2026-07-10T10:26:10.728609,3.7,MIA,CLE,CLE,,,,,,,,,,,,,,,,
2026-07-10,,,,,,,,,,,,,,,,,Miami Marlins,Cleveland Guardians,Cleveland Guardians,,Sandy Alcantara,Parker Messick,119.0,53.7,8.2,,2026-07-10T10:26:10.735568,,MIA,CLE,CLE,,,,,,,,,,,,,,,,
,,,,,,,,,,,,,,,,,Tampa Bay Rays,Seattle Mariners,Tampa Bay Rays,TBD,Nick Martinez,Luis Castillo,-116.0,59.4,5.7,True,2026-07-10T10:26:11.090839,3.09,TB,SEA,TB,,,,,,,,,,,,,,,,
2026-07-10,,,,,,,,,,,,,,,,,Tampa Bay Rays,Seattle Mariners,Tampa Bay Rays,,Nick Martinez,Luis Castillo,-116.0,59.4,5.7,,2026-07-10T10:26:11.097614,,TB,SEA,TB,,,,,,,,,,,,,,,,
,,,,,,,,,,,,,,,,,New York Mets,Boston Red Sox,Boston Red Sox,TBD,Nolan McLean,Sonny Gray,134.0,50.3,7.5,True,2026-07-10T10:26:11.450724,3.29,NYM,BOS,BOS,,,,,,,,,,,,,,,,
2026-07-10,,,,,,,,,,,,,,,,,New York Mets,Boston Red Sox,Boston Red Sox,,Nolan McLean,Sonny Gray,134.0,50.3,7.5,,2026-07-10T10:26:11.457894,,NYM,BOS,BOS,,,,,,,,,,,,,,,,
,,,,,,,,,,,,,,,,,Chicago White Sox,Athletics,Chicago White Sox,TBD,Sean Burke,Jacob Lopez,-166.0,85.0,22.6,True,2026-07-10T10:26:12.644889,15.03,CWS,OAK,CWS,,,,,,,,,,,,,,,,
2026-07-10,,,,,,,,,,,,,,,,,Chicago White Sox,Athletics,Chicago White Sox,,Sean Burke,Jacob Lopez,-166.0,85.0,22.6,,2026-07-10T10:26:12.651708,,CWS,OAK,CWS,,,,,,,,,,,,,,,,
,,,,,,,,,,,,,,,,,Texas Rangers,Houston Astros,Houston Astros,TBD,Cal Quantrill,Hunter Brown,-117.0,54.0,-0.1,True,2026-07-10T10:26:13.076570,0.04,TEX,HOU,HOU,,,,,,,,,,,,,,,,
2026-07-10,,,,,,,,,,,,,,,,,Texas Rangers,Houston Astros,Houston Astros,,Cal Quantrill,Hunter Brown,-117.0,54.0,-0.1,,2026-07-10T10:26:13.083396,,TEX,HOU,HOU,,,,,,,,,,,,,,,,
,,,,,,,,,,,,,,,,,Minnesota Twins,Los Angeles Angels,Minnesota Twins,TBD,Zebby Matthews,Grayson Rodriguez,-130.0,78.7,22.2,True,2026-07-10T10:26:13.496954,12.75,MIN,LAA,MIN,,,,,,,,,,,,,,,,
2026-07-10,,,,,,,,,,,,,,,,,Minnesota Twins,Los Angeles Angels,Minnesota Twins,,Zebby Matthews,Grayson Rodriguez,-130.0,78.7,22.2,,2026-07-10T10:26:13.503881,,MIN,LAA,MIN,,,,,,,,,,,,,,,,
,,,,,,,,,,,,,,,,,St. Louis Cardinals,Atlanta Braves,Atlanta Braves,TBD,Kyle Leahy,Chris Sale,-137.0,80.0,22.0,True,2026-07-10T10:26:13.888628,13.13,STL,ATL,ATL,,,,,,,,,,,,,,,,
2026-07-10,,,,,,,,,,,,,,,,,St. Louis Cardinals,Atlanta Braves,Atlanta Braves,,Kyle Leahy,Chris Sale,-137.0,80.0,22.0,,2026-07-10T10:26:13.895465,,STL,ATL,ATL,,,,,,,,,,,,,,,,
,,,,,,,,,,,,,,,,,San Diego Padres,Toronto Blue Jays,San Diego Padres,TBD,JP Sears,Shane Bieber,-118.0,85.0,30.9,True,2026-07-10T10:26:14.380432,16.82,SD,TOR,SD,,,,,,,,,,,,,,,,
2026-07-10,,,,,,,,,,,,,,,,,San Diego Padres,Toronto Blue Jays,San Diego Padres,,JP Sears,Shane Bieber,-118.0,85.0,30.9,,2026-07-10T10:26:14.387351,,SD,TOR,SD,,,,,,,,,,,,,,,,
,,,,,,,,,,,,,,,,,Los Angeles Dodgers,Arizona Diamondbacks,Los Angeles Dodgers,TBD,Shohei Ohtani,Eduardo Rodriguez,-255.0,85.0,13.2,True,2026-07-10T10:26:15.214236,11.69,LAD,ARI,LAD,,,,,,,,,,,,,,,,
2026-07-10,,,,,,,,,,,,,,,,,Los Angeles Dodgers,Arizona Diamondbacks,Los Angeles Dodgers,,Shohei Ohtani,Eduardo Rodriguez,-255.0,85.0,13.2,,2026-07-10T10:26:15.221181,,LAD,ARI,LAD,,,,,,,,,,,,,,,,
,,,,,,,,,,,,,,,,,San Francisco Giants,Colorado Rockies,San Francisco Giants,TBD,Robbie Ray,Tanner Gordon,-162.0,67.7,5.8,True,2026-07-10T10:26:15.633338,3.82,SF,COL,SF,,,,,,,,,,,,,,,,
2026-07-10,,,,,,,,,,,,,,,,,San Francisco Giants,Colorado Rockies,San Francisco Giants,,Robbie Ray,Tanner Gordon,-162.0,67.7,5.8,,2026-07-10T10:26:15.640271,,SF,COL,SF,,,,,,,,,,,,,,,,
,,,,,,,,,,,,,,,,,Detroit Tigers,Philadelphia Phillies,Detroit Tigers,TBD,Jack Flaherty,Aaron Nola,-120.0,73.1,18.5,True,2026-07-10T11:49:20.937503,10.18,DET,PHI,DET,,,,,,,,,,,,,,,,
2026-07-10,,,,,,,,,,,,,,,,,Detroit Tigers,Philadelphia Phillies,Detroit Tigers,,Jack Flaherty,Aaron Nola,-120.0,73.1,18.5,,2026-07-10T11:49:20.947211,,DET,PHI,DET,,,,,,,,,,,,,,,,
,,,,,,,,,,,,,,,,,Pittsburgh Pirates,Milwaukee Brewers,Pittsburgh Pirates,TBD,Braxton Ashcraft,Brandon Sproat,-124.0,81.4,26.0,True,2026-07-10T11:49:29.613686,14.59,PIT,MIL,PIT,,,,,,,,,,,,,,,,
2026-07-10,,,,,,,,,,,,,,,,,Pittsburgh Pirates,Milwaukee Brewers,Pittsburgh Pirates,,Braxton Ashcraft,Brandon Sproat,-124.0,81.4,26.0,,2026-07-10T11:49:29.620696,,PIT,MIL,PIT,,,,,,,,,,,,,,,,
,,,,,,,,,,,,,,,,,Washington Nationals,New York Yankees,Washington Nationals,TBD,Carson Palmquist,Ryan Weathers,134.0,64.3,21.6,True,2026-07-10T11:49:37.260828,9.43,WSH,NYY,WSH,,,,,,,,,,,,,,,,
2026-07-10,,,,,,,,,,,,,,,,,Washington Nationals,New York Yankees,Washington Nationals,,Carson Palmquist,Ryan Weathers,134.0,64.3,21.6,,2026-07-10T11:49:37.288367,,WSH,NYY,WSH,,,,,,,,,,,,,,,,
,,,,,,,,,,,,,,,,,Baltimore Orioles,Kansas City Royals,Baltimore Orioles,TBD,Brandon Young,Luinder Avila,-152.0,77.4,17.1,True,2026-07-10T11:49:43.943578,10.75,BAL,KC,BAL,,,,,,,,,,,,,,,,
2026-07-10,,,,,,,,,,,,,,,,,Baltimore Orioles,Kansas City Royals,Baltimore Orioles,,Brandon Young,Luinder Avila,-152.0,77.4,17.1,,2026-07-10T11:49:43.950594,,BAL,KC,BAL,,,,,,,,,,,,,,,,
,,,,,,,,,,,,,,,,,Cincinnati Reds,Chicago Cubs,Chicago Cubs,TBD,Hunter Greene,Shota Imanaga,106.0,58.6,10.0,True,2026-07-10T11:49:57.333766,4.88,CIN,CHC,CHC,,,,,,,,,,,,,,,,
2026-07-10,,,,,,,,,,,,,,,,,Cincinnati Reds,Chicago Cubs,Chicago Cubs,,Hunter Greene,Shota Imanaga,106.0,58.6,10.0,,2026-07-10T11:49:57.340755,,CIN,CHC,CHC,,,,,,,,,,,,,,,,
,,,,,,,,,,,,,,,,,Miami Marlins,Cleveland Guardians,Cleveland Guardians,TBD,Sandy Alcantara,Parker Messick,119.0,53.7,8.2,True,2026-07-10T11:50:04.289883,3.7,MIA,CLE,CLE,,,,,,,,,,,,,,,,
2026-07-10,,,,,,,,,,,,,,,,,Miami Marlins,Cleveland Guardians,Cleveland Guardians,,Sandy Alcantara,Parker Messick,119.0,53.7,8.2,,2026-07-10T11:50:04.296817,,MIA,CLE,CLE,,,,,,,,,,,,,,,,
,,,,,,,,,,,,,,,,,Tampa Bay Rays,Seattle Mariners,Tampa Bay Rays,TBD,Nick Martinez,Luis Castillo,-116.0,57.4,3.7,True,2026-07-10T11:50:11.438952,2.01,TB,SEA,TB,,,,,,,,,,,,,,,,
2026-07-10,,,,,,,,,,,,,,,,,Tampa Bay Rays,Seattle Mariners,Tampa Bay Rays,,Nick Martinez,Luis Castillo,-116.0,57.4,3.7,,2026-07-10T11:50:11.445968,,TB,SEA,TB,,,,,,,,,,,,,,,,
,,,,,,,,,,,,,,,,,New York Mets,Boston Red Sox,Boston Red Sox,TBD,Nolan McLean,Sonny Gray,134.0,50.3,7.5,True,2026-07-10T11:50:18.700453,3.29,NYM,BOS,BOS,,,,,,,,,,,,,,,,
2026-07-10,,,,,,,,,,,,,,,,,New York Mets,Boston Red Sox,Boston Red Sox,,Nolan McLean,Sonny Gray,134.0,50.3,7.5,,2026-07-10T11:50:18.707345,,NYM,BOS,BOS,,,,,,,,,,,,,,,,
,,,,,,,,,,,,,,,,,Chicago White Sox,Athletics,Chicago White Sox,TBD,Sean Burke,Jacob Lopez,-166.0,85.0,22.6,True,2026-07-10T11:50:24.957526,15.03,CWS,OAK,CWS,,,,,,,,,,,,,,,,
2026-07-10,,,,,,,,,,,,,,,,,Chicago White Sox,Athletics,Chicago White Sox,,Sean Burke,Jacob Lopez,-166.0,85.0,22.6,,2026-07-10T11:50:24.964644,,CWS,OAK,CWS,,,,,,,,,,,,,,,,
,,,,,,,,,,,,,,,,,Texas Rangers,Houston Astros,Houston Astros,TBD,Cal Quantrill,Hunter Brown,-117.0,54.0,-0.1,True,2026-07-10T11:50:31.314493,0.04,TEX,HOU,HOU,,,,,,,,,,,,,,,,
2026-07-10,,,,,,,,,,,,,,,,,Texas Rangers,Houston Astros,Houston Astros,,Cal Quantrill,Hunter Brown,-117.0,54.0,-0.1,,2026-07-10T11:50:31.322338,,TEX,HOU,HOU,,,,,,,,,,,,,,,,
,,,,,,,,,,,,,,,,,Minnesota Twins,Los Angeles Angels,Minnesota Twins,TBD,Zebby Matthews,Grayson Rodriguez,-152.0,81.3,20.9,True,2026-07-10T11:50:38.807648,13.19,MIN,LAA,MIN,,,,,,,,,,,,,,,,
2026-07-10,,,,,,,,,,,,,,,,,Minnesota Twins,Los Angeles Angels,Minnesota Twins,,Zebby Matthews,Grayson Rodriguez,-152.0,81.3,20.9,,2026-07-10T11:50:38.815316,,MIN,LAA,MIN,,,,,,,,,,,,,,,,
,,,,,,,,,,,,,,,,,St. Louis Cardinals,Atlanta Braves,Atlanta Braves,TBD,Kyle Leahy,Chris Sale,-137.0,78.0,20.0,True,2026-07-10T11:50:48.151562,11.94,STL,ATL,ATL,,,,,,,,,,,,,,,,
2026-07-10,,,,,,,,,,,,,,,,,St. Louis Cardinals,Atlanta Braves,Atlanta Braves,,Kyle Leahy,Chris Sale,-137.0,78.0,20.0,,2026-07-10T11:50:48.158597,,STL,ATL,ATL,,,,,,,,,,,,,,,,
,,,,,,,,,,,,,,,,,San Diego Padres,Toronto Blue Jays,San Diego Padres,TBD,JP Sears,Shane Bieber,-118.0,85.0,30.9,True,2026-07-10T11:50:56.065591,16.82,SD,TOR,SD,,,,,,,,,,,,,,,,
2026-07-10,,,,,,,,,,,,,,,,,San Diego Padres,Toronto Blue Jays,San Diego Padres,,JP Sears,Shane Bieber,-118.0,85.0,30.9,,2026-07-10T11:50:56.072706,,SD,TOR,SD,,,,,,,,,,,,,,,,
,,,,,,,,,,,,,,,,,Los Angeles Dodgers,Arizona Diamondbacks,Los Angeles Dodgers,TBD,Shohei Ohtani,Eduardo Rodriguez,-255.0,85.0,13.2,True,2026-07-10T11:51:04.621029,11.69,LAD,ARI,LAD,,,,,,,,,,,,,,,,
2026-07-10,,,,,,,,,,,,,,,,,Los Angeles Dodgers,Arizona Diamondbacks,Los Angeles Dodgers,,Shohei Ohtani,Eduardo Rodriguez,-255.0,85.0,13.2,,2026-07-10T11:51:04.628144,,LAD,ARI,LAD,,,,,,,,,,,,,,,,
,,,,,,,,,,,,,,,,,San Francisco Giants,Colorado Rockies,San Francisco Giants,TBD,Robbie Ray,Tanner Gordon,-156.0,67.5,6.6,True,2026-07-10T11:51:12.299040,4.22,SF,COL,SF,,,,,,,,,,,,,,,,
2026-07-10,,,,,,,,,,,,,,,,,San Francisco Giants,Colorado Rockies,San Francisco Giants,,Robbie Ray,Tanner Gordon,-156.0,67.5,6.6,,2026-07-10T11:51:12.306052,,SF,COL,SF,,,,,,,,,,,,,,,,
,,,,,,,,,,,,,,,,,Detroit Tigers,Philadelphia Phillies,Detroit Tigers,TBD,Jack Flaherty,Aaron Nola,-120.0,73.1,18.5,True,2026-07-10T12:05:27.163968,10.18,DET,PHI,DET,,,,,,,,,,,,,,,,
2026-07-10,,,,,,,,,,,,,,,,,Detroit Tigers,Philadelphia Phillies,Detroit Tigers,,Jack Flaherty,Aaron Nola,-120.0,73.1,18.5,,2026-07-10T12:05:27.172741,,DET,PHI,DET,,,,,,,,,,,,,,,,
,,,,,,,,,,,,,,,,,Pittsburgh Pirates,Milwaukee Brewers,Pittsburgh Pirates,TBD,Braxton Ashcraft,Brandon Sproat,-124.0,81.4,26.0,True,2026-07-10T12:05:29.185206,14.59,PIT,MIL,PIT,,,,,,,,,,,,,,,,
2026-07-10,,,,,,,,,,,,,,,,,Pittsburgh Pirates,Milwaukee Brewers,Pittsburgh Pirates,,Braxton Ashcraft,Brandon Sproat,-124.0,81.4,26.0,,2026-07-10T12:05:29.192503,,PIT,MIL,PIT,,,,,,,,,,,,,,,,
,,,,,,,,,,,,,,,,,Washington Nationals,New York Yankees,Washington Nationals,TBD,Carson Palmquist,Ryan Weathers,134.0,64.3,21.6,True,2026-07-10T12:05:30.917090,9.43,WSH,NYY,WSH,,,,,,,,,,,,,,,,
2026-07-10,,,,,,,,,,,,,,,,,Washington Nationals,New York Yankees,Washington Nationals,,Carson Palmquist,Ryan Weathers,134.0,64.3,21.6,,2026-07-10T12:05:30.924171,,WSH,NYY,WSH,,,,,,,,,,,,,,,,
,,,,,,,,,,,,,,,,,Baltimore Orioles,Kansas City Royals,Baltimore Orioles,TBD,Brandon Young,Luinder Avila,-152.0,77.4,17.1,True,2026-07-10T12:05:32.999043,10.75,BAL,KC,BAL,,,,,,,,,,,,,,,,
2026-07-10,,,,,,,,,,,,,,,,,Baltimore Orioles,Kansas City Royals,Baltimore Orioles,,Brandon Young,Luinder Avila,-152.0,77.4,17.1,,2026-07-10T12:05:33.006065,,BAL,KC,BAL,,,,,,,,,,,,,,,,
,,,,,,,,,,,,,,,,,Cincinnati Reds,Chicago Cubs,Chicago Cubs,TBD,Hunter Greene,Shota Imanaga,106.0,58.6,10.0,True,2026-07-10T12:05:35.285564,4.88,CIN,CHC,CHC,,,,,,,,,,,,,,,,
2026-07-10,,,,,,,,,,,,,,,,,Cincinnati Reds,Chicago Cubs,Chicago Cubs,,Hunter Greene,Shota Imanaga,106.0,58.6,10.0,,2026-07-10T12:05:35.292548,,CIN,CHC,CHC,,,,,,,,,,,,,,,,
,,,,,,,,,,,,,,,,,Miami Marlins,Cleveland Guardians,Cleveland Guardians,TBD,Sandy Alcantara,Parker Messick,119.0,53.7,8.2,True,2026-07-10T12:05:37.663868,3.7,MIA,CLE,CLE,,,,,,,,,,,,,,,,
2026-07-10,,,,,,,,,,,,,,,,,Miami Marlins,Cleveland Guardians,Cleveland Guardians,,Sandy Alcantara,Parker Messick,119.0,53.7,8.2,,2026-07-10T12:05:37.670880,,MIA,CLE,CLE,,,,,,,,,,,,,,,,
,,,,,,,,,,,,,,,,,Tampa Bay Rays,Seattle Mariners,Tampa Bay Rays,TBD,Nick Martinez,Luis Castillo,-116.0,59.4,5.7,True,2026-07-10T12:05:40.176513,3.09,TB,SEA,TB,,,,,,,,,,,,,,,,
2026-07-10,,,,,,,,,,,,,,,,,Tampa Bay Rays,Seattle Mariners,Tampa Bay Rays,,Nick Martinez,Luis Castillo,-116.0,59.4,5.7,,2026-07-10T12:05:40.183608,,TB,SEA,TB,,,,,,,,,,,,,,,,
,,,,,,,,,,,,,,,,,New York Mets,Boston Red Sox,Boston Red Sox,TBD,Nolan McLean,Sonny Gray,134.0,50.3,7.5,True,2026-07-10T12:05:41.611683,3.29,NYM,BOS,BOS,,,,,,,,,,,,,,,,
2026-07-10,,,,,,,,,,,,,,,,,New York Mets,Boston Red Sox,Boston Red Sox,,Nolan McLean,Sonny Gray,134.0,50.3,7.5,,2026-07-10T12:05:41.621376,,NYM,BOS,BOS,,,,,,,,,,,,,,,,
,,,,,,,,,,,,,,,,,Chicago White Sox,Athletics,Chicago White Sox,TBD,Sean Burke,Jacob Lopez,-166.0,85.0,22.6,True,2026-07-10T12:05:44.124568,15.03,CWS,OAK,CWS,,,,,,,,,,,,,,,,
2026-07-10,,,,,,,,,,,,,,,,,Chicago White Sox,Athletics,Chicago White Sox,,Sean Burke,Jacob Lopez,-166.0,85.0,22.6,,2026-07-10T12:05:44.131605,,CWS,OAK,CWS,,,,,,,,,,,,,,,,
,,,,,,,,,,,,,,,,,Texas Rangers,Houston Astros,Houston Astros,TBD,Cal Quantrill,Hunter Brown,-117.0,54.0,-0.1,True,2026-07-10T12:05:46.162597,0.04,TEX,HOU,HOU,,,,,,,,,,,,,,,,
2026-07-10,,,,,,,,,,,,,,,,,Texas Rangers,Houston Astros,Houston Astros,,Cal Quantrill,Hunter Brown,-117.0,54.0,-0.1,,2026-07-10T12:05:46.169760,,TEX,HOU,HOU,,,,,,,,,,,,,,,,
,,,,,,,,,,,,,,,,,Minnesota Twins,Los Angeles Angels,Minnesota Twins,TBD,Zebby Matthews,Grayson Rodriguez,-152.0,81.3,20.9,True,2026-07-10T12:05:48.610649,13.19,MIN,LAA,MIN,,,,,,,,,,,,,,,,
2026-07-10,,,,,,,,,,,,,,,,,Minnesota Twins,Los Angeles Angels,Minnesota Twins,,Zebby Matthews,Grayson Rodriguez,-152.0,81.3,20.9,,2026-07-10T12:05:48.620263,,MIN,LAA,MIN,,,,,,,,,,,,,,,,
,,,,,,,,,,,,,,,,,St. Louis Cardinals,Atlanta Braves,Atlanta Braves,TBD,Kyle Leahy,Chris Sale,-137.0,78.0,20.0,True,2026-07-10T12:05:50.302915,11.94,STL,ATL,ATL,,,,,,,,,,,,,,,,
2026-07-10,,,,,,,,,,,,,,,,,St. Louis Cardinals,Atlanta Braves,Atlanta Braves,,Kyle Leahy,Chris Sale,-137.0,78.0,20.0,,2026-07-10T12:05:50.310148,,STL,ATL,ATL,,,,,,,,,,,,,,,,
,,,,,,,,,,,,,,,,,San Diego Padres,Toronto Blue Jays,San Diego Padres,TBD,JP Sears,Shane Bieber,-118.0,85.0,30.9,True,2026-07-10T12:05:52.221511,16.82,SD,TOR,SD,,,,,,,,,,,,,,,,
2026-07-10,,,,,,,,,,,,,,,,,San Diego Padres,Toronto Blue Jays,San Diego Padres,,JP Sears,Shane Bieber,-118.0,85.0,30.9,,2026-07-10T12:05:52.228805,,SD,TOR,SD,,,,,,,,,,,,,,,,
,,,,,,,,,,,,,,,,,Los Angeles Dodgers,Arizona Diamondbacks,Los Angeles Dodgers,TBD,Shohei Ohtani,Eduardo Rodriguez,-255.0,85.0,13.2,True,2026-07-10T12:05:54.342346,11.69,LAD,ARI,LAD,,,,,,,,,,,,,,,,
2026-07-10,,,,,,,,,,,,,,,,,Los Angeles Dodgers,Arizona Diamondbacks,Los Angeles Dodgers,,Shohei Ohtani,Eduardo Rodriguez,-255.0,85.0,13.2,,2026-07-10T12:05:54.352081,,LAD,ARI,LAD,,,,,,,,,,,,,,,,
,,,,,,,,,,,,,,,,,San Francisco Giants,Colorado Rockies,San Francisco Giants,TBD,Robbie Ray,Tanner Gordon,-156.0,67.5,6.6,True,2026-07-10T12:05:56.672356,4.22,SF,COL,SF,,,,,,,,,,,,,,,,
2026-07-10,,,,,,,,,,,,,,,,,San Francisco Giants,Colorado Rockies,San Francisco Giants,,Robbie Ray,Tanner Gordon,-156.0,67.5,6.6,,2026-07-10T12:05:56.679598,,SF,COL,SF,,,,,,,,,,,,,,,,
2026-07-11,,,team,Moneyline,,,,,,,,,,,8.5,33.8,Pittsburgh Pirates,Milwaukee Brewers,Milwaukee Brewers,TBD,Bubba Chandler,Shane Drohan,125.0,78.1,33.8,True,2026-07-11T05:49:51.977614,15.13,PIT,MIL,MIL,,,,,,,,,,,,,,,,
2026-07-11,,,team,Moneyline,,,,,,,,,,,9.0,18.2,Chicago White Sox,Athletics,Chicago White Sox,TBD,Bryan Hudson,Gage Jump,-104.0,69.2,18.2,True,2026-07-11T05:50:01.906081,9.3,CWS,OAK,CWS,,,,,,,,,,,,,,,,
2026-07-11,,,team,Moneyline,,,,,,,,,,,9.0,20.7,Minnesota Twins,Los Angeles Angels,Minnesota Twins,TBD,Joe Ryan,Ryan Johnson,-180.0,85.0,20.7,True,2026-07-11T05:50:11.944248,14.5,MIN,LAA,MIN,,,,,,,,,,,,,,,,
2026-07-11,,,team,Moneyline,,,,,,,,,,,9.0,23.5,Washington Nationals,New York Yankees,New York Yankees,TBD,Miles Mikolas,Cam Schlittler,-160.0,85.0,23.5,True,2026-07-11T05:50:20.575939,15.25,WSH,NYY,NYY,,,,,,,,,,,,,,,,
2026-07-11,,,team,Moneyline,,,,,,,,,,,8.5,2.2,San Francisco Giants,Colorado Rockies,San Francisco Giants,TBD,Tyler Mahle,Kyle Freeland,-146.0,61.6,2.2,False,2026-07-11T05:50:28.195394,1.37,SF,COL,SF,,,,,,,,,,,,,,,,
2026-07-11,,,team,Moneyline,,,,,,,,,,,8.5,14.0,New York Mets,Boston Red Sox,Boston Red Sox,TBD,Freddy Peralta,TBD,151.0,53.7,14.0,True,2026-07-11T05:50:35.714323,5.74,NYM,BOS,BOS,,,,,,,,,,,,,,,,
2026-07-11,,,team,Moneyline,,,,,,,,,,,7.5,8.2,Miami Marlins,Cleveland Guardians,Miami Marlins,TBD,Eury Pérez,Tanner Bibee,-142.0,66.9,8.2,True,2026-07-11T05:50:43.749007,4.97,MIA,CLE,MIA,,,,,,,,,,,,,,,,
2026-07-11,,,team,Moneyline,,,,,,,,,,,7.5,13.6,Tampa Bay Rays,Seattle Mariners,Seattle Mariners,TBD,Griffin Jax,Logan Gilbert,108.0,61.7,13.6,True,2026-07-11T05:50:51.424380,6.54,TB,SEA,SEA,,,,,,,,,,,,,,,,
2026-07-11,,,team,Moneyline,,,,,,,,,,,7.5,10.7,Detroit Tigers,Philadelphia Phillies,Detroit Tigers,TBD,Casey Mize,Cristopher Sánchez,120.0,56.2,10.7,True,2026-07-11T05:50:58.779966,4.92,DET,PHI,DET,,,,,,,,,,,,,,,,
2026-07-11,,,team,Moneyline,,,,,,,,,,,9.0,4.4,Baltimore Orioles,Kansas City Royals,Baltimore Orioles,TBD,Kyle Bradish,Noah Cameron,-158.0,65.6,4.4,False,2026-07-11T05:51:06.677519,2.84,BAL,KC,BAL,,,,,,,,,,,,,,,,
2026-07-11,,,team,Moneyline,,,,,,,,,,,8.5,1.9,Texas Rangers,Houston Astros,Texas Rangers,TBD,Kumar Rocker,Peter Lambert,-118.0,56.1,1.9,False,2026-07-11T05:51:14.060212,1.06,TEX,HOU,TEX,,,,,,,,,,,,,,,,
2026-07-11,,,team,Moneyline,,,,,,,,,,,10.0,10.0,Cincinnati Reds,Chicago Cubs,Chicago Cubs,TBD,Nick Lodolo,Javier Assad,100.0,60.0,10.0,True,2026-07-11T05:51:21.479806,5.01,CIN,CHC,CHC,,,,,,,,,,,,,,,,
2026-07-11,,,team,Moneyline,,,,,,,,,,,8.5,21.9,St. Louis Cardinals,Atlanta Braves,Atlanta Braves,TBD,Matthew Liberatore,Reynaldo López,102.0,71.4,21.9,True,2026-07-11T05:51:29.423554,10.83,STL,ATL,ATL,,,,,,,,,,,,,,,,
2026-07-11,,,team,Moneyline,,,,,,,,,,,8.0,20.0,San Diego Padres,Toronto Blue Jays,Toronto Blue Jays,TBD,Walker Buehler,Trey Yesavage,116.0,66.3,20.0,True,2026-07-11T05:51:37.687345,9.29,SD,TOR,TOR,,,,,,,,,,,,,,,,
2026-07-11,,,team,Moneyline,,,,,,,,,,,9.0,12.8,Los Angeles Dodgers,Arizona Diamondbacks,Los Angeles Dodgers,TBD,Yoshinobu Yamamoto,Brandon Pfaadt,-260.0,85.0,12.8,True,2026-07-11T05:51:45.664962,11.5,LAD,ARI,LAD,,,,,,,,,,,,,,,,
2026-07-11,,,team,Moneyline,,,,,,,,,,,8.5,33.8,Pittsburgh Pirates,Milwaukee Brewers,Milwaukee Brewers,TBD,Bubba Chandler,Shane Drohan,125.0,78.1,33.8,True,2026-07-11T06:32:39.695743,15.13,PIT,MIL,MIL,,,,,,,,,,,,,,,,
2026-07-11,,,team,Moneyline,,,,,,,,,,,9.0,18.2,Chicago White Sox,Athletics,Chicago White Sox,TBD,Bryan Hudson,Gage Jump,-104.0,69.2,18.2,True,2026-07-11T06:32:42.002818,9.3,CWS,OAK,CWS,,,,,,,,,,,,,,,,
2026-07-11,,,team,Moneyline,,,,,,,,,,,9.0,20.7,Minnesota Twins,Los Angeles Angels,Minnesota Twins,TBD,Joe Ryan,Ryan Johnson,-180.0,85.0,20.7,True,2026-07-11T06:32:44.409879,14.5,MIN,LAA,MIN,,,,,,,,,,,,,,,,
2026-07-11,,,team,Moneyline,,,,,,,,,,,9.0,23.5,Washington Nationals,New York Yankees,New York Yankees,TBD,Miles Mikolas,Cam Schlittler,-160.0,85.0,23.5,True,2026-07-11T06:32:46.450044,15.25,WSH,NYY,NYY,,,,,,,,,,,,,,,,
2026-07-11,,,team,Moneyline,,,,,,,,,,,8.5,2.2,San Francisco Giants,Colorado Rockies,San Francisco Giants,TBD,Tyler Mahle,Kyle Freeland,-146.0,61.6,2.2,False,2026-07-11T06:32:48.728477,1.37,SF,COL,SF,,,,,,,,,,,,,,,,
2026-07-11,,,team,Moneyline,,,,,,,,,,,8.5,14.0,New York Mets,Boston Red Sox,Boston Red Sox,TBD,Freddy Peralta,TBD,151.0,53.7,14.0,True,2026-07-11T06:32:50.873606,5.74,NYM,BOS,BOS,,,,,,,,,,,,,,,,
2026-07-11,,,team,Moneyline,,,,,,,,,,,7.5,8.2,Miami Marlins,Cleveland Guardians,Miami Marlins,TBD,Eury Pérez,Tanner Bibee,-142.0,66.9,8.2,True,2026-07-11T06:32:53.176826,4.97,MIA,CLE,MIA,,,,,,,,,,,,,,,,
2026-07-11,,,team,Moneyline,,,,,,,,,,,7.5,13.6,Tampa Bay Rays,Seattle Mariners,Seattle Mariners,TBD,Griffin Jax,Logan Gilbert,108.0,61.7,13.6,True,2026-07-11T06:32:55.454884,6.54,TB,SEA,SEA,,,,,,,,,,,,,,,,
2026-07-11,,,team,Moneyline,,,,,,,,,,,7.5,10.7,Detroit Tigers,Philadelphia Phillies,Detroit Tigers,TBD,Casey Mize,Cristopher Sánchez,120.0,56.2,10.7,True,2026-07-11T06:32:57.761405,4.92,DET,PHI,DET,,,,,,,,,,,,,,,,
2026-07-11,,,team,Moneyline,,,,,,,,,,,9.0,4.4,Baltimore Orioles,Kansas City Royals,Baltimore Orioles,TBD,Kyle Bradish,Noah Cameron,-158.0,65.6,4.4,False,2026-07-11T06:33:00.061076,2.84,BAL,KC,BAL,,,,,,,,,,,,,,,,
2026-07-11,,,team,Moneyline,,,,,,,,,,,8.5,-0.1,Texas Rangers,Houston Astros,Texas Rangers,TBD,Kumar Rocker,Peter Lambert,-118.0,54.1,-0.1,False,2026-07-11T06:33:02.651978,0.0,TEX,HOU,TEX,,,,,,,,,,,,,,,,
2026-07-11,,,team,Moneyline,,,,,,,,,,,10.0,10.0,Cincinnati Reds,Chicago Cubs,Chicago Cubs,TBD,Nick Lodolo,Javier Assad,100.0,60.0,10.0,True,2026-07-11T06:33:07.380641,5.01,CIN,CHC,CHC,,,,,,,,,,,,,,,,
2026-07-11,,,team,Moneyline,,,,,,,,,,,8.5,21.9,St. Louis Cardinals,Atlanta Braves,Atlanta Braves,TBD,Matthew Liberatore,Reynaldo López,102.0,71.4,21.9,True,2026-07-11T06:33:09.401700,10.83,STL,ATL,ATL,,,,,,,,,,,,,,,,
2026-07-11,,,team,Moneyline,,,,,,,,,,,8.0,20.0,San Diego Padres,Toronto Blue Jays,Toronto Blue Jays,TBD,Walker Buehler,Trey Yesavage,116.0,66.3,20.0,True,2026-07-11T06:33:12.431116,9.29,SD,TOR,TOR,,,,,,,,,,,,,,,,
2026-07-11,,,team,Moneyline,,,,,,,,,,,9.0,12.8,Los Angeles Dodgers,Arizona Diamondbacks,Los Angeles Dodgers,TBD,Yoshinobu Yamamoto,Brandon Pfaadt,-260.0,85.0,12.8,True,2026-07-11T06:33:14.855640,11.5,LAD,ARI,LAD,,,,,,,,,,,,,,,,
2026-07-11,,,team,Moneyline,,,,,,,,,,,8.5,32.4,Pittsburgh Pirates,Milwaukee Brewers,Milwaukee Brewers,TBD,Bubba Chandler,Shane Drohan,116.0,78.7,32.4,True,2026-07-11T11:05:59.485193,15.06,PIT,MIL,MIL,,,,,,,,,,,,,,,,
2026-07-11,,,team,Moneyline,,,,,,,,,,,8.5,16.7,Chicago White Sox,Athletics,Chicago White Sox,TBD,Bryan Hudson,Gage Jump,-112.0,69.5,16.7,True,2026-07-11T11:06:03.896861,8.83,CWS,OAK,CWS,,,,,,,,,,,,,,,,
2026-07-11,,,team,Moneyline,,,,,,,,,,,9.0,20.7,Minnesota Twins,Los Angeles Angels,Minnesota Twins,TBD,Joe Ryan,Ryan Johnson,-180.0,85.0,20.7,True,2026-07-11T11:06:08.082455,14.5,MIN,LAA,MIN,,,,,,,,,,,,,,,,
2026-07-11,,,team,Moneyline,,,,,,,,,,,9.0,22.9,Washington Nationals,New York Yankees,New York Yankees,TBD,PJ Poulin,Cam Schlittler,-163.0,85.0,22.9,True,2026-07-11T11:06:12.675110,15.14,WSH,NYY,NYY,,,,,,,,,,,,,,,,
2026-07-11,,,team,Moneyline,,,,,,,,,,,8.5,1.1,San Francisco Giants,Colorado Rockies,San Francisco Giants,TBD,Tyler Mahle,Kyle Freeland,-154.0,61.8,1.1,False,2026-07-11T11:06:17.220262,0.73,SF,COL,SF,,,,,,,,,,,,,,,,
2026-07-11,,,team,Moneyline,,,,,,,,,,,8.5,14.8,New York Mets,Boston Red Sox,Boston Red Sox,TBD,Freddy Peralta,TBD,158.0,53.5,14.8,True,2026-07-11T11:06:21.536161,6.02,NYM,BOS,BOS,,,,,,,,,,,,,,,,
2026-07-11,,,team,Moneyline,,,,,,,,,,,7.5,8.6,Miami Marlins,Cleveland Guardians,Miami Marlins,TBD,Eury Pérez,Tanner Bibee,-154.0,69.2,8.6,True,2026-07-11T11:06:25.989114,5.44,MIA,CLE,MIA,,,,,,,,,,,,,,,,
2026-07-11,,,team,Moneyline,,,,,,,,,,,7.0,12.4,Tampa Bay Rays,Seattle Mariners,Seattle Mariners,TBD,Griffin Jax,Logan Gilbert,112.0,59.5,12.4,True,2026-07-11T11:06:30.454665,5.85,TB,SEA,SEA,,,,,,,,,,,,,,,,
2026-07-11,,,team,Moneyline,,,,,,,,,,,7.5,10.2,Detroit Tigers,Philadelphia Phillies,Detroit Tigers,TBD,Casey Mize,Cristopher Sánchez,120.0,55.6,10.2,True,2026-07-11T11:06:34.815436,4.66,DET,PHI,DET,,,,,,,,,,,,,,,,
2026-07-11,,,team,Moneyline,,,,,,,,,,,9.0,6.4,Baltimore Orioles,Kansas City Royals,Baltimore Orioles,TBD,Kyle Bradish,Noah Cameron,-158.0,67.6,6.4,True,2026-07-11T11:06:39.335415,4.13,BAL,KC,BAL,,,,,,,,,,,,,,,,
2026-07-11,,,team,Moneyline,,,,,,,,,,,8.5,1.9,Texas Rangers,Houston Astros,Texas Rangers,TBD,Kumar Rocker,Peter Lambert,-118.0,56.1,1.9,False,2026-07-11T11:06:43.605339,1.06,TEX,HOU,TEX,,,,,,,,,,,,,,,,
2026-07-11,,,team,Moneyline,,,,,,,,,,,10.0,12.4,Cincinnati Reds,Chicago Cubs,Chicago Cubs,TBD,Nick Lodolo,Javier Assad,112.0,59.6,12.4,True,2026-07-11T11:06:48.219577,5.88,CIN,CHC,CHC,,,,,,,,,,,,,,,,
2026-07-11,,,team,Moneyline,,,,,,,,,,,8.5,23.9,St. Louis Cardinals,Atlanta Braves,Atlanta Braves,TBD,Matthew Liberatore,Reynaldo López,112.0,71.0,23.9,True,2026-07-11T11:06:52.673197,11.29,STL,ATL,ATL,,,,,,,,,,,,,,,,
2026-07-11,,,team,Moneyline,,,,,,,,,,,8.0,19.2,San Diego Padres,Toronto Blue Jays,Toronto Blue Jays,TBD,Walker Buehler,Trey Yesavage,112.0,66.4,19.2,True,2026-07-11T11:06:57.154009,9.09,SD,TOR,TOR,,,,,,,,,,,,,,,,
2026-07-11,,,team,Moneyline,,,,,,,,,,,9.0,11.7,Los Angeles Dodgers,Arizona Diamondbacks,Los Angeles Dodgers,TBD,Yoshinobu Yamamoto,Brandon Pfaadt,-275.0,85.0,11.7,True,2026-07-11T11:07:01.457235,10.94,LAD,ARI,LAD,,,,,,,,,,,,,,,,
2026-07-11,,,team,Moneyline,,,,,,,,,,,8.5,32.4,Pittsburgh Pirates,Milwaukee Brewers,Milwaukee Brewers,TBD,Bubba Chandler,Shane Drohan,116.0,78.7,32.4,True,2026-07-11T11:08:10.626293,15.06,PIT,MIL,MIL,,,,,,,,,,,,,,,,
2026-07-11,,,team,Moneyline,,,,,,,,,,,8.5,16.7,Chicago White Sox,Athletics,Chicago White Sox,TBD,Bryan Hudson,Gage Jump,-112.0,69.5,16.7,True,2026-07-11T11:08:11.602212,8.83,CWS,OAK,CWS,,,,,,,,,,,,,,,,
2026-07-11,,,team,Moneyline,,,,,,,,,,,9.0,20.7,Minnesota Twins,Los Angeles Angels,Minnesota Twins,TBD,Joe Ryan,Ryan Johnson,-180.0,85.0,20.7,True,2026-07-11T11:08:11.909078,14.5,MIN,LAA,MIN,,,,,,,,,,,,,,,,
2026-07-11,,,team,Moneyline,,,,,,,,,,,9.0,22.9,Washington Nationals,New York Yankees,New York Yankees,TBD,PJ Poulin,Cam Schlittler,-163.0,85.0,22.9,True,2026-07-11T11:08:12.231040,15.14,WSH,NYY,NYY,,,,,,,,,,,,,,,,
2026-07-11,,,team,Moneyline,,,,,,,,,,,8.5,1.1,San Francisco Giants,Colorado Rockies,San Francisco Giants,TBD,Tyler Mahle,Kyle Freeland,-154.0,61.8,1.1,False,2026-07-11T11:08:12.566180,0.73,SF,COL,SF,,,,,,,,,,,,,,,,
2026-07-11,,,team,Moneyline,,,,,,,,,,,8.5,14.8,New York Mets,Boston Red Sox,Boston Red Sox,TBD,Freddy Peralta,TBD,158.0,53.5,14.8,True,2026-07-11T11:08:12.887408,6.02,NYM,BOS,BOS,,,,,,,,,,,,,,,,
2026-07-11,,,team,Moneyline,,,,,,,,,,,7.5,8.6,Miami Marlins,Cleveland Guardians,Miami Marlins,TBD,Eury Pérez,Tanner Bibee,-154.0,69.2,8.6,True,2026-07-11T11:08:13.227043,5.44,MIA,CLE,MIA,,,,,,,,,,,,,,,,
2026-07-11,,,team,Moneyline,,,,,,,,,,,7.0,12.4,Tampa Bay Rays,Seattle Mariners,Seattle Mariners,TBD,Griffin Jax,Logan Gilbert,112.0,59.5,12.4,True,2026-07-11T11:08:13.547358,5.85,TB,SEA,SEA,,,,,,,,,,,,,,,,
2026-07-11,,,team,Moneyline,,,,,,,,,,,7.5,10.2,Detroit Tigers,Philadelphia Phillies,Detroit Tigers,TBD,Casey Mize,Cristopher Sánchez,120.0,55.6,10.2,True,2026-07-11T11:08:13.874206,4.66,DET,PHI,DET,,,,,,,,,,,,,,,,
2026-07-11,,,team,Moneyline,,,,,,,,,,,9.0,6.4,Baltimore Orioles,Kansas City Royals,Baltimore Orioles,TBD,Kyle Bradish,Noah Cameron,-158.0,67.6,6.4,True,2026-07-11T11:08:14.214325,4.13,BAL,KC,BAL,,,,,,,,,,,,,,,,
2026-07-11,,,team,Moneyline,,,,,,,,,,,8.5,1.9,Texas Rangers,Houston Astros,Texas Rangers,TBD,Kumar Rocker,Peter Lambert,-118.0,56.1,1.9,False,2026-07-11T11:08:14.547235,1.06,TEX,HOU,TEX,,,,,,,,,,,,,,,,
2026-07-11,,,team,Moneyline,,,,,,,,,,,10.0,12.4,Cincinnati Reds,Chicago Cubs,Chicago Cubs,TBD,Nick Lodolo,Javier Assad,112.0,59.6,12.4,True,2026-07-11T11:08:14.867395,5.88,CIN,CHC,CHC,,,,,,,,,,,,,,,,
2026-07-11,,,team,Moneyline,,,,,,,,,,,8.5,23.9,St. Louis Cardinals,Atlanta Braves,Atlanta Braves,TBD,Matthew Liberatore,Reynaldo López,112.0,71.0,23.9,True,2026-07-11T11:08:15.187016,11.29,STL,ATL,ATL,,,,,,,,,,,,,,,,
2026-07-11,,,team,Moneyline,,,,,,,,,,,8.0,19.2,San Diego Padres,Toronto Blue Jays,Toronto Blue Jays,TBD,Walker Buehler,Trey Yesavage,112.0,66.4,19.2,True,2026-07-11T11:08:15.487179,9.09,SD,TOR,TOR,,,,,,,,,,,,,,,,
2026-07-11,,,team,Moneyline,,,,,,,,,,,9.0,11.7,Los Angeles Dodgers,Arizona Diamondbacks,Los Angeles Dodgers,TBD,Yoshinobu Yamamoto,Brandon Pfaadt,-275.0,85.0,11.7,True,2026-07-11T11:08:16.105734,10.94,LAD,ARI,LAD,,,,,,,,,,,,,,,,
2026-07-11,,,team,Moneyline,,,,,,,,,,,8.5,-24.2,Cincinnati Reds,Chicago Cubs,Chicago Cubs,TBD,Nick Lodolo,Javier Assad,-750.0,64.0,-24.2,False,2026-07-11T21:59:43.856169,0.0,CIN,CHC,CHC,,,,,,,,,,,,,,,,
2026-07-11,,,team,Moneyline,,,,,,,,,,,14.5,32.5,San Diego Padres,Toronto Blue Jays,Toronto Blue Jays,TBD,Walker Buehler,Trey Yesavage,250.0,61.1,32.5,False,2026-07-11T21:59:49.710156,11.38,SD,TOR,TOR,,,,,,,,,,,,,,,,
2026-07-11,,,team,Moneyline,,,,,,,,,,,5.5,17.3,Los Angeles Dodgers,Arizona Diamondbacks,Los Angeles Dodgers,TBD,Yoshinobu Yamamoto,Brandon Pfaadt,-210.0,85.0,17.3,False,2026-07-11T21:59:55.380339,13.37,LAD,ARI,LAD,,,,,,,,,,,,,,,,
2026-07-11,,,team,Moneyline,,,,,,,,,,,7.5,27.8,Pittsburgh Pirates,Milwaukee Brewers,Milwaukee Brewers,TBD,Bubba Chandler,Shane Drohan,119.0,73.2,27.8,True,2026-07-11T22:00:00.732827,12.68,PIT,MIL,MIL,,,,,,,,,,,,,,,,
2026-07-11,,,team,Moneyline,,,,,,,,,,,9.5,11.8,Baltimore Orioles,Kansas City Royals,Baltimore Orioles,TBD,Kyle Bradish,Noah Cameron,-148.0,71.5,11.8,True,2026-07-11T22:00:06.586087,7.32,BAL,KC,BAL,,,,,,,,,,,,,,,,
2026-07-11,,,team,Moneyline,,,,,,,,,,,9.0,36.0,Washington Nationals,New York Yankees,New York Yankees,TBD,PJ Poulin,Cam Schlittler,104.0,85.0,36.0,True,2026-07-11T22:00:12.361488,17.64,WSH,NYY,NYY,,,,,,,,,,,,,,,,
2026-07-11,,,team,Moneyline,,,,,,,,,,,8.5,17.8,New York Mets,Boston Red Sox,Boston Red Sox,TBD,Freddy Peralta,Eduardo Rivera,102.0,67.3,17.8,True,2026-07-11T22:00:17.960166,8.81,NYM,BOS,BOS,,,,,,,,,,,,,,,,
2026-07-11,,,team,Moneyline,,,,,,,,,,,8.5,13.3,Miami Marlins,Cleveland Guardians,Miami Marlins,TBD,Eury Pérez,Tanner Bibee,-116.0,67.0,13.3,True,2026-07-11T22:00:23.480040,7.19,MIA,CLE,MIA,,,,,,,,,,,,,,,,
2026-07-11,,,team,Moneyline,,,,,,,,,,,7.0,2.1,Detroit Tigers,Philadelphia Phillies,Detroit Tigers,TBD,Casey Mize,Cristopher Sánchez,-112.0,54.9,2.1,False,2026-07-11T22:00:29.283669,1.09,DET,PHI,DET,,,,,,,,,,,,,,,,
2026-07-11,,,team,Moneyline,,,,,,,,,,,7.5,14.0,Tampa Bay Rays,Seattle Mariners,Seattle Mariners,TBD,Griffin Jax,Logan Gilbert,129.0,57.5,14.0,True,2026-07-11T22:00:34.847466,6.13,TB,SEA,SEA,,,,,,,,,,,,,,,,
2026-07-11,,,team,Moneyline,,,,,,,,,,,8.5,12.5,Chicago White Sox,Athletics,Chicago White Sox,TBD,Bryan Hudson,Gage Jump,-118.0,66.6,12.5,True,2026-07-11T22:00:40.160737,6.8,CWS,OAK,CWS,,,,,,,,,,,,,,,,
2026-07-11,,,team,Moneyline,,,,,,,,,,,8.5,28.1,Minnesota Twins,Los Angeles Angels,Minnesota Twins,TBD,Joe Ryan,Ryan Johnson,-132.0,85.0,28.1,True,2026-07-11T22:00:45.414812,16.3,MIN,LAA,MIN,,,,,,,,,,,,,,,,
2026-07-11,,,team,Moneyline,,,,,,,,,,,8.5,19.3,St. Louis Cardinals,Atlanta Braves,Atlanta Braves,TBD,Matthew Liberatore,Reynaldo López,129.0,62.7,19.3,True,2026-07-11T22:00:51.020503,8.46,STL,ATL,ATL,,,,,,,,,,,,,,,,
2026-07-11,,,team,Moneyline,,,,,,,,,,,8.5,3.6,San Francisco Giants,Colorado Rockies,San Francisco Giants,TBD,Tyler Mahle,Kyle Freeland,-144.0,62.7,3.6,False,2026-07-11T22:00:56.562801,2.23,SF,COL,SF,,,,,,,,,,,,,,,,
2026-07-12,,,team,Moneyline,,,,,,,,,,,7.5,18.3,Pittsburgh Pirates,Milwaukee Brewers,Pittsburgh Pirates,TBD,Paul Skenes,Robert Gasser,-130.0,74.8,18.3,True,2026-07-12T06:13:27.739891,10.53,PIT,MIL,PIT,0.0,0.2052,0.024,0.009,0.0236,0.0154,-0.034,-0.0283,0.015,0.0,0.0,0.0,0.0,-0.0112,,
2026-07-12,,,team,Moneyline,,,,,,,,,,,9.5,17.4,Baltimore Orioles,Kansas City Royals,Baltimore Orioles,TBD,Shane Baz,Seth Lugo,-148.0,77.1,17.4,True,2026-07-12T06:13:34.322834,10.78,BAL,KC,BAL,0.03,0.0684,0.014,0.003,0.0042,0.0028,0.0615,0.0315,0.015,0.0,0.0,0.0056,0.0,0.0003,,
2026-07-12,,,team,Moneyline,,,,,,,,,,,9.0,3.0,Washington Nationals,New York Yankees,New York Yankees,TBD,Cade Cavalli,Will Warren,104.0,52.1,3.0,False,2026-07-12T06:13:40.813363,1.49,WSH,NYY,NYY,0.0,0.0732,0.0108,-0.0005,0.0114,0.0094,-0.064,-0.029,-0.025,0.0,0.0,-0.0083,0.0,-0.02,,
2026-07-12,,,team,Moneyline,,,,,,,,,,,8.5,22.0,New York Mets,Boston Red Sox,Boston Red Sox,TBD,Zach Thornton,Payton Tolle,-101.0,72.5,22.0,True,2026-07-12T06:13:47.607639,11.16,NYM,BOS,BOS,-0.04,-0.0708,-0.0452,-0.011,-0.0034,-0.0104,-0.0085,-0.0242,-0.025,0.0,0.0,-0.0056,0.0,0.0001,,
2026-07-12,,,team,Moneyline,,,,,,,,,,,9.5,24.1,Cincinnati Reds,Chicago Cubs,Chicago Cubs,TBD,Andrew Abbott,Matthew Boyd,-107.0,76.0,24.1,True,2026-07-12T06:13:54.048513,12.6,CIN,CHC,CHC,-0.02,-0.1608,0.0148,-0.005,-0.0228,-0.0231,-0.016,-0.0347,-0.0166,0.0,0.0,0.0028,0.0,0.004,,
2026-07-12,,,team,Moneyline,,,,,,,,,,,8.5,-0.1,Miami Marlins,Cleveland Guardians,Miami Marlins,TBD,Tyler Phillips,Joey Cantillo,-116.0,53.6,-0.1,False,2026-07-12T06:14:00.758763,0.0,MIA,CLE,MIA,0.0,-0.0264,0.0152,0.0015,-0.0231,0.0357,0.0095,0.0105,-0.025,0.02,0.0,-0.0083,0.0,0.0005,,
2026-07-12,,,team,Moneyline,,,,,,,,,,,7.5,1.7,Detroit Tigers,Philadelphia Phillies,Detroit Tigers,TBD,Tarik Skubal,Zack Wheeler,-112.0,54.5,1.7,False,2026-07-12T06:14:07.427234,0.89,DET,PHI,DET,0.03,-0.0012,-0.0312,-0.002,0.0056,0.0077,-0.012,0.02,0.0,0.0,0.0,0.0056,0.0,-0.0016,,
2026-07-12,,,team,Moneyline,,,,,,,,,,,7.5,-2.3,Tampa Bay Rays,Seattle Mariners,Tampa Bay Rays,TBD,Ian Seymour,Emerson Hancock,-130.0,54.2,-2.3,False,2026-07-12T06:14:13.775617,0.0,TB,SEA,TB,0.02,-0.0192,-0.0352,-0.0035,0.0209,0.0275,-0.0435,0.0147,0.025,0.0,0.0,0.0111,0.0,-0.0055,,
2026-07-12,,,team,Moneyline,,,,,,,,,,,8.5,10.0,Chicago White Sox,Athletics,Athletics,TBD,Noah Schultz,J.T. Ginn,116.0,56.3,10.0,True,2026-07-12T06:14:20.469372,4.67,CWS,OAK,OAK,0.03,-0.0972,-0.102,-0.009,0.0033,0.0044,0.0185,0.0466,0.015,0.0,0.0,0.0,0.0,0.0016,,
2026-07-12,,,team,Moneyline,,,,,,,,,,,8.5,6.2,Minnesota Twins,Los Angeles Angels,Minnesota Twins,TBD,Taj Bradley,José Soriano,-132.0,63.1,6.2,True,2026-07-12T06:14:26.782602,3.59,MIN,LAA,MIN,0.04,0.0216,-0.0108,0.003,0.0078,0.0171,-0.006,0.014,0.0,0.0,0.0,0.0111,0.0,0.0028,,
2026-07-12,,,team,Moneyline,,,,,,,,,,,8.5,14.8,St. Louis Cardinals,Atlanta Braves,St. Louis Cardinals,TBD,Dustin May,JR Ritchie,-130.0,71.4,14.8,True,2026-07-12T06:14:33.096228,8.54,STL,ATL,STL,0.01,0.2256,-0.0016,0.009,0.0015,-0.0066,-0.0365,-0.0297,0.015,0.0,0.0,-0.0028,0.0,0.0,,
2026-07-12,,,team,Moneyline,,,,,,,,,,,8.5,18.3,Texas Rangers,Houston Astros,Texas Rangers,TBD,MacKenzie Gore,Cristian Javier,-136.0,76.0,18.3,True,2026-07-12T06:14:39.727469,10.81,TEX,HOU,TEX,0.0,0.1692,0.0292,0.01,0.0185,-0.0066,0.022,0.008,-0.0083,0.0,0.0,-0.0111,0.0,-0.0028,,
2026-07-12,,,team,Moneyline,,,,,,,,,,,8.5,11.0,San Francisco Giants,Colorado Rockies,San Francisco Giants,TBD,Trevor McDonald,Michael Lorenzen,-144.0,70.0,11.0,True,2026-07-12T06:14:46.299148,6.69,SF,COL,SF,0.0,0.1008,0.0408,0.02,0.0056,-0.0099,-0.0025,0.0105,-0.0028,0.0,0.0,0.0028,0.0,0.0011,,
2026-07-12,,,team,Moneyline,,,,,,,,,,,9.5,-4.4,Los Angeles Dodgers,Arizona Diamondbacks,Los Angeles Dodgers,TBD,Emmet Sheehan,Mitch Bratt,-225.0,64.9,-4.4,False,2026-07-12T06:14:52.759389,0.0,LAD,ARI,LAD,0.0,0.0,0.0,0.0,0.0,0.0473,0.011,0.0549,0.0028,0.0,0.0,0.0,0.0,-0.0161,,
2026-07-12,,,team,Moneyline,,,,,,,,,,,8.5,22.5,San Diego Padres,Toronto Blue Jays,Toronto Blue Jays,TBD,Germán Márquez,Kevin Gausman,-107.0,74.4,22.5,True,2026-07-12T06:14:59.448337,11.77,SD,TOR,TOR,-0.01,-0.1932,-0.0164,-0.0085,-0.0232,-0.0082,0.0015,-0.0088,0.0,0.0,0.0,0.0028,0.0,0.0025,,
2026-07-12,,,team,Moneyline,,,,,,,,,,,8.5,20.3,Pittsburgh Pirates,Milwaukee Brewers,Pittsburgh Pirates,TBD,Paul Skenes,Robert Gasser,-130.0,76.8,20.3,True,2026-07-12T12:06:43.861372,11.68,PIT,MIL,PIT,0.0,0.2052,0.024,0.009,0.0236,0.0154,-0.034,-0.0283,0.015,0.02,0.0,0.0,0.0,-0.0112,,
2026-07-12,,,team,Moneyline,,,,,,,,,,,9.5,16.8,Baltimore Orioles,Kansas City Royals,Baltimore Orioles,TBD,Shane Baz,Seth Lugo,-148.0,76.5,16.8,True,2026-07-12T12:06:48.105394,10.44,BAL,KC,BAL,0.03,0.0684,0.014,0.003,0.0042,0.0028,0.0615,0.0315,0.015,0.0,0.0,0.0,0.0,0.0003,,
2026-07-12,,,team,Moneyline,,,,,,,,,,,9.5,-2.0,Washington Nationals,New York Yankees,Washington Nationals,TBD,Cade Cavalli,Will Warren,-116.0,51.7,-2.0,False,2026-07-12T12:06:52.435997,0.0,WSH,NYY,WSH,0.0,0.0732,0.0108,-0.0005,0.0114,0.0094,-0.064,-0.029,-0.025,0.02,0.0,0.0056,0.0,-0.02,,
2026-07-12,,,team,Moneyline,,,,,,,,,,,8.0,21.9,New York Mets,Boston Red Sox,Boston Red Sox,TBD,Zach Thornton,Payton Tolle,106.0,70.5,21.9,True,2026-07-12T12:06:56.633859,10.64,NYM,BOS,BOS,-0.04,-0.0708,-0.0452,-0.011,-0.0034,-0.0104,-0.0085,-0.0242,-0.025,0.02,0.0,-0.0083,0.0,0.0001,,
2026-07-12,,,team,Moneyline,,,,,,,,,,,9.0,24.1,Cincinnati Reds,Chicago Cubs,Chicago Cubs,TBD,Andrew Abbott,Matthew Boyd,-107.0,76.0,24.1,True,2026-07-12T12:07:00.887934,12.6,CIN,CHC,CHC,-0.02,-0.1608,0.0148,-0.005,-0.0228,-0.0231,-0.016,-0.0347,-0.0166,0.0,0.0,0.0028,0.0,0.004,,
2026-07-12,,,team,Moneyline,,,,,,,,,,,7.5,2.1,Miami Marlins,Cleveland Guardians,Miami Marlins,TBD,Tyler Phillips,Joey Cantillo,-110.0,54.5,2.1,False,2026-07-12T12:07:05.241753,1.1,MIA,CLE,MIA,0.0,-0.0264,0.0152,0.0015,-0.0231,0.0357,0.0095,0.0105,-0.025,0.02,0.0,0.0028,0.0,0.0005,,
2026-07-12,,,team,Moneyline,,,,,,,,,,,7.0,-0.1,Detroit Tigers,Philadelphia Phillies,Detroit Tigers,TBD,Tarik Skubal,Zack Wheeler,-134.0,57.2,-0.1,False,2026-07-12T12:07:09.541008,0.0,DET,PHI,DET,0.03,-0.0012,-0.0312,-0.002,0.0056,0.0077,-0.012,0.02,0.0,0.02,0.0,0.0056,0.0,-0.0016,,
2026-07-12,,,team,Moneyline,,,,,,,,,,,7.5,-2.7,Tampa Bay Rays,Seattle Mariners,Tampa Bay Rays,TBD,Ian Seymour,Emerson Hancock,-142.0,56.0,-2.7,False,2026-07-12T12:07:13.732026,0.0,TB,SEA,TB,0.02,-0.0192,-0.0352,-0.0035,0.0209,0.0275,-0.0435,0.0147,0.025,0.02,0.0,0.0056,0.0,-0.0055,,
2026-07-12,,,team,Moneyline,,,,,,,,,,,8.5,14.5,Chicago White Sox,Athletics,Athletics,TBD,Noah Schultz,J.T. Ginn,144.0,55.5,14.5,True,2026-07-12T12:07:18.053827,6.16,CWS,OAK,OAK,0.03,-0.0972,-0.102,-0.009,0.0033,0.0044,0.0185,0.0466,0.015,0.0,0.0,0.0,0.0,0.0016,,
2026-07-12,,,team,Moneyline,,,,,,,,,,,9.5,8.2,Minnesota Twins,Los Angeles Angels,Minnesota Twins,TBD,Taj Bradley,José Soriano,-132.0,65.1,8.2,True,2026-07-12T12:07:22.581272,4.75,MIN,LAA,MIN,0.04,0.0216,-0.0108,0.003,0.0078,0.0171,-0.006,0.014,0.0,0.02,0.0,0.0111,0.0,0.0028,,
2026-07-12,,,team,Moneyline,,,,,,,,,,,7.5,7.2,St. Louis Cardinals,Atlanta Braves,Atlanta Braves,TBD,Dustin May,Danny Young,129.0,50.6,7.2,True,2026-07-12T12:07:26.977644,3.09,STL,ATL,ATL,0.01,0.0,0.0,0.0,0.0,-0.0066,-0.0365,-0.0297,0.015,0.02,0.0,-0.0083,0.0,0.0,,
2026-07-12,,,team,Moneyline,,,,,,,,,,,9.0,20.1,Texas Rangers,Houston Astros,Texas Rangers,TBD,MacKenzie Gore,Cristian Javier,-134.0,77.3,20.1,True,2026-07-12T12:07:31.698071,11.75,TEX,HOU,TEX,0.0,0.1692,0.0292,0.01,0.0185,-0.0066,0.022,0.008,-0.0083,0.02,0.0,-0.0167,0.0,-0.0028,,
2026-07-12,,,team,Moneyline,,,,,,,,,,,9.0,11.0,San Francisco Giants,Colorado Rockies,San Francisco Giants,TBD,Trevor McDonald,Michael Lorenzen,-144.0,70.0,11.0,True,2026-07-12T12:07:36.184367,6.69,SF,COL,SF,0.0,0.1008,0.0408,0.02,0.0056,-0.0099,-0.0025,0.0105,-0.0028,0.0,0.0,0.0028,0.0,0.0011,,
2026-07-12,,,team,Moneyline,,,,,,,,,,,9.5,-4.4,Los Angeles Dodgers,Arizona Diamondbacks,Los Angeles Dodgers,TBD,Emmet Sheehan,Mitch Bratt,-225.0,64.9,-4.4,False,2026-07-12T12:07:40.585725,0.0,LAD,ARI,LAD,0.0,0.0,0.0,0.0,0.0,0.0473,0.011,0.0549,0.0028,0.0,0.0,0.0,0.0,-0.0161,,
2026-07-12,,,team,Moneyline,,,,,,,,,,,8.5,22.5,San Diego Padres,Toronto Blue Jays,Toronto Blue Jays,TBD,Germán Márquez,Kevin Gausman,-107.0,74.4,22.5,True,2026-07-12T12:07:44.893963,11.77,SD,TOR,TOR,-0.01,-0.1932,-0.0164,-0.0085,-0.0232,-0.0082,0.0015,-0.0088,0.0,0.0,0.0,0.0028,0.0,0.0025,,
2026-07-12,,,team,Moneyline,,,,,,,,,,,8.5,20.3,Pittsburgh Pirates,Milwaukee Brewers,Pittsburgh Pirates,TBD,Paul Skenes,Robert Gasser,-130.0,76.8,20.3,True,2026-07-12T12:12:49.409412,11.68,PIT,MIL,PIT,0.0,0.2052,0.024,0.009,0.0236,0.0154,-0.034,-0.0283,0.015,0.02,0.0,0.0,0.0,-0.0112,,
2026-07-12,,,team,Moneyline,,,,,,,,,,,9.5,16.8,Baltimore Orioles,Kansas City Royals,Baltimore Orioles,TBD,Shane Baz,Seth Lugo,-148.0,76.5,16.8,True,2026-07-12T12:12:49.833092,10.44,BAL,KC,BAL,0.03,0.0684,0.014,0.003,0.0042,0.0028,0.0615,0.0315,0.015,0.0,0.0,0.0,0.0,0.0003,,
2026-07-12,,,team,Moneyline,,,,,,,,,,,9.5,-2.0,Washington Nationals,New York Yankees,Washington Nationals,TBD,Cade Cavalli,Will Warren,-116.0,51.7,-2.0,False,2026-07-12T12:12:50.250180,0.0,WSH,NYY,WSH,0.0,0.0732,0.0108,-0.0005,0.0114,0.0094,-0.064,-0.029,-0.025,0.02,0.0,0.0056,0.0,-0.02,,
2026-07-12,,,team,Moneyline,,,,,,,,,,,8.0,21.9,New York Mets,Boston Red Sox,Boston Red Sox,TBD,Zach Thornton,Payton Tolle,106.0,70.5,21.9,True,2026-07-12T12:12:50.648759,10.64,NYM,BOS,BOS,-0.04,-0.0708,-0.0452,-0.011,-0.0034,-0.0104,-0.0085,-0.0242,-0.025,0.02,0.0,-0.0083,0.0,0.0001,,
2026-07-12,,,team,Moneyline,,,,,,,,,,,9.0,24.1,Cincinnati Reds,Chicago Cubs,Chicago Cubs,TBD,Andrew Abbott,Matthew Boyd,-107.0,76.0,24.1,True,2026-07-12T12:12:51.088113,12.6,CIN,CHC,CHC,-0.02,-0.1608,0.0148,-0.005,-0.0228,-0.0231,-0.016,-0.0347,-0.0166,0.0,0.0,0.0028,0.0,0.004,,
2026-07-12,,,team,Moneyline,,,,,,,,,,,7.5,2.1,Miami Marlins,Cleveland Guardians,Miami Marlins,TBD,Tyler Phillips,Joey Cantillo,-110.0,54.5,2.1,False,2026-07-12T12:12:51.522150,1.1,MIA,CLE,MIA,0.0,-0.0264,0.0152,0.0015,-0.0231,0.0357,0.0095,0.0105,-0.025,0.02,0.0,0.0028,0.0,0.0005,,
2026-07-12,,,team,Moneyline,,,,,,,,,,,7.0,-0.1,Detroit Tigers,Philadelphia Phillies,Detroit Tigers,TBD,Tarik Skubal,Zack Wheeler,-134.0,57.2,-0.1,False,2026-07-12T12:12:51.945675,0.0,DET,PHI,DET,0.03,-0.0012,-0.0312,-0.002,0.0056,0.0077,-0.012,0.02,0.0,0.02,0.0,0.0056,0.0,-0.0016,,
2026-07-12,,,team,Moneyline,,,,,,,,,,,7.5,-2.7,Tampa Bay Rays,Seattle Mariners,Tampa Bay Rays,TBD,Ian Seymour,Emerson Hancock,-142.0,56.0,-2.7,False,2026-07-12T12:12:52.380287,0.0,TB,SEA,TB,0.02,-0.0192,-0.0352,-0.0035,0.0209,0.0275,-0.0435,0.0147,0.025,0.02,0.0,0.0056,0.0,-0.0055,,
2026-07-12,,,team,Moneyline,,,,,,,,,,,8.5,14.5,Chicago White Sox,Athletics,Athletics,TBD,Noah Schultz,J.T. Ginn,144.0,55.5,14.5,True,2026-07-12T12:12:53.418978,6.16,CWS,OAK,OAK,0.03,-0.0972,-0.102,-0.009,0.0033,0.0044,0.0185,0.0466,0.015,0.0,0.0,0.0,0.0,0.0016,,
2026-07-12,,,team,Moneyline,,,,,,,,,,,9.5,8.2,Minnesota Twins,Los Angeles Angels,Minnesota Twins,TBD,Taj Bradley,José Soriano,-132.0,65.1,8.2,True,2026-07-12T12:12:53.828121,4.75,MIN,LAA,MIN,0.04,0.0216,-0.0108,0.003,0.0078,0.0171,-0.006,0.014,0.0,0.02,0.0,0.0111,0.0,0.0028,,
2026-07-12,,,team,Moneyline,,,,,,,,,,,7.5,7.2,St. Louis Cardinals,Atlanta Braves,Atlanta Braves,TBD,Dustin May,Danny Young,129.0,50.6,7.2,True,2026-07-12T12:12:54.418914,3.09,STL,ATL,ATL,0.01,0.0,0.0,0.0,0.0,-0.0066,-0.0365,-0.0297,0.015,0.02,0.0,-0.0083,0.0,0.0,,
2026-07-12,,,team,Moneyline,,,,,,,,,,,9.0,20.1,Texas Rangers,Houston Astros,Texas Rangers,TBD,MacKenzie Gore,Cristian Javier,-134.0,77.3,20.1,True,2026-07-12T12:12:54.820862,11.75,TEX,HOU,TEX,0.0,0.1692,0.0292,0.01,0.0185,-0.0066,0.022,0.008,-0.0083,0.02,0.0,-0.0167,0.0,-0.0028,,
2026-07-12,,,team,Moneyline,,,,,,,,,,,9.0,11.0,San Francisco Giants,Colorado Rockies,San Francisco Giants,TBD,Trevor McDonald,Michael Lorenzen,-144.0,70.0,11.0,True,2026-07-12T12:12:55.237864,6.69,SF,COL,SF,0.0,0.1008,0.0408,0.02,0.0056,-0.0099,-0.0025,0.0105,-0.0028,0.0,0.0,0.0028,0.0,0.0011,,
2026-07-12,,,team,Moneyline,,,,,,,,,,,9.5,-4.4,Los Angeles Dodgers,Arizona Diamondbacks,Los Angeles Dodgers,TBD,Emmet Sheehan,Mitch Bratt,-225.0,64.9,-4.4,False,2026-07-12T12:12:56.157436,0.0,LAD,ARI,LAD,0.0,0.0,0.0,0.0,0.0,0.0473,0.011,0.0549,0.0028,0.0,0.0,0.0,0.0,-0.0161,,
2026-07-12,,,team,Moneyline,,,,,,,,,,,8.5,22.5,San Diego Padres,Toronto Blue Jays,Toronto Blue Jays,TBD,Germán Márquez,Kevin Gausman,-107.0,74.4,22.5,True,2026-07-12T12:12:56.577185,11.77,SD,TOR,TOR,-0.01,-0.1932,-0.0164,-0.0085,-0.0232,-0.0082,0.0015,-0.0088,0.0,0.0,0.0,0.0028,0.0,0.0025,,
2026-07-12,,,team,Moneyline,,,,,,,,,,,7.5,-5.4,National League,American League,National League,TBD,TBD,TBD,-142.0,53.3,-5.4,False,2026-07-12T22:13:14.296882,0.0,NAT,AME,NAT,0.0,0.0,0.0,0.0,0.0,0.0,0.0,0.0,0.0,0.0,0.0,0.0,0.0,0.0,,
2026-07-12,,,team,Moneyline,,,,,,,,,,,7.5,-5.4,National League,American League,National League,TBD,TBD,TBD,-142.0,53.3,-5.4,False,2026-07-12T22:14:24.877784,0.0,NAT,AME,NAT,0.0,0.0,0.0,0.0,0.0,0.0,0.0,0.0,0.0,0.0,0.0,0.0,0.0,0.0,,
2026-07-12,,,team,Moneyline,,,,,,,,,,,7.5,-5.4,National League,American League,National League,TBD,TBD,TBD,-142.0,53.3,-5.4,False,2026-07-12T22:17:13.244141,0.0,NAT,AME,NAT,0.0,0.0,0.0,0.0,0.0,0.0,0.0,0.0,0.0,0.0,0.0,0.0,0.0,0.0,,
2026-07-12,,,team,Moneyline,,,,,,,,,,,7.5,-5.4,National League,American League,National League,TBD,TBD,TBD,-142.0,53.3,-5.4,False,2026-07-12T22:22:39.023359,0.0,NAT,AME,NAT,0.0,0.0,0.0,0.0,0.0,0.0,0.0,0.0,0.0,0.0,0.0,0.0,0.0,0.0,,
2026-07-17,,,team,Moneyline,,,,,,,,,,,8.5,1.9,Boston Red Sox,Tampa Bay Rays,Boston Red Sox,TBD,TBD,TBD,-118.0,56.0,1.9,False,2026-07-17T06:50:04.088872,1.02,BOS,TB,BOS,0.04,0.0,0.0,0.0,0.0,-0.0187,0.0365,-0.0073,-0.0166,0.0,0.0,0.0,0.0,0.0,,
2026-07-17,,,team,Moneyline,,,,,,,,,,,9.0,24.1,New York Yankees,Los Angeles Dodgers,New York Yankees,TBD,Gerrit Cole,Roki Sasaki,-104.0,75.0,24.1,True,2026-07-17T06:50:10.031917,12.27,NYY,LAD,NYY,0.01,0.1836,0.05,0.007,-0.0027,-0.0198,0.004,-0.0088,0.0,0.0,0.0,0.0056,0.0,0.0,,
2026-07-17,,,team,Moneyline,,,,,,,,,,,7.5,-1.7,Cleveland Guardians,Pittsburgh Pirates,Cleveland Guardians,TBD,Gavin Williams,Jared Jones,-124.0,53.6,-1.7,False,2026-07-17T06:50:15.033498,0.0,CLE,PIT,CLE,-0.01,0.012,0.0204,0.003,0.0121,-0.0489,0.029,-0.0259,0.0,0.0,0.0,0.0167,0.0,0.0,,
2026-07-17,,,team,Moneyline,,,,,,,,,,,8.0,16.7,Atlanta Braves,Texas Rangers,Atlanta Braves,TBD,Chris Sale,Cal Quantrill,-215.0,85.0,16.7,True,2026-07-17T06:50:20.207157,13.19,ATL,TEX,ATL,0.0,0.2148,0.0468,0.0035,0.0457,0.0017,0.034,0.0423,0.0,0.0,0.0,0.0028,0.0,0.0,,
2026-07-17,,,team,Moneyline,,,,,,,,,,,8.5,21.1,Toronto Blue Jays,Chicago White Sox,Toronto Blue Jays,TBD,Spencer Miles,Anthony Kay,-134.0,78.4,21.1,True,2026-07-17T06:50:25.355589,12.34,TOR,CWS,TOR,0.0,0.234,0.0552,0.014,0.014,-0.0231,0.014,-0.0249,-0.025,0.0,0.0,-0.0056,0.0,0.0,,
2026-07-17,,,team,Moneyline,,,,,,,,,,,8.0,6.5,Milwaukee Brewers,Miami Marlins,Milwaukee Brewers,TBD,Logan Henderson,Sandy Alcantara,-146.0,65.8,6.5,True,2026-07-17T06:50:30.780909,3.99,MIL,MIA,MIL,-0.01,0.054,0.0096,0.0025,0.0274,-0.0033,0.0,0.0385,0.0084,0.0,0.0,-0.0028,0.0,0.0,,
2026-07-17,,,team,Moneyline,,,,,,,,,,,10.5,-7.2,Chicago Cubs,Minnesota Twins,Chicago Cubs,TBD,Colin Rea,Bailey Ober,-142.0,51.5,-7.2,False,2026-07-17T06:50:35.672012,0.0,CHC,MIN,CHC,-0.01,0.0012,-0.014,-0.013,0.0025,0.005,-0.009,0.0164,0.0,0.0,0.0,0.0028,0.0,0.0,,
2026-07-17,,,team,Moneyline,,,,,,,,,,,8.5,3.0,Houston Astros,Baltimore Orioles,Houston Astros,TBD,Peter Lambert,Dean Kremer,-112.0,55.8,3.0,False,2026-07-17T06:50:40.726982,1.57,HOU,BAL,HOU,-0.03,0.1008,0.042,0.004,-0.0057,0.0033,-0.034,-0.0189,-0.0083,0.0,0.0,-0.0194,0.0,0.0,,
2026-07-17,,,team,Moneyline,,,,,,,,,,,10.0,15.9,Kansas City Royals,San Diego Padres,San Diego Padres,TBD,Seth Lugo,Michael King,104.0,64.9,15.9,True,2026-07-17T06:50:45.785226,7.78,KC,SD,SD,-0.02,-0.0444,-0.046,-0.014,-0.0025,0.022,-0.067,-0.015,0.0,0.0,0.0,0.0167,0.0,0.0,,
2026-07-17,,,team,Moneyline,,,,,,,,,,,12.0,31.0,Colorado Rockies,Cincinnati Reds,Colorado Rockies,TBD,Gabriel Hughes,Brady Singer,-116.0,84.7,31.0,True,2026-07-17T06:50:50.822321,16.71,COL,CIN,COL,0.0,0.2148,0.0264,0.01,0.0088,0.0231,0.038,-0.0112,-0.0083,0.0,0.0,0.0194,0.0,0.0,,
2026-07-17,,,team,Moneyline,,,,,,,,,,,8.0,10.1,Los Angeles Angels,Detroit Tigers,Detroit Tigers,TBD,Reid Detmers,Troy Melton,110.0,57.7,10.1,True,2026-07-17T06:50:55.628139,4.81,LAA,DET,DET,-0.05,0.0876,-0.0852,-0.012,0.0251,-0.0028,-0.021,-0.0284,0.0084,0.0,0.0,-0.0222,0.0,0.0,,
2026-07-17,,,team,Moneyline,,,,,,,,,,,9.0,3.8,Arizona Diamondbacks,St. Louis Cardinals,Arizona Diamondbacks,TBD,Merrill Kelly,TBD,-104.0,54.8,3.8,False,2026-07-17T06:51:00.074790,1.95,ARI,STL,ARI,0.02,0.0,0.0,0.0,0.0,-0.0094,0.017,-0.0094,0.0084,0.0,0.0,0.0,0.0,0.0,,
2026-07-17,,,team,Moneyline,,,,,,,,,,,10.0,10.2,Athletics,Washington Nationals,Washington Nationals,TBD,Gage Jump,Cade Cavalli,108.0,58.3,10.2,True,2026-07-17T06:51:04.815435,4.91,OAK,WSH,WSH,-0.03,-0.024,0.0068,0.0025,-0.0121,-0.0209,0.02,-0.048,0.0,0.0,0.0,0.0,0.0,0.0,,
2026-07-17,,,team,Moneyline,,,,,,,,,,,7.0,9.1,Seattle Mariners,San Francisco Giants,Seattle Mariners,TBD,Bryce Miller,Landen Roupp,-156.0,70.0,9.1,True,2026-07-17T06:51:09.701781,5.8,SEA,SF,SEA,-0.01,0.0156,0.0796,0.023,0.0042,-0.022,0.0375,0.0273,0.0,0.0,0.0,0.0083,0.0,0.0,,
2026-07-17,,,team,Moneyline,,,,,,,,,,,8.5,2.2,Boston Red Sox,Tampa Bay Rays,Boston Red Sox,TBD,TBD,TBD,-116.0,55.9,2.2,False,2026-07-17T11:39:45.222513,1.21,BOS,TB,BOS,0.04,0.0,0.0,0.0,0.0,-0.0187,0.0365,-0.0073,-0.0166,0.0,0.0,0.0,0.0,0.0,,
2026-07-17,,,team,Moneyline,,,,,,,,,,,9.0,25.3,New York Yankees,Los Angeles Dodgers,New York Yankees,TBD,Gerrit Cole,Roki Sasaki,-108.0,77.2,25.3,True,2026-07-17T11:39:51.847255,13.13,NYY,LAD,NYY,0.01,0.1836,0.05,0.007,-0.0027,-0.0198,0.004,-0.0088,0.0,0.02,0.0,0.0056,0.0,0.0,,
2026-07-17,,,team,Moneyline,,,,,,,,,,,7.5,-1.0,Cleveland Guardians,Pittsburgh Pirates,Cleveland Guardians,TBD,Gavin Williams,Jared Jones,-132.0,55.9,-1.0,False,2026-07-17T11:39:58.603540,0.0,CLE,PIT,CLE,-0.01,0.012,0.0204,0.003,0.0121,-0.0489,0.029,-0.0259,0.0,0.02,0.0,0.0167,0.0,0.0,,
2026-07-17,,,team,Moneyline,,,,,,,,,,,8.0,16.7,Atlanta Braves,Texas Rangers,Atlanta Braves,TBD,Chris Sale,Cal Quantrill,-215.0,85.0,16.7,True,2026-07-17T11:40:05.231575,13.19,ATL,TEX,ATL,0.0,0.2148,0.0468,0.0035,0.0457,0.0017,0.034,0.0423,0.0,0.02,0.0,0.0028,0.0,0.0,,
2026-07-17,,,team,Moneyline,,,,,,,,,,,8.5,21.1,Toronto Blue Jays,Chicago White Sox,Toronto Blue Jays,TBD,Spencer Miles,Anthony Kay,-134.0,78.4,21.1,True,2026-07-17T11:40:12.021999,12.34,TOR,CWS,TOR,0.0,0.234,0.0552,0.014,0.014,-0.0231,0.014,-0.0249,-0.025,0.0,0.0,-0.0056,0.0,0.0,,
2026-07-17,,,team,Moneyline,,,,,,,,,,,8.0,7.7,Milwaukee Brewers,Miami Marlins,Milwaukee Brewers,TBD,Logan Henderson,Sandy Alcantara,-152.0,68.0,7.7,True,2026-07-17T11:40:18.331965,4.82,MIL,MIA,MIL,-0.01,0.054,0.0096,0.0025,0.0274,-0.0033,0.0,0.0385,0.0084,0.02,0.0,-0.0028,0.0,0.0,,
2026-07-17,,,team,Moneyline,,,,,,,,,,,11.0,-5.2,Chicago Cubs,Minnesota Twins,Chicago Cubs,TBD,Colin Rea,Bailey Ober,-142.0,53.5,-5.2,False,2026-07-17T11:40:24.580813,0.0,CHC,MIN,CHC,-0.01,0.0012,-0.014,-0.013,0.0025,0.005,-0.009,0.0164,0.0,0.02,0.0,0.0028,0.0,0.0,,
2026-07-17,,,team,Moneyline,,,,,,,,,,,8.5,5.0,Houston Astros,Baltimore Orioles,Houston Astros,TBD,Peter Lambert,Dean Kremer,-112.0,57.8,5.0,False,2026-07-17T11:40:30.414914,2.63,HOU,BAL,HOU,-0.03,0.1008,0.042,0.004,-0.0057,0.0033,-0.034,-0.0189,-0.0083,0.02,0.0,-0.0194,0.0,0.0,,
2026-07-17,,,team,Moneyline,,,,,,,,,,,10.0,12.6,Kansas City Royals,San Diego Padres,San Diego Padres,TBD,Seth Lugo,Michael King,-101.0,63.1,12.6,True,2026-07-17T11:40:35.845628,6.46,KC,SD,SD,-0.02,-0.0444,-0.046,-0.014,-0.0025,0.022,-0.067,-0.015,0.0,0.02,0.0,0.0167,0.0,0.0,,
2026-07-17,,,team,Moneyline,,,,,,,,,,,12.0,31.3,Colorado Rockies,Cincinnati Reds,Colorado Rockies,TBD,Gabriel Hughes,Brady Singer,-116.0,85.0,31.3,True,2026-07-17T11:40:41.416503,16.9,COL,CIN,COL,0.0,0.2148,0.0264,0.01,0.0088,0.0231,0.038,-0.0112,-0.0083,0.02,0.0,0.0194,0.0,0.0,,
2026-07-17,,,team,Moneyline,,,,,,,,,,,8.5,9.3,Los Angeles Angels,Detroit Tigers,Detroit Tigers,TBD,Reid Detmers,Troy Melton,106.0,57.8,9.3,True,2026-07-17T11:40:47.193547,4.51,LAA,DET,DET,-0.05,0.0876,-0.0852,-0.012,0.0251,-0.0028,-0.021,-0.0284,0.0084,0.0,0.0,-0.0222,0.0,0.0,,
2026-07-17,,,team,Moneyline,,,,,,,,,,,9.0,5.4,Arizona Diamondbacks,St. Louis Cardinals,Arizona Diamondbacks,TBD,Merrill Kelly,TBD,-106.0,56.9,5.4,False,2026-07-17T11:40:52.125924,2.79,ARI,STL,ARI,0.02,0.0,0.0,0.0,0.0,-0.0094,0.017,-0.0094,0.0084,0.02,0.0,0.0,0.0,0.0,,
2026-07-17,,,team,Moneyline,,,,,,,,,,,10.0,5.4,Athletics,Washington Nationals,Washington Nationals,TBD,Gage Jump,Cade Cavalli,-115.0,59.1,5.4,False,2026-07-17T11:41:02.096653,3.03,OAK,WSH,WSH,-0.03,-0.024,0.0068,0.0025,-0.0121,-0.0209,0.02,-0.048,0.0,0.0,0.0,0.0,0.0,0.0,,
2026-07-17,,,team,Moneyline,,,,,,,,,,,7.0,5.2,Seattle Mariners,San Francisco Giants,Seattle Mariners,TBD,Bryce Miller,Landen Roupp,-190.0,70.7,5.2,False,2026-07-17T11:41:08.243433,3.74,SEA,SF,SEA,-0.01,0.0156,0.0796,0.023,0.0042,-0.022,0.0375,0.0273,0.0,0.0,0.0,0.0083,0.0,0.0,,
2026-07-17,,,team,Moneyline,,,,,,,,,,,8.5,2.2,Boston Red Sox,Tampa Bay Rays,Boston Red Sox,TBD,TBD,TBD,-116.0,55.9,2.2,False,2026-07-17T11:53:43.247795,1.21,BOS,TB,BOS,0.04,0.0,0.0,0.0,0.0,-0.0187,0.0365,-0.0073,-0.0166,0.0,0.0,0.0,0.0,0.0,,
2026-07-17,,,team,Moneyline,,,,,,,,,,,9.0,25.3,New York Yankees,Los Angeles Dodgers,New York Yankees,TBD,Gerrit Cole,Roki Sasaki,-108.0,77.2,25.3,True,2026-07-17T11:53:43.755835,13.13,NYY,LAD,NYY,0.01,0.1836,0.05,0.007,-0.0027,-0.0198,0.004,-0.0088,0.0,0.02,0.0,0.0056,0.0,0.0,,
2026-07-17,,,team,Moneyline,,,,,,,,,,,7.5,-1.0,Cleveland Guardians,Pittsburgh Pirates,Cleveland Guardians,TBD,Gavin Williams,Jared Jones,-132.0,55.9,-1.0,False,2026-07-17T11:53:44.250053,0.0,CLE,PIT,CLE,-0.01,0.012,0.0204,0.003,0.0121,-0.0489,0.029,-0.0259,0.0,0.02,0.0,0.0167,0.0,0.0,,
2026-07-17,,,team,Moneyline,,,,,,,,,,,8.0,16.7,Atlanta Braves,Texas Rangers,Atlanta Braves,TBD,Chris Sale,Cal Quantrill,-215.0,85.0,16.7,True,2026-07-17T11:53:44.776678,13.19,ATL,TEX,ATL,0.0,0.2148,0.0468,0.0035,0.0457,0.0017,0.034,0.0423,0.0,0.02,0.0,0.0028,0.0,0.0,,
2026-07-17,,,team,Moneyline,,,,,,,,,,,8.5,21.1,Toronto Blue Jays,Chicago White Sox,Toronto Blue Jays,TBD,Spencer Miles,Anthony Kay,-134.0,78.4,21.1,True,2026-07-17T11:53:45.338084,12.34,TOR,CWS,TOR,0.0,0.234,0.0552,0.014,0.014,-0.0231,0.014,-0.0249,-0.025,0.0,0.0,-0.0056,0.0,0.0,,
2026-07-17,,,team,Moneyline,,,,,,,,,,,8.0,7.7,Milwaukee Brewers,Miami Marlins,Milwaukee Brewers,TBD,Logan Henderson,Sandy Alcantara,-152.0,68.0,7.7,True,2026-07-17T11:53:45.801600,4.82,MIL,MIA,MIL,-0.01,0.054,0.0096,0.0025,0.0274,-0.0033,0.0,0.0385,0.0084,0.02,0.0,-0.0028,0.0,0.0,,
2026-07-17,,,team,Moneyline,,,,,,,,,,,11.0,-5.2,Chicago Cubs,Minnesota Twins,Chicago Cubs,TBD,Colin Rea,Bailey Ober,-142.0,53.5,-5.2,False,2026-07-17T11:53:46.307481,0.0,CHC,MIN,CHC,-0.01,0.0012,-0.014,-0.013,0.0025,0.005,-0.009,0.0164,0.0,0.02,0.0,0.0028,0.0,0.0,,
2026-07-17,,,team,Moneyline,,,,,,,,,,,8.5,5.0,Houston Astros,Baltimore Orioles,Houston Astros,TBD,Peter Lambert,Dean Kremer,-112.0,57.8,5.0,False,2026-07-17T11:53:46.851200,2.63,HOU,BAL,HOU,-0.03,0.1008,0.042,0.004,-0.0057,0.0033,-0.034,-0.0189,-0.0083,0.02,0.0,-0.0194,0.0,0.0,,
2026-07-17,,,team,Moneyline,,,,,,,,,,,10.0,12.6,Kansas City Royals,San Diego Padres,San Diego Padres,TBD,Seth Lugo,Michael King,-101.0,63.1,12.6,True,2026-07-17T11:53:47.432213,6.46,KC,SD,SD,-0.02,-0.0444,-0.046,-0.014,-0.0025,0.022,-0.067,-0.015,0.0,0.02,0.0,0.0167,0.0,0.0,,
2026-07-17,,,team,Moneyline,,,,,,,,,,,12.0,31.3,Colorado Rockies,Cincinnati Reds,Colorado Rockies,TBD,Gabriel Hughes,Brady Singer,-116.0,85.0,31.3,True,2026-07-17T11:53:48.015423,16.9,COL,CIN,COL,0.0,0.2148,0.0264,0.01,0.0088,0.0231,0.038,-0.0112,-0.0083,0.02,0.0,0.0194,0.0,0.0,,
2026-07-17,,,team,Moneyline,,,,,,,,,,,8.5,9.3,Los Angeles Angels,Detroit Tigers,Detroit Tigers,TBD,Reid Detmers,Troy Melton,106.0,57.8,9.3,True,2026-07-17T11:53:48.631333,4.51,LAA,DET,DET,-0.05,0.0876,-0.0852,-0.012,0.0251,-0.0028,-0.021,-0.0284,0.0084,0.0,0.0,-0.0222,0.0,0.0,,
2026-07-17,,,team,Moneyline,,,,,,,,,,,9.0,28.5,Arizona Diamondbacks,St. Louis Cardinals,St. Louis Cardinals,TBD,Merrill Kelly,Michael McGreevy,106.0,77.1,28.5,True,2026-07-17T11:53:50.289495,13.85,ARI,STL,STL,0.02,-0.2112,-0.0948,-0.0205,-0.0017,-0.0094,0.017,-0.0094,0.0084,0.02,0.0,-0.0111,0.0,0.0,,
2026-07-17,,,team,Moneyline,,,,,,,,,,,10.0,5.4,Athletics,Washington Nationals,Washington Nationals,TBD,Gage Jump,Cade Cavalli,-115.0,59.1,5.4,False,2026-07-17T11:53:51.778971,3.03,OAK,WSH,WSH,-0.03,-0.024,0.0068,0.0025,-0.0121,-0.0209,0.02,-0.048,0.0,0.0,0.0,0.0,0.0,0.0,,
2026-07-17,,,team,Moneyline,,,,,,,,,,,7.0,5.2,Seattle Mariners,San Francisco Giants,Seattle Mariners,TBD,Bryce Miller,Landen Roupp,-190.0,70.7,5.2,False,2026-07-17T11:53:52.388694,3.74,SEA,SF,SEA,-0.01,0.0156,0.0796,0.023,0.0042,-0.022,0.0375,0.0273,0.0,0.0,0.0,0.0083,0.0,0.0,,
2026-07-17,,,team,Moneyline,,,,,,,,,,,8.5,3.4,Boston Red Sox,Tampa Bay Rays,Boston Red Sox,TBD,TBD,TBD,-110.0,55.7,3.4,False,2026-07-17T12:23:01.288393,1.76,BOS,TB,BOS,0.04,0.0,0.0,0.0,0.0,-0.0187,0.0365,-0.0073,-0.0166,0.0,0.0,0.0,0.0,0.0,,
2026-07-17,,,team,Moneyline,,,,,,,,,,,9.0,25.3,New York Yankees,Los Angeles Dodgers,New York Yankees,TBD,Gerrit Cole,Roki Sasaki,-108.0,77.2,25.3,True,2026-07-17T12:23:04.114474,13.13,NYY,LAD,NYY,0.01,0.1836,0.05,0.007,-0.0027,-0.0198,0.004,-0.0088,0.0,0.02,0.0,0.0056,0.0,0.0,,
2026-07-17,,,team,Moneyline,,,,,,,,,,,7.5,-1.0,Cleveland Guardians,Pittsburgh Pirates,Cleveland Guardians,TBD,Gavin Williams,Jared Jones,-132.0,55.9,-1.0,False,2026-07-17T12:23:06.582022,0.0,CLE,PIT,CLE,-0.01,0.012,0.0204,0.003,0.0121,-0.0489,0.029,-0.0259,0.0,0.02,0.0,0.0167,0.0,0.0,,
2026-07-17,,,team,Moneyline,,,,,,,,,,,8.0,16.7,Atlanta Braves,Texas Rangers,Atlanta Braves,TBD,Chris Sale,Cal Quantrill,-215.0,85.0,16.7,True,2026-07-17T12:23:09.515931,13.19,ATL,TEX,ATL,0.0,0.2148,0.0468,0.0035,0.0457,0.0017,0.034,0.0423,0.0,0.02,0.0,0.0028,0.0,0.0,,
2026-07-17,,,team,Moneyline,,,,,,,,,,,8.5,21.1,Toronto Blue Jays,Chicago White Sox,Toronto Blue Jays,TBD,Spencer Miles,Anthony Kay,-134.0,78.4,21.1,True,2026-07-17T12:23:12.171644,12.34,TOR,CWS,TOR,0.0,0.234,0.0552,0.014,0.014,-0.0231,0.014,-0.0249,-0.025,0.0,0.0,-0.0056,0.0,0.0,,
2026-07-17,,,team,Moneyline,,,,,,,,,,,8.0,7.7,Milwaukee Brewers,Miami Marlins,Milwaukee Brewers,TBD,Logan Henderson,Sandy Alcantara,-152.0,68.0,7.7,True,2026-07-17T12:23:15.119029,4.82,MIL,MIA,MIL,-0.01,0.054,0.0096,0.0025,0.0274,-0.0033,0.0,0.0385,0.0084,0.02,0.0,-0.0028,0.0,0.0,,
2026-07-17,,,team,Moneyline,,,,,,,,,,,11.0,-5.2,Chicago Cubs,Minnesota Twins,Chicago Cubs,TBD,Colin Rea,Bailey Ober,-142.0,53.5,-5.2,False,2026-07-17T12:23:22.387399,0.0,CHC,MIN,CHC,-0.01,0.0012,-0.014,-0.013,0.0025,0.005,-0.009,0.0164,0.0,0.02,0.0,0.0028,0.0,0.0,,
2026-07-17,,,team,Moneyline,,,,,,,,,,,8.5,4.2,Houston Astros,Baltimore Orioles,Houston Astros,TBD,Peter Lambert,Dean Kremer,-116.0,57.9,4.2,False,2026-07-17T12:23:25.325836,2.28,HOU,BAL,HOU,-0.03,0.1008,0.042,0.004,-0.0057,0.0033,-0.034,-0.0189,-0.0083,0.02,0.0,-0.0194,0.0,0.0,,
2026-07-17,,,team,Moneyline,,,,,,,,,,,10.0,12.6,Kansas City Royals,San Diego Padres,San Diego Padres,TBD,Seth Lugo,Michael King,-101.0,63.1,12.6,True,2026-07-17T12:23:27.802289,6.46,KC,SD,SD,-0.02,-0.0444,-0.046,-0.014,-0.0025,0.022,-0.067,-0.015,0.0,0.02,0.0,0.0167,0.0,0.0,,
2026-07-17,,,team,Moneyline,,,,,,,,,,,12.0,31.3,Colorado Rockies,Cincinnati Reds,Colorado Rockies,TBD,Gabriel Hughes,Brady Singer,-116.0,85.0,31.3,True,2026-07-17T12:23:30.533968,16.9,COL,CIN,COL,0.0,0.2148,0.0264,0.01,0.0088,0.0231,0.038,-0.0112,-0.0083,0.02,0.0,0.0194,0.0,0.0,,
2026-07-17,,,team,Moneyline,,,,,,,,,,,8.5,9.3,Los Angeles Angels,Detroit Tigers,Detroit Tigers,TBD,Reid Detmers,Troy Melton,106.0,57.8,9.3,True,2026-07-17T12:23:33.525746,4.51,LAA,DET,DET,-0.05,0.0876,-0.0852,-0.012,0.0251,-0.0028,-0.021,-0.0284,0.0084,0.0,0.0,-0.0222,0.0,0.0,,
2026-07-17,,,team,Moneyline,,,,,,,,,,,9.0,28.5,Arizona Diamondbacks,St. Louis Cardinals,St. Louis Cardinals,TBD,Merrill Kelly,Michael McGreevy,106.0,77.1,28.5,True,2026-07-17T12:23:36.225946,13.85,ARI,STL,STL,0.02,-0.2112,-0.0948,-0.0205,-0.0017,-0.0094,0.017,-0.0094,0.0084,0.02,0.0,-0.0111,0.0,0.0,,
2026-07-17,,,team,Moneyline,,,,,,,,,,,10.0,5.4,Athletics,Washington Nationals,Washington Nationals,TBD,Gage Jump,Cade Cavalli,-115.0,59.1,5.4,False,2026-07-17T12:23:38.712673,3.03,OAK,WSH,WSH,-0.03,-0.024,0.0068,0.0025,-0.0121,-0.0209,0.02,-0.048,0.0,0.0,0.0,0.0,0.0,0.0,,
2026-07-17,,,team,Moneyline,,,,,,,,,,,7.0,5.2,Seattle Mariners,San Francisco Giants,Seattle Mariners,TBD,Bryce Miller,Landen Roupp,-190.0,70.7,5.2,False,2026-07-17T12:23:41.413786,3.74,SEA,SF,SEA,-0.01,0.0156,0.0796,0.023,0.0042,-0.022,0.0375,0.0273,0.0,0.0,0.0,0.0083,0.0,0.0,,
2026-07-17,,,team,Moneyline,,,,,,,,,,,9.0,26.1,New York Yankees,Los Angeles Dodgers,New York Yankees,TBD,Gerrit Cole,Roki Sasaki,-104.0,77.0,26.1,True,2026-07-17T17:38:47.013152,13.29,NYY,LAD,NYY,0.01,0.1836,0.05,0.007,-0.0027,-0.0198,0.004,-0.0088,0.0,0.02,0.0,0.0056,0.0,0.0,,
2026-07-17,,,team,Moneyline,,,,,,,,,,,9.0,14.3,Boston Red Sox,Tampa Bay Rays,Boston Red Sox,TBD,Eduardo Rivera,Mason Englert,-120.0,68.8,14.3,True,2026-07-17T17:38:52.424441,7.84,BOS,TB,BOS,0.06,0.0576,0.0112,0.006,0.0009,-0.0138,0.038,0.0004,-0.0107,0.02,0.0,-0.0083,0.0,0.0,,
2026-07-17,,,team,Moneyline,,,,,,,,,,,8.0,16.7,Atlanta Braves,Texas Rangers,Atlanta Braves,TBD,Chris Sale,Cal Quantrill,-215.0,85.0,16.7,True,2026-07-17T17:38:57.906793,13.19,ATL,TEX,ATL,0.0,0.2148,0.0468,0.0035,0.0457,0.0017,0.034,0.0423,0.0,0.0,0.0,-0.0083,0.0,0.0,,
2026-07-17,,,team,Moneyline,,,,,,,,,,,8.5,22.2,Toronto Blue Jays,Chicago White Sox,Toronto Blue Jays,TBD,Spencer Miles,Anthony Kay,-134.0,79.5,22.2,True,2026-07-17T17:39:03.197040,12.99,TOR,CWS,TOR,0.0,0.234,0.0552,0.014,0.014,-0.0231,0.014,-0.0249,-0.025,0.0,0.0,0.0056,0.0,0.0,,
2026-07-17,,,team,Moneyline,,,,,,,,,,,8.0,7.4,Milwaukee Brewers,Miami Marlins,Milwaukee Brewers,TBD,Logan Henderson,Sandy Alcantara,-154.0,68.0,7.4,True,2026-07-17T17:39:08.722249,4.69,MIL,MIA,MIL,-0.01,0.054,0.0096,0.0025,0.0274,-0.0033,0.0,0.0385,0.0084,0.02,0.0,-0.0028,0.0,0.0,,
2026-07-17,,,team,Moneyline,,,,,,,,,,,11.0,-6.9,Chicago Cubs,Minnesota Twins,Chicago Cubs,TBD,Colin Rea,Bailey Ober,-146.0,52.5,-6.9,False,2026-07-17T17:39:14.456743,0.0,CHC,MIN,CHC,-0.01,0.0012,-0.014,-0.013,0.0025,0.005,-0.009,0.0164,0.0,0.02,0.0,-0.0083,0.0,0.0,,
2026-07-17,,,team,Moneyline,,,,,,,,,,,8.5,4.4,Houston Astros,Baltimore Orioles,Houston Astros,TBD,Peter Lambert,Dean Kremer,-118.0,58.5,4.4,False,2026-07-17T17:39:19.887146,2.41,HOU,BAL,HOU,-0.03,0.1008,0.042,0.004,-0.0057,0.0033,-0.034,-0.0189,-0.0083,0.02,0.0,-0.0139,0.0,0.0,,
2026-07-17,,,team,Moneyline,,,,,,,,,,,10.0,13.4,Kansas City Royals,San Diego Padres,San Diego Padres,TBD,Seth Lugo,Michael King,-101.0,63.9,13.4,True,2026-07-17T17:39:25.647075,6.88,KC,SD,SD,-0.02,-0.0444,-0.046,-0.014,-0.0025,0.022,-0.067,-0.015,0.0,0.02,0.0,0.0083,0.0,0.0,,
2026-07-17,,,team,Moneyline,,,,,,,,,,,12.0,31.3,Colorado Rockies,Cincinnati Reds,Colorado Rockies,TBD,Gabriel Hughes,Brady Singer,-116.0,85.0,31.3,True,2026-07-17T17:39:31.221401,16.9,COL,CIN,COL,0.0,0.2148,0.0264,0.01,0.0088,0.0231,0.038,-0.0112,-0.0083,0.02,0.0,0.0139,0.0,0.0,,
2026-07-17,,,team,Moneyline,,,,,,,,,,,8.5,8.1,Los Angeles Angels,Detroit Tigers,Detroit Tigers,TBD,Reid Detmers,Troy Melton,110.0,55.7,8.1,True,2026-07-17T17:39:36.388804,3.85,LAA,DET,DET,-0.05,0.0876,-0.0852,-0.012,0.0251,-0.0028,-0.021,-0.0284,0.0084,0.02,0.0,-0.0222,0.0,0.0,,
2026-07-17,,,team,Moneyline,,,,,,,,,,,9.0,28.2,Arizona Diamondbacks,St. Louis Cardinals,St. Louis Cardinals,TBD,Merrill Kelly,Michael McGreevy,106.0,76.8,28.2,True,2026-07-17T17:39:41.533457,13.72,ARI,STL,STL,0.02,-0.2112,-0.0948,-0.0205,-0.0017,-0.0094,0.017,-0.0094,0.0084,0.02,0.0,-0.0083,0.0,0.0,,
2026-07-17,,,team,Moneyline,,,,,,,,,,,10.0,5.4,Athletics,Washington Nationals,Washington Nationals,TBD,Gage Jump,Cade Cavalli,-115.0,59.1,5.4,False,2026-07-17T17:39:46.907148,3.03,OAK,WSH,WSH,-0.03,-0.024,0.0068,0.0025,-0.0121,-0.0209,0.02,-0.048,0.0,0.0,0.0,0.0,0.0,0.0,,
2026-07-17,,,team,Moneyline,,,,,,,,,,,7.0,5.8,Seattle Mariners,San Francisco Giants,Seattle Mariners,TBD,Bryce Miller,Landen Roupp,-184.0,70.6,5.8,True,2026-07-17T17:39:52.141798,4.11,SEA,SF,SEA,-0.01,0.0156,0.0796,0.023,0.0042,-0.022,0.0375,0.0273,0.0,0.0,0.0,0.0083,0.0,0.0,,
2026-07-17,,,team,Moneyline,,,,,,,,,,,8.5,-3.6,Philadelphia Phillies,New York Mets,Philadelphia Phillies,TBD,TBD,TBD,-164.0,58.6,-3.6,False,2026-07-17T17:39:57.739650,0.0,PHI,NYM,PHI,0.0,0.0,0.0,0.0,0.0,0.0077,0.0075,0.0088,0.0035,0.02,0.0,0.0,0.0,0.0,,
2026-07-18,,,team,Moneyline,,,,,,,,,,,7.5,7.1,Cleveland Guardians,Pittsburgh Pirates,Pittsburgh Pirates,TBD,Logan Allen,TBD,129.0,50.6,7.1,True,2026-07-18T13:00:08.693873,3.08,CLE,PIT,PIT,-0.01,0.0,0.0,0.0,0.0,-0.0489,0.029,-0.0259,0.0,0.02,0.0,0.0,0.0,0.0,,
2026-07-18,,,team,Moneyline,,,,,,,,,,,8.5,12.5,Chicago Cubs,Minnesota Twins,Minnesota Twins,TBD,Matthew Boyd,Taj Bradley,144.0,53.5,12.5,True,2026-07-18T13:00:15.174661,5.32,CHC,MIN,MIN,-0.02,0.0276,-0.034,-0.0035,-0.0128,0.005,-0.0085,0.0147,-0.025,0.0,0.0,-0.0139,0.0,0.0016,,
2026-07-18,,,team,Moneyline,,,,,,,,,,,8.5,17.7,Philadelphia Phillies,New York Mets,Philadelphia Phillies,TBD,Jesús Luzardo,Sean Manaea,-172.0,81.0,17.7,True,2026-07-18T13:00:23.126733,12.06,PHI,NYM,PHI,0.0,0.156,0.042,0.005,0.0221,0.0077,0.0075,0.0088,0.0035,0.02,0.0,-0.0028,0.0,0.0,,
2026-07-18,,,team,Moneyline,,,,,,,,,,,9.5,36.9,Toronto Blue Jays,Chicago White Sox,Chicago White Sox,TBD,Shane Bieber,Davis Martin,108.0,85.0,36.9,True,2026-07-18T13:00:29.513186,17.78,TOR,CWS,CWS,-0.02,-0.2772,-0.0724,-0.012,-0.0022,-0.0237,0.016,-0.0297,-0.025,0.0,0.0,-0.0167,0.0,-0.0008,,
2026-07-18,,,team,Moneyline,,,,,,,,,,,12.5,1.9,Colorado Rockies,Cincinnati Reds,Cincinnati Reds,TBD,Tomoyuki Sugano,Rhett Lowder,104.0,50.9,1.9,False,2026-07-18T13:00:36.243013,0.91,COL,CIN,CIN,-0.01,-0.0708,0.0044,0.011,-0.025,0.0198,0.0315,-0.0147,-0.0125,0.02,0.0,0.0194,0.0,-0.0035,,
2026-07-18,,,team,Moneyline,,,,,,,,,,,9.0,16.7,Arizona Diamondbacks,St. Louis Cardinals,St. Louis Cardinals,TBD,Brandon Pfaadt,Dustin May,116.0,63.0,16.7,True,2026-07-18T13:01:00.931857,7.78,ARI,STL,STL,0.02,-0.1644,-0.004,-0.003,-0.0154,-0.0083,0.018,-0.0098,0.0,0.02,0.0,-0.0056,0.0,-0.0032,,
2026-07-18,,,team,Moneyline,,,,,,,,,,,9.0,15.1,Atlanta Braves,Texas Rangers,Atlanta Braves,TBD,Owen Murphy,MacKenzie Gore,-112.0,68.0,15.1,True,2026-07-18T13:01:06.836928,8.01,ATL,TEX,ATL,0.0,0.0,0.0,0.0,0.0,0.0066,0.038,0.0525,0.025,0.02,0.0,0.0028,0.0,0.0104,,
2026-07-18,,,team,Moneyline,,,,,,,,,,,9.0,14.6,Houston Astros,Baltimore Orioles,Baltimore Orioles,TBD,Spencer Arrighetti,Trevor Rogers,108.0,62.7,14.6,True,2026-07-18T13:01:12.392230,7.05,HOU,BAL,BAL,-0.03,-0.1152,-0.0008,-0.001,0.0202,0.0044,-0.033,-0.0193,-0.0125,0.02,0.0,0.0083,0.0,0.0087,,
2026-07-18,,,team,Moneyline,,,,,,,,,,,9.5,10.3,Boston Red Sox,Tampa Bay Rays,Boston Red Sox,TBD,Patrick Sandoval,Ian Seymour,-110.0,62.7,10.3,True,2026-07-18T13:01:18.516592,5.43,BOS,TB,BOS,0.06,0.0,0.0,0.0,0.0,-0.0121,0.0395,0.0014,-0.0063,0.02,0.0,0.0028,0.0,-0.0017,,
2026-07-18,,,team,Moneyline,,,,,,,,,,,11.0,14.9,Kansas City Royals,San Diego Padres,Kansas City Royals,TBD,Randy Dobnak,Griffin Canning,-102.0,65.4,14.9,True,2026-07-18T13:01:24.302429,7.55,KC,SD,KC,-0.01,0.054,0.0964,0.013,-0.0102,0.0225,-0.068,-0.0133,0.025,0.02,0.0,0.0028,0.0,0.0015,,
2026-07-18,,,team,Moneyline,,,,,,,,,,,8.0,1.6,Milwaukee Brewers,Miami Marlins,Milwaukee Brewers,TBD,Shane Drohan,Max Meyer,-146.0,61.0,1.6,False,2026-07-18T13:01:30.274816,0.99,MIL,MIA,MIL,0.0,0.0348,-0.0204,-0.0045,-0.0106,-0.0028,0.0015,0.0385,0.0125,0.02,0.0,0.0056,0.0,0.0009,,
2026-07-18,,,team,Moneyline,,,,,,,,,,,9.0,3.9,New York Yankees,Los Angeles Dodgers,New York Yankees,TBD,Ryan Weathers,Emmet Sheehan,-110.0,56.2,3.9,False,2026-07-18T13:01:36.033859,2.03,NYY,LAD,NYY,0.0,0.0564,0.0264,0.0,-0.0003,-0.0187,0.004,-0.0095,-0.025,0.0,0.0,0.0056,0.0,0.0,,
2026-07-18,,,team,Moneyline,,,,,,,,,,,7.0,-3.3,Seattle Mariners,San Francisco Giants,Seattle Mariners,TBD,Bryan Woo,Logan Webb,-152.0,57.0,-3.3,False,2026-07-18T13:01:42.434135,0.0,SEA,SF,SEA,-0.03,0.0468,-0.0148,0.0045,0.0162,-0.0242,0.035,0.0224,-0.025,0.0,0.0,0.0083,0.0,-0.0044,,
2026-07-18,,,team,Moneyline,,,,,,,,,,,11.0,13.9,Athletics,Washington Nationals,Athletics,TBD,J.T. Ginn,Zack Littell,-104.0,64.8,13.9,True,2026-07-18T13:01:55.973468,7.06,OAK,WSH,OAK,-0.04,0.1968,0.0492,0.003,0.0243,-0.0242,0.014,-0.0613,-0.025,0.0,0.0,0.0,0.0,-0.01,,
2026-07-18,,,team,Moneyline,,,,,,,,,,,8.0,22.9,Los Angeles Angels,Detroit Tigers,Detroit Tigers,TBD,Grayson Rodriguez,Tarik Skubal,-163.0,85.0,22.9,True,2026-07-18T13:02:02.647005,15.14,LAA,DET,DET,-0.05,-0.1788,-0.1148,-0.0295,-0.0283,-0.0028,-0.0215,-0.029,0.0,0.0,0.0,0.0111,0.0,-0.002,,
2026-07-19,,,team,Moneyline,,,,,,,,,,,8.5,3.3,Toronto Blue Jays,Chicago White Sox,Chicago White Sox,TBD,Trey Yesavage,Sean Burke,-135.0,60.8,3.3,False,2026-07-19T04:24:44.573850,1.96,TOR,CWS,CWS,-0.009,-0.0248,-0.0056,0.0002,-0.0068,-0.0115,0.007,-0.013,-0.0075,0.0,0.0,-0.008,0.0,-0.0011,,
2026-07-19,,,team,Moneyline,,,,,,,,,,,7.5,0.4,New York Yankees,Los Angeles Dodgers,Los Angeles Dodgers,TBD,TBD,TBD,-130.0,56.9,0.4,False,2026-07-19T04:24:55.421586,0.22,NYY,LAD,LAD,0.0,0.0,0.0,0.0,0.0,-0.0095,0.0018,-0.0043,-0.0125,0.0,0.0,0.0,0.0,0.0,,
2026-07-19,,,team,Moneyline,,,,,,,,,,,9.0,0.1,Atlanta Braves,Texas Rangers,Texas Rangers,TBD,Grant Holmes,Nathan Eovaldi,-139.0,58.3,0.1,False,2026-07-19T04:24:59.222098,0.11,ATL,TEX,TEX,-0.0045,-0.0555,0.0077,-0.0031,-0.0084,0.0031,0.0158,0.0237,0.0,0.0,0.0,0.0013,0.0,0.0003,,
2026-07-19,,,team,Moneyline,,,,,,,,,,,8.5,2.8,Boston Red Sox,Tampa Bay Rays,Boston Red Sox,TBD,Sonny Gray,Shane McClanahan,-130.0,50.8,2.8,False,2026-07-19T04:25:02.997481,0.0,BOS,TB,BOS,0.027,-0.0209,0.0052,0.0007,-0.0026,-0.0062,0.0172,0.001,-0.0014,0.0,0.0,0.0107,0.0,0.0017,,
2026-07-19,,,team,Moneyline,,,,,,,,,,,8.5,1.5,Philadelphia Phillies,New York Mets,New York Mets,TBD,Alan Rangel,Nolan McLean,-151.0,61.6,1.5,False,2026-07-19T04:25:06.572103,0.92,PHI,NYM,NYM,0.0,-0.0418,-0.0128,-0.0051,-0.0061,0.0056,0.004,0.0054,0.0031,0.0,0.0,0.0013,0.0,0.0005,,
2026-07-19,,,team,Moneyline,,,,,,,,,,,7.0,4.5,Cleveland Guardians,Pittsburgh Pirates,Pittsburgh Pirates,TBD,Joey Cantillo,Paul Skenes,-141.0,63.1,4.5,True,2026-07-19T04:25:10.587496,2.78,CLE,PIT,PIT,-0.009,-0.066,0.0002,-0.0084,-0.0065,-0.0249,0.0132,-0.0126,0.0,0.0,0.0,0.0053,0.0,0.0047,,
2026-07-19,,,team,Moneyline,,,,,,,,,,,8.5,3.0,Houston Astros,Baltimore Orioles,Baltimore Orioles,TBD,Hunter Brown,Brandon Young,-119.0,57.4,3.0,False,2026-07-19T04:25:14.792620,1.68,HOU,BAL,BAL,-0.0135,-0.0253,-0.0077,-0.0002,0.01,0.0025,-0.0136,-0.0093,-0.0075,0.0,0.0,-0.0093,0.0,0.0007,,
2026-07-19,,,team,Moneyline,,,,,,,,,,,10.5,6.3,Kansas City Royals,San Diego Padres,Kansas City Royals,TBD,Noah Cameron,Germán Márquez,-134.0,55.1,6.3,True,2026-07-19T04:25:19.092292,0.0,KC,SD,KC,0.0,0.0919,0.0,0.0004,0.0077,0.012,-0.0293,-0.0045,0.0125,0.01,0.0,-0.004,0.0,0.0005,,
2026-07-19,,,team,Moneyline,,,,,,,,,,,8.0,1.3,Milwaukee Brewers,Miami Marlins,Miami Marlins,TBD,Robert Gasser,Eury Pérez,-108.0,53.3,1.3,False,2026-07-19T04:25:30.887473,0.72,MIL,MIA,MIA,0.0045,-0.0413,-0.0221,-0.0031,-0.0071,-0.0008,0.0,0.0179,0.0075,0.0,0.0,-0.0027,0.0,0.0047,,
2026-07-19,,,team,Moneyline,,,,,,,,,,,8.0,3.1,Chicago Cubs,Minnesota Twins,Chicago Cubs,TBD,Shota Imanaga,Zebby Matthews,-162.0,55.7,3.1,False,2026-07-19T04:25:34.936068,0.0,CHC,MIN,CHC,-0.0045,0.0253,0.0072,0.0022,0.0067,0.0025,-0.0046,0.008,0.0,0.0,0.0,-0.0067,0.0,0.0019,,
2026-07-19,,,team,Moneyline,,,,,,,,,,,11.5,1.7,Colorado Rockies,Cincinnati Reds,Cincinnati Reds,TBD,Ryan Feltner,Hunter Greene,-158.0,62.9,1.7,False,2026-07-19T04:25:39.456042,1.1,COL,CIN,CIN,0.0,-0.0721,0.0029,0.0011,-0.0147,0.0106,0.0141,-0.0042,-0.0025,0.0,0.0,0.0133,0.0,0.0011,,
2026-07-19,,,team,Moneyline,,,,,,,,,,,10.5,11.3,Athletics,Washington Nationals,Washington Nationals,TBD,Jacob Lopez,Foster Griffin,-146.0,70.8,11.3,True,2026-07-19T04:25:43.553760,7.05,OAK,WSH,WSH,-0.009,-0.099,-0.0693,-0.0161,-0.008,-0.0104,0.0062,-0.023,-0.0125,0.0,0.0,0.0,0.0,-0.005,,
2026-07-19,,,team,Moneyline,,,,,,,,,,,9.0,12.5,Los Angeles Angels,Detroit Tigers,Detroit Tigers,TBD,Ryan Johnson,Casey Mize,-162.0,74.4,12.5,True,2026-07-19T04:25:55.218651,8.26,LAA,DET,DET,-0.027,-0.1479,-0.0511,-0.0092,-0.0062,-0.0025,-0.0095,-0.0154,0.0,0.0,0.0,-0.0133,0.0,-0.001,,
2026-07-19,,,team,Moneyline,,,,,,,,,,,9.0,-2.6,Arizona Diamondbacks,St. Louis Cardinals,St. Louis Cardinals,TBD,Eduardo Rodriguez,Andre Pallante,-117.0,51.4,-2.6,False,2026-07-19T04:26:06.855441,0.0,ARI,STL,STL,0.009,-0.0055,0.0301,0.002,-0.0011,-0.0039,0.0073,-0.0035,0.0025,0.0,0.0,-0.0053,0.0,-0.0026,,
2026-07-19,,,team,Moneyline,,,,,,,,,,,7.5,5.8,Seattle Mariners,San Francisco Giants,Seattle Mariners,TBD,Logan Gilbert,Robbie Ray,-178.0,60.4,5.8,True,2026-07-19T04:26:11.024188,0.0,SEA,SF,SEA,-0.0045,0.0737,0.0011,0.0062,0.0081,-0.0126,0.0161,0.0104,0.0,0.0,0.0,-0.0067,0.0,-0.0023,,
2026-07-19,,,team,Moneyline,,,,,,,,,,,8.5,3.3,Toronto Blue Jays,Chicago White Sox,Chicago White Sox,TBD,Trey Yesavage,Sean Burke,-135.0,60.8,3.3,False,2026-07-19T04:59:34.170281,1.96,TOR,CWS,CWS,-0.009,-0.0248,-0.0056,0.0002,-0.0068,-0.0115,0.007,-0.013,-0.0075,0.0,0.0,-0.008,0.0,-0.0011,,
2026-07-19,,,team,Moneyline,,,,,,,,,,,7.5,0.4,New York Yankees,Los Angeles Dodgers,Los Angeles Dodgers,TBD,TBD,TBD,-130.0,56.9,0.4,False,2026-07-19T04:59:36.578987,0.22,NYY,LAD,LAD,0.0,0.0,0.0,0.0,0.0,-0.0095,0.0018,-0.0043,-0.0125,0.0,0.0,0.0,0.0,0.0,,
2026-07-19,,,team,Moneyline,,,,,,,,,,,9.0,0.1,Atlanta Braves,Texas Rangers,Texas Rangers,TBD,Grant Holmes,Nathan Eovaldi,-139.0,58.3,0.1,False,2026-07-19T04:59:39.296578,0.11,ATL,TEX,TEX,-0.0045,-0.0555,0.0077,-0.0031,-0.0084,0.0031,0.0158,0.0237,0.0,0.0,0.0,0.0013,0.0,0.0003,,
2026-07-19,,,team,Moneyline,,,,,,,,,,,8.5,2.8,Boston Red Sox,Tampa Bay Rays,Boston Red Sox,TBD,Sonny Gray,Shane McClanahan,-130.0,50.8,2.8,False,2026-07-19T04:59:49.596877,0.0,BOS,TB,BOS,0.027,-0.0209,0.0052,0.0007,-0.0026,-0.0062,0.0172,0.001,-0.0014,0.0,0.0,0.0107,0.0,0.0017,,
2026-07-19,,,team,Moneyline,,,,,,,,,,,8.5,1.5,Philadelphia Phillies,New York Mets,New York Mets,TBD,Alan Rangel,Nolan McLean,-151.0,61.6,1.5,False,2026-07-19T05:00:00.019359,0.92,PHI,NYM,NYM,0.0,-0.0418,-0.0128,-0.0051,-0.0061,0.0056,0.004,0.0054,0.0031,0.0,0.0,0.0013,0.0,0.0005,,
2026-07-19,,,team,Moneyline,,,,,,,,,,,7.0,4.5,Cleveland Guardians,Pittsburgh Pirates,Pittsburgh Pirates,TBD,Joey Cantillo,Paul Skenes,-141.0,63.1,4.5,True,2026-07-19T05:00:02.999249,2.78,CLE,PIT,PIT,-0.009,-0.066,0.0002,-0.0084,-0.0065,-0.0249,0.0132,-0.0126,0.0,0.0,0.0,0.0053,0.0,0.0047,,
2026-07-19,,,team,Moneyline,,,,,,,,,,,8.5,3.0,Houston Astros,Baltimore Orioles,Baltimore Orioles,TBD,Hunter Brown,Brandon Young,-119.0,57.4,3.0,False,2026-07-19T05:00:05.881485,1.68,HOU,BAL,BAL,-0.0135,-0.0253,-0.0077,-0.0002,0.01,0.0025,-0.0136,-0.0093,-0.0075,0.0,0.0,-0.0093,0.0,0.0007,,
2026-07-19,,,team,Moneyline,,,,,,,,,,,10.5,5.8,Kansas City Royals,San Diego Padres,Kansas City Royals,TBD,Noah Cameron,Germán Márquez,-134.0,54.5,5.8,True,2026-07-19T05:00:08.908562,0.0,KC,SD,KC,0.0,0.0919,0.0,0.0004,0.0077,0.012,-0.0293,-0.0045,0.0125,0.0,0.0,-0.004,0.0,0.0005,,
2026-07-19,,,team,Moneyline,,,,,,,,,,,8.5,1.3,Milwaukee Brewers,Miami Marlins,Miami Marlins,TBD,Robert Gasser,Eury Pérez,-108.0,53.3,1.3,False,2026-07-19T05:00:11.617776,0.72,MIL,MIA,MIA,0.0045,-0.0413,-0.0221,-0.0031,-0.0071,-0.0008,0.0,0.0179,0.0075,0.0,0.0,-0.0027,0.0,0.0047,,
2026-07-19,,,team,Moneyline,,,,,,,,,,,7.5,3.1,Chicago Cubs,Minnesota Twins,Chicago Cubs,TBD,Shota Imanaga,Zebby Matthews,-162.0,55.7,3.1,False,2026-07-19T05:00:14.343637,0.0,CHC,MIN,CHC,-0.0045,0.0253,0.0072,0.0022,0.0067,0.0025,-0.0046,0.008,0.0,0.0,0.0,-0.0067,0.0,0.0019,,
2026-07-19,,,team,Moneyline,,,,,,,,,,,11.5,1.2,Colorado Rockies,Cincinnati Reds,Cincinnati Reds,TBD,Ryan Feltner,Hunter Greene,-158.0,62.4,1.2,False,2026-07-19T05:00:16.980750,0.77,COL,CIN,CIN,0.0,-0.0721,0.0029,0.0011,-0.0147,0.0106,0.0141,-0.0042,-0.0025,0.01,0.0,0.0133,0.0,0.0011,,
2026-07-19,,,team,Moneyline,,,,,,,,,,,10.5,10.6,Athletics,Washington Nationals,Washington Nationals,TBD,Jacob Lopez,Foster Griffin,-146.0,70.1,10.6,True,2026-07-19T05:00:27.240239,6.64,OAK,WSH,WSH,-0.009,-0.099,-0.0693,-0.0161,-0.008,-0.0101,0.0077,-0.0229,0.0,0.0,0.0,0.0,0.0,-0.0049,,
2026-07-19,,,team,Moneyline,,,,,,,,,,,9.0,12.7,Los Angeles Angels,Detroit Tigers,Detroit Tigers,TBD,Ryan Johnson,Casey Mize,-162.0,74.6,12.7,True,2026-07-19T05:00:37.542437,8.36,LAA,DET,DET,-0.027,-0.1479,-0.0511,-0.0092,-0.0062,-0.0025,-0.0092,-0.0154,-0.0025,0.0,0.0,-0.0133,0.0,-0.0027,,
2026-07-19,,,team,Moneyline,,,,,,,,,,,9.0,-3.1,Arizona Diamondbacks,St. Louis Cardinals,St. Louis Cardinals,TBD,Eduardo Rodriguez,Andre Pallante,-117.0,50.9,-3.1,False,2026-07-19T05:00:40.216680,0.0,ARI,STL,STL,0.009,-0.0055,0.0301,0.002,-0.0011,-0.0039,0.0073,-0.0035,0.0025,0.01,0.0,-0.0053,0.0,-0.0026,,
2026-07-19,,,team,Moneyline,,,,,,,,,,,7.5,5.8,Seattle Mariners,San Francisco Giants,Seattle Mariners,TBD,Logan Gilbert,Robbie Ray,-178.0,60.4,5.8,True,2026-07-19T05:00:42.832025,0.0,SEA,SF,SEA,-0.0045,0.0737,0.0011,0.0062,0.0081,-0.0126,0.0161,0.0104,0.0,0.0,0.0,-0.0067,0.0,-0.0023,,
2026-07-19,,,team,Moneyline,,,,,,,,,,,8.5,3.3,Toronto Blue Jays,Chicago White Sox,Chicago White Sox,TBD,Trey Yesavage,Sean Burke,-135.0,60.8,3.3,False,2026-07-19T05:11:23.667999,1.96,TOR,CWS,CWS,-0.009,-0.0248,-0.0056,0.0002,-0.0068,-0.0115,0.007,-0.013,-0.0075,0.0,0.0,-0.008,0.0,-0.0011,,
2026-07-19,,,team,Moneyline,,,,,,,,,,,7.5,0.4,New York Yankees,Los Angeles Dodgers,Los Angeles Dodgers,TBD,TBD,TBD,-130.0,56.9,0.4,False,2026-07-19T05:11:25.925643,0.22,NYY,LAD,LAD,0.0,0.0,0.0,0.0,0.0,-0.0095,0.0018,-0.0043,-0.0125,0.0,0.0,0.0,0.0,0.0,,
2026-07-19,,,team,Moneyline,,,,,,,,,,,9.0,0.1,Atlanta Braves,Texas Rangers,Texas Rangers,TBD,Grant Holmes,Nathan Eovaldi,-139.0,58.3,0.1,False,2026-07-19T05:11:28.516277,0.11,ATL,TEX,TEX,-0.0045,-0.0555,0.0077,-0.0031,-0.0084,0.0031,0.0158,0.0237,0.0,0.0,0.0,0.0013,0.0,0.0003,,
2026-07-19,,,team,Moneyline,,,,,,,,,,,8.5,2.8,Boston Red Sox,Tampa Bay Rays,Boston Red Sox,TBD,Sonny Gray,Shane McClanahan,-130.0,50.8,2.8,False,2026-07-19T05:11:31.040298,0.0,BOS,TB,BOS,0.027,-0.0209,0.0052,0.0007,-0.0026,-0.0062,0.0172,0.001,-0.0014,0.0,0.0,0.0107,0.0,0.0017,,
2026-07-19,,,team,Moneyline,,,,,,,,,,,8.5,1.5,Philadelphia Phillies,New York Mets,New York Mets,TBD,Alan Rangel,Nolan McLean,-151.0,61.6,1.5,False,2026-07-19T05:11:33.605690,0.92,PHI,NYM,NYM,0.0,-0.0418,-0.0128,-0.0051,-0.0061,0.0056,0.004,0.0054,0.0031,0.0,0.0,0.0013,0.0,0.0005,,
2026-07-19,,,team,Moneyline,,,,,,,,,,,7.0,4.5,Cleveland Guardians,Pittsburgh Pirates,Pittsburgh Pirates,TBD,Joey Cantillo,Paul Skenes,-141.0,63.1,4.5,True,2026-07-19T05:11:36.272884,2.78,CLE,PIT,PIT,-0.009,-0.066,0.0002,-0.0084,-0.0065,-0.0249,0.0132,-0.0126,0.0,0.0,0.0,0.0053,0.0,0.0047,,
2026-07-19,,,team,Moneyline,,,,,,,,,,,8.5,3.0,Houston Astros,Baltimore Orioles,Baltimore Orioles,TBD,Hunter Brown,Brandon Young,-119.0,57.4,3.0,False,2026-07-19T05:11:46.527538,1.68,HOU,BAL,BAL,-0.0135,-0.0253,-0.0077,-0.0002,0.01,0.0025,-0.0136,-0.0093,-0.0075,0.0,0.0,-0.0093,0.0,0.0007,,
2026-07-19,,,team,Moneyline,,,,,,,,,,,10.5,5.8,Kansas City Royals,San Diego Padres,Kansas City Royals,TBD,Noah Cameron,Germán Márquez,-134.0,54.5,5.8,True,2026-07-19T05:11:56.800302,0.0,KC,SD,KC,0.0,0.0919,0.0,0.0004,0.0077,0.012,-0.0293,-0.0045,0.0125,0.0,0.0,-0.004,0.0,0.0005,,
2026-07-19,,,team,Moneyline,,,,,,,,,,,8.5,1.3,Milwaukee Brewers,Miami Marlins,Miami Marlins,TBD,Robert Gasser,Eury Pérez,-108.0,53.3,1.3,False,2026-07-19T05:11:59.380055,0.72,MIL,MIA,MIA,0.0045,-0.0413,-0.0221,-0.0031,-0.0071,-0.0008,0.0,0.0179,0.0075,0.0,0.0,-0.0027,0.0,0.0047,,
2026-07-19,,,team,Moneyline,,,,,,,,,,,7.5,3.1,Chicago Cubs,Minnesota Twins,Chicago Cubs,TBD,Shota Imanaga,Zebby Matthews,-168.0,56.5,3.1,False,2026-07-19T05:12:01.903757,0.0,CHC,MIN,CHC,-0.0045,0.0253,0.0072,0.0022,0.0067,0.0025,-0.0046,0.008,0.0,0.0,0.0,-0.0067,0.0,0.0019,,
2026-07-19,,,team,Moneyline,,,,,,,,,,,11.5,1.7,Colorado Rockies,Cincinnati Reds,Cincinnati Reds,TBD,Ryan Feltner,Hunter Greene,-158.0,62.9,1.7,False,2026-07-19T05:12:12.226591,1.1,COL,CIN,CIN,0.0,-0.0721,0.0029,0.0011,-0.0147,0.0106,0.0141,-0.0042,-0.0025,0.0,0.0,0.0133,0.0,0.0011,,
2026-07-19,,,team,Moneyline,,,,,,,,,,,10.5,10.6,Athletics,Washington Nationals,Washington Nationals,TBD,Jacob Lopez,Foster Griffin,-146.0,70.1,10.6,True,2026-07-19T05:12:22.509891,6.64,OAK,WSH,WSH,-0.009,-0.099,-0.0693,-0.0161,-0.008,-0.0101,0.0077,-0.0229,0.0,0.0,0.0,0.0,0.0,-0.0049,,
2026-07-19,,,team,Moneyline,,,,,,,,,,,9.0,12.6,Los Angeles Angels,Detroit Tigers,Detroit Tigers,TBD,Ryan Johnson,Casey Mize,-167.0,75.2,12.6,True,2026-07-19T05:12:32.934042,8.43,LAA,DET,DET,-0.027,-0.1479,-0.0511,-0.0092,-0.0062,-0.0025,-0.0092,-0.0154,-0.0025,0.0,0.0,-0.0133,0.0,-0.0027,,
2026-07-19,,,team,Moneyline,,,,,,,,,,,9.0,-2.6,Arizona Diamondbacks,St. Louis Cardinals,St. Louis Cardinals,TBD,Eduardo Rodriguez,Andre Pallante,-117.0,51.4,-2.6,False,2026-07-19T05:12:43.219021,0.0,ARI,STL,STL,0.009,-0.0055,0.0301,0.002,-0.0011,-0.0039,0.0073,-0.0035,0.0025,0.0,0.0,-0.0053,0.0,-0.0026,,
2026-07-19,,,team,Moneyline,,,,,,,,,,,7.5,5.8,Seattle Mariners,San Francisco Giants,Seattle Mariners,TBD,Logan Gilbert,Robbie Ray,-178.0,60.4,5.8,True,2026-07-19T05:12:45.749891,0.0,SEA,SF,SEA,-0.0045,0.0737,0.0011,0.0062,0.0081,-0.0126,0.0161,0.0104,0.0,0.0,0.0,-0.0067,0.0,-0.0023,,
2026-07-19,,,team,Moneyline,,,,,,,,,,,8.5,3.3,Toronto Blue Jays,Chicago White Sox,Chicago White Sox,TBD,Trey Yesavage,Sean Burke,-135.0,60.8,3.3,False,2026-07-19T10:39:17.492262,1.96,TOR,CWS,CWS,-0.009,-0.0248,-0.0056,0.0002,-0.0068,-0.0115,0.007,-0.013,-0.0075,0.0,0.0,-0.008,0.0,-0.0011,,
2026-07-19,,,team,Moneyline,,,,,,,,,,,7.5,0.4,New York Yankees,Los Angeles Dodgers,Los Angeles Dodgers,TBD,TBD,TBD,-135.0,57.9,0.4,False,2026-07-19T10:39:20.000865,0.24,NYY,LAD,LAD,0.0,0.0,0.0,0.0,0.0,-0.0095,0.0018,-0.0043,-0.0125,0.0,0.0,0.0,0.0,0.0,,
2026-07-19,,,team,Moneyline,,,,,,,,,,,9.0,-0.1,Atlanta Braves,Texas Rangers,Texas Rangers,TBD,Grant Holmes,Nathan Eovaldi,-139.0,58.2,-0.1,False,2026-07-19T10:39:22.619483,0.02,ATL,TEX,TEX,-0.0045,-0.0555,0.0077,-0.0031,-0.0084,0.0031,0.0158,0.0237,0.0,0.0,0.0,0.004,0.0,0.0003,,
2026-07-19,,,team,Moneyline,,,,,,,,,,,8.5,2.1,Boston Red Sox,Tampa Bay Rays,Boston Red Sox,TBD,Sonny Gray,Shane McClanahan,-130.0,50.1,2.1,False,2026-07-19T10:39:25.111908,0.0,BOS,TB,BOS,0.027,-0.0209,0.0052,0.0007,-0.0026,-0.0062,0.0172,0.001,-0.0014,0.0,0.0,-0.0013,0.0,0.0017,,
2026-07-19,,,team,Moneyline,,,,,,,,,,,8.5,1.4,Philadelphia Phillies,New York Mets,New York Mets,TBD,Alan Rangel,Nolan McLean,-151.0,61.6,1.4,False,2026-07-19T10:39:27.861013,0.88,PHI,NYM,NYM,0.0,-0.0418,-0.0128,-0.0051,-0.0061,0.0056,0.004,0.0054,0.0031,0.0,0.0,0.0027,0.0,0.0005,,
2026-07-19,,,team,Moneyline,,,,,,,,,,,7.0,4.5,Cleveland Guardians,Pittsburgh Pirates,Pittsburgh Pirates,TBD,Joey Cantillo,Paul Skenes,-141.0,63.1,4.5,True,2026-07-19T10:39:38.216917,2.78,CLE,PIT,PIT,-0.009,-0.066,0.0002,-0.0084,-0.0065,-0.0249,0.0132,-0.0126,0.0,0.0,0.0,0.0053,0.0,0.0047,,
2026-07-19,,,team,Moneyline,,,,,,,,,,,8.5,2.9,Houston Astros,Baltimore Orioles,Baltimore Orioles,TBD,Hunter Brown,Brandon Young,-119.0,57.3,2.9,False,2026-07-19T10:39:48.574089,1.6,HOU,BAL,BAL,-0.0135,-0.0253,-0.0077,-0.0002,0.01,0.0025,-0.0136,-0.0093,-0.0075,0.0,0.0,-0.0067,0.0,0.0007,,
2026-07-19,,,team,Moneyline,,,,,,,,,,,10.5,5.6,Kansas City Royals,San Diego Padres,Kansas City Royals,TBD,Noah Cameron,Germán Márquez,-134.0,54.3,5.6,True,2026-07-19T10:39:58.893748,0.0,KC,SD,KC,0.0,0.0919,0.0,0.0004,0.0077,0.012,-0.0293,-0.0045,0.0125,0.0,0.0,-0.008,0.0,0.0005,,
2026-07-19,,,team,Moneyline,,,,,,,,,,,8.0,1.5,Milwaukee Brewers,Miami Marlins,Miami Marlins,TBD,Robert Gasser,Eury Pérez,-108.0,53.5,1.5,False,2026-07-19T10:40:09.244347,0.8,MIL,MIA,MIA,0.0045,-0.0413,-0.0221,-0.0031,-0.0071,-0.0008,0.0,0.0179,0.0075,0.0,0.0,-0.0053,0.0,0.0047,,
2026-07-19,,,team,Moneyline,,,,,,,,,,,7.5,3.1,Chicago Cubs,Minnesota Twins,Chicago Cubs,TBD,Shota Imanaga,Zebby Matthews,-162.0,55.7,3.1,False,2026-07-19T10:40:11.868040,0.0,CHC,MIN,CHC,-0.0045,0.0253,0.0072,0.0022,0.0067,0.0025,-0.0046,0.008,0.0,0.0,0.0,-0.0067,0.0,0.0019,,
2026-07-19,,,team,Moneyline,,,,,,,,,,,11.0,2.0,Colorado Rockies,Cincinnati Reds,Cincinnati Reds,TBD,Ryan Feltner,Hunter Greene,-158.0,63.3,2.0,False,2026-07-19T10:40:22.417942,1.32,COL,CIN,CIN,0.0,-0.0721,0.0029,0.0011,-0.0147,0.0106,0.0141,-0.0042,-0.0025,0.0,0.0,0.0067,0.0,0.0011,,
2026-07-19,,,team,Moneyline,,,,,,,,,,,10.5,10.5,Athletics,Washington Nationals,Washington Nationals,TBD,Jacob Lopez,Foster Griffin,-155.0,71.3,10.5,True,2026-07-19T10:40:32.771834,6.7,OAK,WSH,WSH,-0.009,-0.099,-0.0693,-0.0161,-0.008,-0.0101,0.0077,-0.0229,0.0,0.0,0.0,0.0,0.0,-0.0049,,
2026-07-19,,,team,Moneyline,,,,,,,,,,,9.0,12.4,Los Angeles Angels,Detroit Tigers,Detroit Tigers,TBD,Ryan Johnson,Casey Mize,-167.0,75.1,12.4,True,2026-07-19T10:40:35.496199,8.35,LAA,DET,DET,-0.027,-0.1479,-0.0511,-0.0092,-0.0062,-0.0025,-0.0092,-0.0154,-0.0025,0.0,0.0,-0.0107,0.0,-0.0027,,
2026-07-19,,,team,Moneyline,,,,,,,,,,,9.0,-3.0,Arizona Diamondbacks,St. Louis Cardinals,St. Louis Cardinals,TBD,Eduardo Rodriguez,Andre Pallante,-117.0,51.0,-3.0,False,2026-07-19T10:40:37.984237,0.0,ARI,STL,STL,0.009,-0.0055,0.0301,0.002,-0.0011,-0.0039,0.0073,-0.0035,0.0025,0.01,0.0,-0.008,0.0,-0.0026,,
2026-07-19,,,team,Moneyline,,,,,,,,,,,7.0,6.0,Seattle Mariners,San Francisco Giants,Seattle Mariners,TBD,Logan Gilbert,Robbie Ray,-178.0,60.7,6.0,True,2026-07-19T10:40:40.658153,0.0,SEA,SF,SEA,-0.0045,0.0737,0.0011,0.0062,0.0081,-0.0126,0.0161,0.0104,0.0,0.0,0.0,-0.0013,0.0,-0.0023,,
2026-07-19,,,team,Moneyline,,,,,,,,,,,8.5,3.3,Toronto Blue Jays,Chicago White Sox,Chicago White Sox,TBD,Trey Yesavage,Sean Burke,-137.0,61.2,3.3,False,2026-07-19T12:33:19.818543,1.99,TOR,CWS,CWS,-0.009,-0.0248,-0.0056,0.0002,-0.0068,-0.0115,0.007,-0.013,-0.0075,0.0,0.0,-0.008,0.0,-0.0011,,
2026-07-19,,,team,Moneyline,,,,,,,,,,,7.5,0.4,New York Yankees,Los Angeles Dodgers,Los Angeles Dodgers,TBD,TBD,TBD,-130.0,56.9,0.4,False,2026-07-19T12:33:22.354749,0.22,NYY,LAD,LAD,0.0,0.0,0.0,0.0,0.0,-0.0095,0.0018,-0.0043,-0.0125,0.0,0.0,0.0,0.0,0.0,,
2026-07-19,,,team,Moneyline,,,,,,,,,,,8.5,-0.1,Atlanta Braves,Texas Rangers,Texas Rangers,TBD,Grant Holmes,Nathan Eovaldi,-139.0,58.2,-0.1,False,2026-07-19T12:33:25.258851,0.02,ATL,TEX,TEX,-0.0045,-0.0555,0.0077,-0.0031,-0.0084,0.0031,0.0158,0.0237,0.0,0.0,0.0,0.004,0.0,0.0003,,
2026-07-19,,,team,Moneyline,,,,,,,,,,,8.5,2.1,Boston Red Sox,Tampa Bay Rays,Boston Red Sox,TBD,Sonny Gray,Shane McClanahan,-130.0,50.1,2.1,False,2026-07-19T12:33:28.198573,0.0,BOS,TB,BOS,0.027,-0.0209,0.0052,0.0007,-0.0026,-0.0062,0.0172,0.001,-0.0014,0.0,0.0,-0.0013,0.0,0.0017,,
2026-07-19,,,team,Moneyline,,,,,,,,,,,8.5,1.4,Philadelphia Phillies,New York Mets,New York Mets,TBD,Alan Rangel,Nolan McLean,-151.0,61.6,1.4,False,2026-07-19T12:33:31.111819,0.88,PHI,NYM,NYM,0.0,-0.0418,-0.0128,-0.0051,-0.0061,0.0056,0.004,0.0054,0.0031,0.0,0.0,0.0027,0.0,0.0005,,
2026-07-19,,,team,Moneyline,,,,,,,,,,,7.0,4.5,Cleveland Guardians,Pittsburgh Pirates,Pittsburgh Pirates,TBD,Joey Cantillo,Paul Skenes,-146.0,64.0,4.5,True,2026-07-19T12:33:33.891640,2.83,CLE,PIT,PIT,-0.009,-0.066,0.0002,-0.0084,-0.0065,-0.0249,0.0132,-0.0126,0.0,0.0,0.0,0.0053,0.0,0.0047,,
2026-07-19,,,team,Moneyline,,,,,,,,,,,8.5,2.9,Houston Astros,Baltimore Orioles,Baltimore Orioles,TBD,Hunter Brown,Brandon Young,-119.0,57.3,2.9,False,2026-07-19T12:33:44.568748,1.6,HOU,BAL,BAL,-0.0135,-0.0253,-0.0077,-0.0002,0.01,0.0025,-0.0136,-0.0093,-0.0075,0.0,0.0,-0.0067,0.0,0.0007,,
2026-07-19,,,team,Moneyline,,,,,,,,,,,10.0,5.6,Kansas City Royals,San Diego Padres,Kansas City Royals,TBD,Noah Cameron,Germán Márquez,-132.0,54.0,5.6,True,2026-07-19T12:33:55.341503,0.0,KC,SD,KC,0.0,0.0919,0.0,0.0004,0.0077,0.012,-0.0293,-0.0045,0.0125,0.0,0.0,-0.008,0.0,0.0005,,
2026-07-19,,,team,Moneyline,,,,,,,,,,,8.0,1.5,Milwaukee Brewers,Miami Marlins,Miami Marlins,TBD,Robert Gasser,Eury Pérez,-108.0,53.5,1.5,False,2026-07-19T12:34:06.067538,0.8,MIL,MIA,MIA,0.0045,-0.0413,-0.0221,-0.0031,-0.0071,-0.0008,0.0,0.0179,0.0075,0.0,0.0,-0.0053,0.0,0.0047,,
2026-07-19,,,team,Moneyline,,,,,,,,,,,7.5,3.1,Chicago Cubs,Minnesota Twins,Chicago Cubs,TBD,Shota Imanaga,Zebby Matthews,-166.0,56.3,3.1,False,2026-07-19T12:34:09.137190,0.0,CHC,MIN,CHC,-0.0045,0.0253,0.0072,0.0022,0.0067,0.0025,-0.0046,0.008,0.0,0.0,0.0,-0.0067,0.0,0.0019,,
2026-07-19,,,team,Moneyline,,,,,,,,,,,11.0,2.0,Colorado Rockies,Cincinnati Reds,Cincinnati Reds,TBD,Ryan Feltner,Hunter Greene,-158.0,63.3,2.0,False,2026-07-19T12:34:12.280940,1.32,COL,CIN,CIN,0.0,-0.0721,0.0029,0.0011,-0.0147,0.0106,0.0141,-0.0042,-0.0025,0.0,0.0,0.0067,0.0,0.0011,,
2026-07-19,,,team,Moneyline,,,,,,,,,,,10.5,10.5,Athletics,Washington Nationals,Washington Nationals,TBD,Jacob Lopez,Foster Griffin,-155.0,71.3,10.5,True,2026-07-19T12:34:23.306575,6.7,OAK,WSH,WSH,-0.009,-0.099,-0.0693,-0.0161,-0.008,-0.0101,0.0077,-0.0229,0.0,0.0,0.0,0.0,0.0,-0.0049,,
2026-07-19,,,team,Moneyline,,,,,,,,,,,9.0,12.4,Los Angeles Angels,Detroit Tigers,Detroit Tigers,TBD,Ryan Johnson,Casey Mize,-167.0,75.1,12.4,True,2026-07-19T12:34:34.102506,8.35,LAA,DET,DET,-0.027,-0.1479,-0.0511,-0.0092,-0.0062,-0.0025,-0.0092,-0.0154,-0.0025,0.0,0.0,-0.0107,0.0,-0.0027,,
2026-07-19,,,team,Moneyline,,,,,,,,,,,9.0,-3.0,Arizona Diamondbacks,St. Louis Cardinals,St. Louis Cardinals,TBD,Eduardo Rodriguez,Andre Pallante,-115.0,50.6,-3.0,False,2026-07-19T12:34:37.049586,0.0,ARI,STL,STL,0.009,-0.0055,0.0301,0.002,-0.0011,-0.0039,0.0073,-0.0035,0.0025,0.01,0.0,-0.008,0.0,-0.0026,,
2026-07-19,,,team,Moneyline,,,,,,,,,,,7.5,6.0,Seattle Mariners,San Francisco Giants,Seattle Mariners,TBD,Logan Gilbert,Robbie Ray,-178.0,60.7,6.0,True,2026-07-19T12:34:40.060435,0.0,SEA,SF,SEA,-0.0045,0.0737,0.0011,0.0062,0.0081,-0.0126,0.0161,0.0104,0.0,0.0,0.0,-0.0013,0.0,-0.0023,,
2026-07-19,,,team,Moneyline,,,,,,,,,,,8.5,3.3,Toronto Blue Jays,Chicago White Sox,Chicago White Sox,TBD,Trey Yesavage,Sean Burke,-137.0,61.2,3.3,False,2026-07-19T12:43:13.897354,1.99,TOR,CWS,CWS,-0.009,-0.0248,-0.0056,0.0002,-0.0068,-0.0115,0.007,-0.013,-0.0075,0.0,0.0,-0.008,0.0,-0.0011,,
2026-07-19,,,team,Moneyline,,,,,,,,,,,7.5,0.4,New York Yankees,Los Angeles Dodgers,Los Angeles Dodgers,TBD,TBD,TBD,-130.0,56.9,0.4,False,2026-07-19T12:43:16.364771,0.22,NYY,LAD,LAD,0.0,0.0,0.0,0.0,0.0,-0.0095,0.0018,-0.0043,-0.0125,0.0,0.0,0.0,0.0,0.0,,
2026-07-19,,,team,Moneyline,,,,,,,,,,,8.5,-0.1,Atlanta Braves,Texas Rangers,Texas Rangers,TBD,Grant Holmes,Nathan Eovaldi,-139.0,58.2,-0.1,False,2026-07-19T12:43:18.943539,0.02,ATL,TEX,TEX,-0.0045,-0.0555,0.0077,-0.0031,-0.0084,0.0031,0.0158,0.0237,0.0,0.0,0.0,0.004,0.0,0.0003,,
2026-07-19,,,team,Moneyline,,,,,,,,,,,8.5,2.1,Boston Red Sox,Tampa Bay Rays,Boston Red Sox,TBD,Sonny Gray,Shane McClanahan,-130.0,50.1,2.1,False,2026-07-19T12:43:29.283387,0.0,BOS,TB,BOS,0.027,-0.0209,0.0052,0.0007,-0.0026,-0.0062,0.0172,0.001,-0.0014,0.0,0.0,-0.0013,0.0,0.0017,,
2026-07-19,,,team,Moneyline,,,,,,,,,,,8.5,1.4,Philadelphia Phillies,New York Mets,New York Mets,TBD,Alan Rangel,Nolan McLean,-151.0,61.6,1.4,False,2026-07-19T12:43:39.600558,0.88,PHI,NYM,NYM,0.0,-0.0418,-0.0128,-0.0051,-0.0061,0.0056,0.004,0.0054,0.0031,0.0,0.0,0.0027,0.0,0.0005,,
2026-07-19,,,team,Moneyline,,,,,,,,,,,7.0,4.5,Cleveland Guardians,Pittsburgh Pirates,Pittsburgh Pirates,TBD,Joey Cantillo,Paul Skenes,-146.0,64.0,4.5,True,2026-07-19T12:43:42.195766,2.83,CLE,PIT,PIT,-0.009,-0.066,0.0002,-0.0084,-0.0065,-0.0249,0.0132,-0.0126,0.0,0.0,0.0,0.0053,0.0,0.0047,,
2026-07-19,,,team,Moneyline,,,,,,,,,,,8.5,2.9,Houston Astros,Baltimore Orioles,Baltimore Orioles,TBD,Hunter Brown,Brandon Young,-119.0,57.3,2.9,False,2026-07-19T12:43:52.559982,1.6,HOU,BAL,BAL,-0.0135,-0.0253,-0.0077,-0.0002,0.01,0.0025,-0.0136,-0.0093,-0.0075,0.0,0.0,-0.0067,0.0,0.0007,,
2026-07-19,,,team,Moneyline,,,,,,,,,,,10.0,5.6,Kansas City Royals,San Diego Padres,Kansas City Royals,TBD,Noah Cameron,Germán Márquez,-132.0,54.0,5.6,True,2026-07-19T12:44:02.980554,0.0,KC,SD,KC,0.0,0.0919,0.0,0.0004,0.0077,0.012,-0.0293,-0.0045,0.0125,0.0,0.0,-0.008,0.0,0.0005,,
2026-07-19,,,team,Moneyline,,,,,,,,,,,8.0,1.5,Milwaukee Brewers,Miami Marlins,Miami Marlins,TBD,Robert Gasser,Eury Pérez,-108.0,53.5,1.5,False,2026-07-19T12:44:05.606207,0.8,MIL,MIA,MIA,0.0045,-0.0413,-0.0221,-0.0031,-0.0071,-0.0008,0.0,0.0179,0.0075,0.0,0.0,-0.0053,0.0,0.0047,,
2026-07-19,,,team,Moneyline,,,,,,,,,,,7.5,3.1,Chicago Cubs,Minnesota Twins,Chicago Cubs,TBD,Shota Imanaga,Zebby Matthews,-166.0,56.3,3.1,False,2026-07-19T12:44:08.264274,0.0,CHC,MIN,CHC,-0.0045,0.0253,0.0072,0.0022,0.0067,0.0025,-0.0046,0.008,0.0,0.0,0.0,-0.0067,0.0,0.0019,,
2026-07-19,,,team,Moneyline,,,,,,,,,,,11.0,2.0,Colorado Rockies,Cincinnati Reds,Cincinnati Reds,TBD,Ryan Feltner,Hunter Greene,-158.0,63.3,2.0,False,2026-07-19T12:44:10.889133,1.32,COL,CIN,CIN,0.0,-0.0721,0.0029,0.0011,-0.0147,0.0106,0.0141,-0.0042,-0.0025,0.0,0.0,0.0067,0.0,0.0011,,
2026-07-19,,,team,Moneyline,,,,,,,,,,,10.5,10.5,Athletics,Washington Nationals,Washington Nationals,TBD,Jacob Lopez,Foster Griffin,-155.0,71.3,10.5,True,2026-07-19T12:44:14.073967,6.7,OAK,WSH,WSH,-0.009,-0.099,-0.0693,-0.0161,-0.008,-0.0101,0.0077,-0.0229,0.0,0.0,0.0,0.0,0.0,-0.0049,,
2026-07-19,,,team,Moneyline,,,,,,,,,,,9.0,12.4,Los Angeles Angels,Detroit Tigers,Detroit Tigers,TBD,Ryan Johnson,Casey Mize,-167.0,75.1,12.4,True,2026-07-19T12:44:24.679911,8.35,LAA,DET,DET,-0.027,-0.1479,-0.0511,-0.0092,-0.0062,-0.0025,-0.0092,-0.0154,-0.0025,0.0,0.0,-0.0107,0.0,-0.0027,,
2026-07-19,,,team,Moneyline,,,,,,,,,,,9.0,-2.4,Arizona Diamondbacks,St. Louis Cardinals,St. Louis Cardinals,TBD,Eduardo Rodriguez,Andre Pallante,-115.0,51.2,-2.4,False,2026-07-19T12:44:35.032934,0.0,ARI,STL,STL,0.009,-0.0055,0.0301,0.002,-0.0011,-0.0039,0.0073,-0.0035,0.0025,0.0,0.0,-0.008,0.0,-0.0026,,
2026-07-19,,,team,Moneyline,,,,,,,,,,,7.5,6.0,Seattle Mariners,San Francisco Giants,Seattle Mariners,TBD,Logan Gilbert,Robbie Ray,-178.0,60.7,6.0,True,2026-07-19T12:44:45.354265,0.0,SEA,SF,SEA,-0.0045,0.0737,0.0011,0.0062,0.0081,-0.0126,0.0161,0.0104,0.0,0.0,0.0,-0.0013,0.0,-0.0023,,
2026-07-20,,,team,Moneyline,,,,,,,,,,,7.5,7.4,Cleveland Guardians,Minnesota Twins,Minnesota Twins,TBD,Tanner Bibee,Joe Ryan,-141.0,66.0,7.4,True,2026-07-20T00:08:26.465682,4.51,CLE,MIN,MIN,-0.0045,-0.1128,-0.0189,-0.0022,-0.0158,-0.016,0.0161,0.0005,-0.0042,0.0,0.0,0.0,0.0,-0.0032,,
2026-07-20,,,team,Moneyline,,,,,,,,,,,8.0,1.2,New York Yankees,Pittsburgh Pirates,Pittsburgh Pirates,TBD,Ryan Weathers,Braxton Ashcraft,-108.0,53.1,1.2,False,2026-07-20T00:08:33.548548,0.63,NYY,PIT,PIT,-0.0045,-0.0303,-0.0119,-0.0029,-0.0001,-0.0087,0.0139,0.004,0.0,0.0,0.0,0.0,0.0,0.0011,,
2026-07-20,,,team,Moneyline,,,,,,,,,,,7.5,7.5,Toronto Blue Jays,Tampa Bay Rays,Toronto Blue Jays,TBD,Dylan Cease,Nick Martinez,-148.0,58.4,7.5,True,2026-07-20T00:08:39.625670,0.0,TOR,TB,TOR,0.0,0.0951,0.0016,-0.0002,0.0371,-0.0123,0.0145,-0.0107,-0.0083,0.0,0.0,0.0,0.0,0.0036,,
2026-07-20,,,team,Moneyline,,,,,,,,,,,8.5,4.9,Boston Red Sox,Baltimore Orioles,Boston Red Sox,TBD,Payton Tolle,Shane Baz,-144.0,55.1,4.9,True,2026-07-20T00:08:45.939469,0.0,BOS,BAL,BOS,0.0135,0.0198,0.0194,0.007,0.006,-0.0025,0.0046,0.0048,0.0,0.0,0.0,0.0,0.0,-0.0011,,
2026-07-20,,,team,Moneyline,,,,,,,,,,,8.5,5.5,Philadelphia Phillies,Los Angeles Dodgers,Philadelphia Phillies,TBD,Cristopher Sánchez,Emmet Sheehan,-138.0,54.9,5.5,True,2026-07-20T00:08:52.132992,0.0,PHI,LAD,PHI,0.0045,0.0902,0.0394,0.0011,0.0,-0.0199,-0.0002,-0.0251,-0.0042,0.0,0.0,0.0,0.0,-0.0033,,
2026-07-20,,,team,Moneyline,,,,,,,,,,,9.0,3.3,Atlanta Braves,San Diego Padres,Atlanta Braves,TBD,Bryce Elder,JP Sears,-148.0,54.2,3.3,False,2026-07-20T00:08:58.761708,0.0,ATL,SD,ATL,0.0,0.0088,0.0068,0.0022,-0.0036,0.0146,0.0066,0.0243,-0.0125,0.0,0.0,0.0,0.0,-0.0046,,
2026-07-20,,,team,Moneyline,,,,,,,,,,,10.5,-0.4,Kansas City Royals,San Francisco Giants,San Francisco Giants,TBD,Michael Wacha,Trevor McDonald,-119.0,54.0,-0.4,False,2026-07-20T00:09:05.443501,0.0,KC,SF,SF,-0.0045,0.0027,0.0225,0.0024,-0.0004,-0.0034,-0.0191,-0.0072,0.0,0.0,0.0,0.0,0.0,-0.0045,,
2026-07-20,,,team,Moneyline,,,,,,,,,,,7.5,14.6,Milwaukee Brewers,New York Mets,Milwaukee Brewers,TBD,Jacob Misiorowski,Freddy Peralta,-190.0,70.6,14.6,True,2026-07-20T00:09:12.279692,3.7,MIL,NYM,MIL,0.0045,0.1265,0.0547,0.015,0.0206,0.0132,0.0068,0.0282,0.0,0.0,0.0,0.0,0.0,0.0007,,
2026-07-20,,,team,Moneyline,,,,,,,,,,,12.0,7.4,Chicago Cubs,Detroit Tigers,Detroit Tigers,TBD,Jameson Taillon,Jack Flaherty,-124.0,62.8,7.4,False,2026-07-20T00:09:19.087824,4.17,CHC,DET,DET,0.0,-0.1358,-0.0128,0.0024,-0.0129,0.0109,-0.0158,0.0026,0.0,0.0,0.0,0.0,0.0,0.0033,,
2026-07-20,,,team,Moneyline,,,,,,,,,,,8.0,7.8,Texas Rangers,Chicago White Sox,Texas Rangers,TBD,Jacob deGrom,Erick Fedde,-162.0,60.4,7.8,True,2026-07-20T00:09:26.252397,0.0,TEX,CWS,TEX,-0.0045,0.1001,0.0119,0.009,0.0218,-0.0028,-0.0002,-0.0144,0.0,0.01,0.0,0.0,0.0,-0.0047,,
2026-07-20,,,team,Moneyline,,,,,,,,,,,8.5,1.1,Houston Astros,Miami Marlins,Miami Marlins,TBD,Ronel Blanco,Janson Junk,-102.0,51.7,1.1,False,2026-07-20T00:09:32.623800,0.61,HOU,MIA,MIA,-0.0045,0.0,0.0,0.0,0.0,-0.0034,-0.0183,-0.0114,0.0,0.0,0.0,0.0,0.0,-0.0013,,
2026-07-20,,,team,Moneyline,,,,,,,,,,,11.5,7.7,Colorado Rockies,Washington Nationals,Washington Nationals,TBD,Kyle Freeland,Andrew Alvarez,-139.0,65.9,7.7,True,2026-07-20T00:09:39.611006,4.65,COL,WSH,WSH,-0.0045,-0.088,-0.059,-0.0031,-0.0065,-0.0048,0.0114,-0.0208,0.0,0.01,0.0,0.0,0.0,-0.0015,,
2026-07-20,,,team,Moneyline,,,,,,,,,,,9.5,10.7,Arizona Diamondbacks,Athletics,Arizona Diamondbacks,TBD,Mitch Bratt,Jeffrey Springs,-162.0,63.3,10.7,True,2026-07-20T00:09:46.604598,0.98,ARI,OAK,ARI,0.027,0.0924,0.0297,0.0013,0.002,-0.0092,0.0167,0.0163,0.0,0.01,0.0,0.0,0.0,-0.0037,,
2026-07-20,,,team,Moneyline,,,,,,,,,,,7.5,8.1,Seattle Mariners,Cincinnati Reds,Seattle Mariners,TBD,George Kirby,Andrew Abbott,-154.0,59.8,8.1,True,2026-07-20T00:09:53.628282,0.0,SEA,CIN,SEA,-0.0045,0.0836,0.0063,0.0022,0.0037,-0.0073,0.0332,0.0122,0.0,0.0,0.0,0.0,0.0,0.0027,,
2026-07-20,,,team,Moneyline,,,,,,,,,,,8.5,-0.9,Los Angeles Angels,St. Louis Cardinals,St. Louis Cardinals,TBD,José Soriano,Kyle Leahy,-115.0,52.8,-0.9,False,2026-07-20T00:10:00.417468,0.0,LAA,STL,STL,-0.0045,0.0022,0.0043,0.0026,0.0079,-0.0014,-0.0033,-0.0104,0.0,0.0,0.0,0.0,0.0,0.0002,,
2026-07-20,,,team,Moneyline,,,,,,,,,,,7.5,7.1,Cleveland Guardians,Minnesota Twins,Minnesota Twins,TBD,Tanner Bibee,Joe Ryan,-141.0,65.7,7.1,True,2026-07-20T08:08:50.864299,4.35,CLE,MIN,MIN,-0.0045,-0.1128,-0.0189,-0.0022,-0.0158,-0.016,0.0161,0.0005,-0.0042,0.0,0.0,0.0053,0.0,-0.0032,,
2026-07-20,,,team,Moneyline,,,,,,,,,,,8.0,1.1,New York Yankees,Pittsburgh Pirates,Pittsburgh Pirates,TBD,Ryan Weathers,Braxton Ashcraft,-115.0,54.7,1.1,False,2026-07-20T08:08:54.907677,0.66,NYY,PIT,PIT,-0.0045,-0.0303,-0.0119,-0.0029,-0.0001,-0.0087,0.0139,0.004,0.0,0.0,0.0,0.0013,0.0,0.0011,,
2026-07-20,,,team,Moneyline,,,,,,,,,,,7.5,7.1,Toronto Blue Jays,Tampa Bay Rays,Toronto Blue Jays,TBD,Dylan Cease,Nick Martinez,-158.0,59.3,7.1,True,2026-07-20T08:08:58.849038,0.0,TOR,TB,TOR,0.0,0.0951,0.0016,-0.0002,0.0371,-0.0123,0.0145,-0.0107,-0.0083,0.0,0.0,-0.008,0.0,0.0036,,
2026-07-20,,,team,Moneyline,,,,,,,,,,,8.5,4.8,Boston Red Sox,Baltimore Orioles,Boston Red Sox,TBD,Payton Tolle,Shane Baz,-142.0,54.7,4.8,True,2026-07-20T08:09:10.531812,0.0,BOS,BAL,BOS,0.0135,0.0198,0.0194,0.007,0.006,-0.0025,0.0046,0.0048,0.0,0.0,0.0,-0.0027,0.0,-0.0011,,
2026-07-20,,,team,Moneyline,,,,,,,,,,,8.5,5.6,Philadelphia Phillies,Los Angeles Dodgers,Philadelphia Phillies,TBD,Cristopher Sánchez,Emmet Sheehan,-134.0,54.5,5.6,True,2026-07-20T08:09:14.515429,0.0,PHI,LAD,PHI,0.0045,0.0902,0.0394,0.0011,0.0,-0.0199,-0.0002,-0.0251,-0.0042,0.0,0.0,0.0013,0.0,-0.0033,,
2026-07-20,,,team,Moneyline,,,,,,,,,,,9.0,3.4,Atlanta Braves,San Diego Padres,Atlanta Braves,TBD,Bryce Elder,JP Sears,-144.0,53.6,3.4,False,2026-07-20T08:09:18.794017,0.0,ATL,SD,ATL,0.0,0.0088,0.0068,0.0022,-0.0036,0.0146,0.0066,0.0243,-0.0125,0.0,0.0,0.0013,0.0,-0.0046,,
2026-07-20,,,team,Moneyline,,,,,,,,,,,10.5,-0.3,Kansas City Royals,San Francisco Giants,San Francisco Giants,TBD,Michael Wacha,Trevor McDonald,-119.0,54.1,-0.3,False,2026-07-20T08:09:22.630943,0.0,KC,SF,SF,-0.0045,0.0027,0.0225,0.0024,-0.0004,-0.0034,-0.0191,-0.0072,0.0,0.0,0.0,-0.0013,0.0,-0.0045,,
2026-07-20,,,team,Moneyline,,,,,,,,,,,7.5,14.4,Milwaukee Brewers,New York Mets,Milwaukee Brewers,TBD,Jacob Misiorowski,Freddy Peralta,-198.0,71.3,14.4,True,2026-07-20T08:09:34.438377,3.62,MIL,NYM,MIL,0.0045,0.1265,0.0547,0.015,0.0206,0.0132,0.0068,0.0282,0.0,0.0,0.0,0.0,0.0,0.0007,,
2026-07-20,,,team,Moneyline,,,,,,,,,,,12.0,7.8,Chicago Cubs,Detroit Tigers,Detroit Tigers,TBD,Jameson Taillon,Jack Flaherty,-124.0,63.2,7.8,False,2026-07-20T08:09:46.209639,4.4,CHC,DET,DET,0.0,-0.1358,-0.0128,0.0024,-0.0129,0.0109,-0.0158,0.0026,0.0,0.0,0.0,-0.008,0.0,0.0033,,
2026-07-20,,,team,Moneyline,,,,,,,,,,,8.0,7.4,Texas Rangers,Chicago White Sox,Texas Rangers,TBD,Jacob deGrom,Erick Fedde,-168.0,60.9,7.4,True,2026-07-20T08:09:50.309067,0.0,TEX,CWS,TEX,-0.0045,0.1001,0.0119,0.009,0.0218,-0.0028,-0.0002,-0.0144,0.0,0.01,0.0,-0.0067,0.0,-0.0047,,
2026-07-20,,,team,Moneyline,,,,,,,,,,,8.5,1.5,Houston Astros,Miami Marlins,Miami Marlins,TBD,Ronel Blanco,Janson Junk,-102.0,52.1,1.5,False,2026-07-20T08:10:01.980839,0.8,HOU,MIA,MIA,-0.0045,0.0,0.0,0.0,0.0,-0.0034,-0.0183,-0.0114,0.0,0.0,0.0,-0.0067,0.0,-0.0013,,
2026-07-20,,,team,Moneyline,,,,,,,,,,,11.5,8.1,Colorado Rockies,Washington Nationals,Washington Nationals,TBD,Kyle Freeland,Andrew Alvarez,-139.0,66.4,8.1,True,2026-07-20T08:10:13.595545,4.91,COL,WSH,WSH,-0.0045,-0.088,-0.059,-0.0031,-0.0065,-0.0048,0.0114,-0.0208,0.0,0.0,0.0,0.0013,0.0,-0.0015,,
2026-07-20,,,team,Moneyline,,,,,,,,,,,9.5,10.7,Arizona Diamondbacks,Athletics,Arizona Diamondbacks,TBD,Mitch Bratt,Jeffrey Springs,-162.0,63.3,10.7,True,2026-07-20T08:10:17.609128,0.98,ARI,OAK,ARI,0.027,0.0924,0.0297,0.0013,0.002,-0.0092,0.0167,0.0163,0.0,0.01,0.0,0.0,0.0,-0.0037,,
2026-07-20,,,team,Moneyline,,,,,,,,,,,7.5,8.5,Seattle Mariners,Cincinnati Reds,Seattle Mariners,TBD,George Kirby,Andrew Abbott,-158.0,60.7,8.5,True,2026-07-20T08:10:21.552133,0.0,SEA,CIN,SEA,-0.0045,0.0836,0.0063,0.0022,0.0037,-0.0073,0.0332,0.0122,0.0,0.0,0.0,0.0067,0.0,0.0027,,
2026-07-20,,,team,Moneyline,,,,,,,,,,,8.5,-0.4,Los Angeles Angels,St. Louis Cardinals,St. Louis Cardinals,TBD,José Soriano,Kyle Leahy,-112.0,52.4,-0.4,False,2026-07-20T08:10:25.299042,0.0,LAA,STL,STL,-0.0045,0.0022,0.0043,0.0026,0.0079,-0.0014,-0.0033,-0.0104,0.0,0.0,0.0,-0.008,0.0,0.0002,,
2026-07-20,,,team,Moneyline,,,,,,,,,,,7.5,7.1,Cleveland Guardians,Minnesota Twins,Minnesota Twins,TBD,Tanner Bibee,Joe Ryan,-141.0,65.7,7.1,True,2026-07-20T09:51:01.200010,4.35,CLE,MIN,MIN,-0.0045,-0.1128,-0.0189,-0.0022,-0.0158,-0.016,0.0161,0.0005,-0.0042,0.0,0.0,0.0053,0.0,-0.0032,,
2026-07-20,,,team,Moneyline,,,,,,,,,,,8.0,1.1,New York Yankees,Pittsburgh Pirates,Pittsburgh Pirates,TBD,Ryan Weathers,Braxton Ashcraft,-117.0,55.1,1.1,False,2026-07-20T09:51:04.001386,0.64,NYY,PIT,PIT,-0.0045,-0.0303,-0.0119,-0.0029,-0.0001,-0.0087,0.0139,0.004,0.0,0.0,0.0,0.0013,0.0,0.0011,,
2026-07-20,,,team,Moneyline,,,,,,,,,,,7.5,7.1,Toronto Blue Jays,Tampa Bay Rays,Toronto Blue Jays,TBD,Dylan Cease,Nick Martinez,-158.0,59.3,7.1,True,2026-07-20T09:51:06.575816,0.0,TOR,TB,TOR,0.0,0.0951,0.0016,-0.0002,0.0371,-0.0123,0.0145,-0.0107,-0.0083,0.0,0.0,-0.008,0.0,0.0036,,
2026-07-20,,,team,Moneyline,,,,,,,,,,,8.5,4.8,Boston Red Sox,Baltimore Orioles,Boston Red Sox,TBD,Payton Tolle,Shane Baz,-142.0,54.7,4.8,True,2026-07-20T09:51:09.131441,0.0,BOS,BAL,BOS,0.0135,0.0198,0.0194,0.007,0.006,-0.0025,0.0046,0.0048,0.0,0.0,0.0,-0.0027,0.0,-0.0011,,
2026-07-20,,,team,Moneyline,,,,,,,,,,,8.5,5.6,Philadelphia Phillies,Los Angeles Dodgers,Philadelphia Phillies,TBD,Cristopher Sánchez,Emmet Sheehan,-134.0,54.5,5.6,True,2026-07-20T09:51:19.655887,0.0,PHI,LAD,PHI,0.0045,0.0902,0.0394,0.0011,0.0,-0.0199,-0.0002,-0.0251,-0.0042,0.0,0.0,0.0013,0.0,-0.0033,,
2026-07-20,,,team,Moneyline,,,,,,,,,,,9.0,3.4,Atlanta Braves,San Diego Padres,Atlanta Braves,TBD,Bryce Elder,JP Sears,-144.0,53.6,3.4,False,2026-07-20T09:51:22.250706,0.0,ATL,SD,ATL,0.0,0.0088,0.0068,0.0022,-0.0036,0.0146,0.0066,0.0243,-0.0125,0.0,0.0,0.0013,0.0,-0.0046,,
2026-07-20,,,team,Moneyline,,,,,,,,,,,10.5,-0.3,Kansas City Royals,San Francisco Giants,San Francisco Giants,TBD,Michael Wacha,Trevor McDonald,-119.0,54.1,-0.3,False,2026-07-20T09:51:32.717793,0.0,KC,SF,SF,-0.0045,0.0027,0.0225,0.0024,-0.0004,-0.0034,-0.0191,-0.0072,0.0,0.0,0.0,-0.0013,0.0,-0.0045,,
2026-07-20,,,team,Moneyline,,,,,,,,,,,7.5,14.4,Milwaukee Brewers,New York Mets,Milwaukee Brewers,TBD,Jacob Misiorowski,Freddy Peralta,-198.0,71.3,14.4,True,2026-07-20T09:51:35.325143,3.62,MIL,NYM,MIL,0.0045,0.1265,0.0547,0.015,0.0206,0.0132,0.0068,0.0282,0.0,0.0,0.0,0.0,0.0,0.0007,,
2026-07-20,,,team,Moneyline,,,,,,,,,,,11.5,7.8,Chicago Cubs,Detroit Tigers,Detroit Tigers,TBD,Jameson Taillon,Jack Flaherty,-124.0,63.2,7.8,True,2026-07-20T09:51:45.673532,4.4,CHC,DET,DET,0.0,-0.1358,-0.0128,0.0024,-0.0129,0.0109,-0.0158,0.0026,0.0,0.0,0.0,-0.008,0.0,0.0033,,
2026-07-20,,,team,Moneyline,,,,,,,,,,,7.5,6.9,Texas Rangers,Chicago White Sox,Texas Rangers,TBD,Jacob deGrom,Erick Fedde,-168.0,60.4,6.9,True,2026-07-20T09:51:56.035077,0.0,TEX,CWS,TEX,-0.0045,0.1001,0.0119,0.009,0.0218,-0.0028,-0.0002,-0.0144,0.0,0.0,0.0,-0.0067,0.0,-0.0047,,
2026-07-20,,,team,Moneyline,,,,,,,,,,,8.5,1.5,Houston Astros,Miami Marlins,Miami Marlins,TBD,Ronel Blanco,Janson Junk,-108.0,53.5,1.5,False,2026-07-20T09:52:06.529172,0.8,HOU,MIA,MIA,-0.0045,0.0,0.0,0.0,0.0,-0.0034,-0.0183,-0.0114,0.0,0.0,0.0,-0.0067,0.0,-0.0013,,
2026-07-20,,,team,Moneyline,,,,,,,,,,,11.5,8.1,Colorado Rockies,Washington Nationals,Washington Nationals,TBD,Kyle Freeland,Andrew Alvarez,-139.0,66.4,8.1,True,2026-07-20T09:52:16.816594,4.91,COL,WSH,WSH,-0.0045,-0.088,-0.059,-0.0031,-0.0065,-0.0048,0.0114,-0.0208,0.0,0.0,0.0,0.0013,0.0,-0.0015,,
2026-07-20,,,team,Moneyline,,,,,,,,,,,9.5,10.7,Arizona Diamondbacks,Athletics,Arizona Diamondbacks,TBD,Mitch Bratt,Jeffrey Springs,-162.0,63.3,10.7,True,2026-07-20T09:52:19.432576,0.98,ARI,OAK,ARI,0.027,0.0924,0.0297,0.0013,0.002,-0.0092,0.0167,0.0163,0.0,0.01,0.0,0.0,0.0,-0.0037,,
2026-07-20,,,team,Moneyline,,,,,,,,,,,7.5,8.4,Seattle Mariners,Cincinnati Reds,Seattle Mariners,TBD,George Kirby,Andrew Abbott,-162.0,61.1,8.4,True,2026-07-20T09:52:22.078506,0.0,SEA,CIN,SEA,-0.0045,0.0836,0.0063,0.0022,0.0037,-0.0073,0.0332,0.0122,0.0,0.0,0.0,0.0067,0.0,0.0027,,
2026-07-20,,,team,Moneyline,,,,,,,,,,,8.5,-0.4,Los Angeles Angels,St. Louis Cardinals,St. Louis Cardinals,TBD,José Soriano,Kyle Leahy,-115.0,53.2,-0.4,False,2026-07-20T09:52:24.735332,0.0,LAA,STL,STL,-0.0045,0.0022,0.0043,0.0026,0.0079,-0.0014,-0.0033,-0.0104,0.0,0.0,0.0,-0.008,0.0,0.0002,,
2026-07-20,,,team,Moneyline,,,,,,,,,,,7.5,7.1,Cleveland Guardians,Minnesota Twins,Minnesota Twins,TBD,Tanner Bibee,Joe Ryan,-141.0,65.7,7.1,True,2026-07-20T11:51:35.733635,4.35,CLE,MIN,MIN,-0.0045,-0.1128,-0.0189,-0.0022,-0.0158,-0.016,0.0161,0.0005,-0.0042,0.0,0.0,0.0053,0.0,-0.0032,,
2026-07-20,,,team,Moneyline,,,,,,,,,,,8.0,1.1,New York Yankees,Pittsburgh Pirates,Pittsburgh Pirates,TBD,Ryan Weathers,Braxton Ashcraft,-117.0,55.1,1.1,False,2026-07-20T11:51:40.244636,0.64,NYY,PIT,PIT,-0.0045,-0.0303,-0.0119,-0.0029,-0.0001,-0.0087,0.0139,0.004,0.0,0.0,0.0,0.0013,0.0,0.0011,,
2026-07-20,,,team,Moneyline,,,,,,,,,,,7.5,7.1,Toronto Blue Jays,Tampa Bay Rays,Toronto Blue Jays,TBD,Dylan Cease,Nick Martinez,-158.0,59.3,7.1,True,2026-07-20T11:51:52.202595,0.0,TOR,TB,TOR,0.0,0.0951,0.0016,-0.0002,0.0371,-0.0123,0.0145,-0.0107,-0.0083,0.0,0.0,-0.008,0.0,0.0036,,
2026-07-20,,,team,Moneyline,,,,,,,,,,,8.5,4.8,Boston Red Sox,Baltimore Orioles,Boston Red Sox,TBD,Payton Tolle,Shane Baz,-142.0,54.7,4.8,True,2026-07-20T11:51:56.365757,0.0,BOS,BAL,BOS,0.0135,0.0198,0.0194,0.007,0.006,-0.0025,0.0046,0.0048,0.0,0.0,0.0,-0.0027,0.0,-0.0011,,
2026-07-20,,,team,Moneyline,,,,,,,,,,,8.5,5.6,Philadelphia Phillies,Los Angeles Dodgers,Philadelphia Phillies,TBD,Cristopher Sánchez,Emmet Sheehan,-134.0,54.5,5.6,True,2026-07-20T11:52:00.393252,0.0,PHI,LAD,PHI,0.0045,0.0902,0.0394,0.0011,0.0,-0.0199,-0.0002,-0.0251,-0.0042,0.0,0.0,0.0013,0.0,-0.0033,,
2026-07-20,,,team,Moneyline,,,,,,,,,,,9.0,3.4,Atlanta Braves,San Diego Padres,Atlanta Braves,TBD,Bryce Elder,JP Sears,-144.0,53.6,3.4,False,2026-07-20T11:52:12.369406,0.0,ATL,SD,ATL,0.0,0.0088,0.0068,0.0022,-0.0036,0.0146,0.0066,0.0243,-0.0125,0.0,0.0,0.0013,0.0,-0.0046,,
2026-07-20,,,team,Moneyline,,,,,,,,,,,10.5,-0.3,Kansas City Royals,San Francisco Giants,San Francisco Giants,TBD,Michael Wacha,Trevor McDonald,-119.0,54.1,-0.3,False,2026-07-20T11:52:16.530058,0.0,KC,SF,SF,-0.0045,0.0027,0.0225,0.0024,-0.0004,-0.0034,-0.0191,-0.0072,0.0,0.0,0.0,-0.0013,0.0,-0.0045,,
2026-07-20,,,team,Moneyline,,,,,,,,,,,7.5,14.4,Milwaukee Brewers,New York Mets,Milwaukee Brewers,TBD,Jacob Misiorowski,Freddy Peralta,-198.0,71.3,14.4,True,2026-07-20T11:52:20.799896,3.62,MIL,NYM,MIL,0.0045,0.1265,0.0547,0.015,0.0206,0.0132,0.0068,0.0282,0.0,0.0,0.0,0.0,0.0,0.0007,,
2026-07-20,,,team,Moneyline,,,,,,,,,,,11.5,7.8,Chicago Cubs,Detroit Tigers,Detroit Tigers,TBD,Jameson Taillon,Jack Flaherty,-124.0,63.2,7.8,True,2026-07-20T11:52:32.867611,4.4,CHC,DET,DET,0.0,-0.1358,-0.0128,0.0024,-0.0129,0.0109,-0.0158,0.0026,0.0,0.0,0.0,-0.008,0.0,0.0033,,
2026-07-20,,,team,Moneyline,,,,,,,,,,,7.5,6.9,Texas Rangers,Chicago White Sox,Texas Rangers,TBD,Jacob deGrom,Erick Fedde,-168.0,60.4,6.9,True,2026-07-20T11:52:44.805293,0.0,TEX,CWS,TEX,-0.0045,0.1001,0.0119,0.009,0.0218,-0.0028,-0.0002,-0.0144,0.0,0.0,0.0,-0.0067,0.0,-0.0047,,
2026-07-20,,,team,Moneyline,,,,,,,,,,,8.5,1.5,Houston Astros,Miami Marlins,Miami Marlins,TBD,Ronel Blanco,Janson Junk,-108.0,53.5,1.5,False,2026-07-20T11:52:49.125009,0.8,HOU,MIA,MIA,-0.0045,0.0,0.0,0.0,0.0,-0.0034,-0.0183,-0.0114,0.0,0.0,0.0,-0.0067,0.0,-0.0013,,
2026-07-20,,,team,Moneyline,,,,,,,,,,,11.5,8.1,Colorado Rockies,Washington Nationals,Washington Nationals,TBD,Kyle Freeland,Andrew Alvarez,-139.0,66.4,8.1,True,2026-07-20T11:53:00.875045,4.91,COL,WSH,WSH,-0.0045,-0.088,-0.059,-0.0031,-0.0065,-0.0048,0.0114,-0.0208,0.0,0.0,0.0,0.0013,0.0,-0.0015,,
2026-07-20,,,team,Moneyline,,,,,,,,,,,9.5,10.7,Arizona Diamondbacks,Athletics,Arizona Diamondbacks,TBD,Mitch Bratt,Jeffrey Springs,-162.0,63.3,10.7,True,2026-07-20T11:53:05.235208,0.98,ARI,OAK,ARI,0.027,0.0924,0.0297,0.0013,0.002,-0.0092,0.0167,0.0163,0.0,0.01,0.0,0.0,0.0,-0.0037,,
2026-07-20,,,team,Moneyline,,,,,,,,,,,7.5,8.4,Seattle Mariners,Cincinnati Reds,Seattle Mariners,TBD,George Kirby,Andrew Abbott,-162.0,61.1,8.4,True,2026-07-20T11:53:09.384539,0.0,SEA,CIN,SEA,-0.0045,0.0836,0.0063,0.0022,0.0037,-0.0073,0.0332,0.0122,0.0,0.0,0.0,0.0067,0.0,0.0027,,
2026-07-20,,,team,Moneyline,,,,,,,,,,,8.5,-0.4,Los Angeles Angels,St. Louis Cardinals,St. Louis Cardinals,TBD,José Soriano,Kyle Leahy,-115.0,53.2,-0.4,False,2026-07-20T11:53:13.555912,0.0,LAA,STL,STL,-0.0045,0.0022,0.0043,0.0026,0.0079,-0.0014,-0.0033,-0.0104,0.0,0.0,0.0,-0.008,0.0,0.0002,,
2026-07-20,,,team,Moneyline,,,,,,,,,,,7.5,7.1,Cleveland Guardians,Minnesota Twins,Minnesota Twins,TBD,Tanner Bibee,Joe Ryan,-141.0,65.7,7.1,True,2026-07-20T13:40:23.889834,4.35,CLE,MIN,MIN,-0.0045,-0.1128,-0.0189,-0.0022,-0.0158,-0.016,0.0161,0.0005,-0.0042,0.0,0.0,0.0053,0.0,-0.0032,,
2026-07-20,,,team,Moneyline,,,,,,,,,,,8.0,1.1,New York Yankees,Pittsburgh Pirates,Pittsburgh Pirates,TBD,Ryan Weathers,Braxton Ashcraft,-115.0,54.7,1.1,False,2026-07-20T13:40:28.556433,0.66,NYY,PIT,PIT,-0.0045,-0.0303,-0.0119,-0.0029,-0.0001,-0.0087,0.0139,0.004,0.0,0.0,0.0,0.0013,0.0,0.0011,,
2026-07-20,,,team,Moneyline,,,,,,,,,,,7.5,7.1,Toronto Blue Jays,Tampa Bay Rays,Toronto Blue Jays,TBD,Dylan Cease,Nick Martinez,-154.0,58.7,7.1,True,2026-07-20T13:40:33.258091,0.0,TOR,TB,TOR,0.0,0.0951,0.0016,-0.0002,0.0371,-0.0123,0.0145,-0.0107,-0.0083,0.0,0.0,-0.008,0.0,0.0036,,
2026-07-20,,,team,Moneyline,,,,,,,,,,,8.5,4.8,Boston Red Sox,Baltimore Orioles,Boston Red Sox,TBD,Payton Tolle,Shane Baz,-142.0,54.7,4.8,True,2026-07-20T13:40:37.795087,0.0,BOS,BAL,BOS,0.0135,0.0198,0.0194,0.007,0.006,-0.0025,0.0046,0.0048,0.0,0.0,0.0,-0.0027,0.0,-0.0011,,
2026-07-20,,,team,Moneyline,,,,,,,,,,,8.5,5.6,Philadelphia Phillies,Los Angeles Dodgers,Philadelphia Phillies,TBD,Cristopher Sánchez,Emmet Sheehan,-134.0,54.5,5.6,True,2026-07-20T13:40:50.046353,0.0,PHI,LAD,PHI,0.0045,0.0902,0.0394,0.0011,0.0,-0.0199,-0.0002,-0.0251,-0.0042,0.0,0.0,0.0013,0.0,-0.0033,,
2026-07-20,,,team,Moneyline,,,,,,,,,,,9.0,3.4,Atlanta Braves,San Diego Padres,Atlanta Braves,TBD,Bryce Elder,JP Sears,-144.0,53.6,3.4,False,2026-07-20T13:41:02.518421,0.0,ATL,SD,ATL,0.0,0.0088,0.0068,0.0022,-0.0036,0.0146,0.0066,0.0243,-0.0125,0.0,0.0,0.0013,0.0,-0.0046,,
2026-07-20,,,team,Moneyline,,,,,,,,,,,10.5,-0.8,Kansas City Royals,San Francisco Giants,San Francisco Giants,TBD,Michael Wacha,Trevor McDonald,-119.0,53.6,-0.8,False,2026-07-20T13:41:07.065641,0.0,KC,SF,SF,-0.0045,0.0027,0.0225,0.0024,-0.0004,-0.0034,-0.0191,-0.0072,0.0,0.01,0.0,-0.0013,0.0,-0.0045,,
2026-07-20,,,team,Moneyline,,,,,,,,,,,7.5,14.3,Milwaukee Brewers,New York Mets,Milwaukee Brewers,TBD,Jacob Misiorowski,Freddy Peralta,-205.0,71.9,14.3,True,2026-07-20T13:41:11.723245,3.58,MIL,NYM,MIL,0.0045,0.1265,0.0547,0.015,0.0206,0.0132,0.0068,0.0282,0.0,0.0,0.0,0.0,0.0,0.0007,,
2026-07-20,,,team,Moneyline,,,,,,,,,,,11.5,7.8,Chicago Cubs,Detroit Tigers,Detroit Tigers,TBD,Jameson Taillon,Jack Flaherty,-124.0,63.2,7.8,True,2026-07-20T13:41:24.026534,4.4,CHC,DET,DET,0.0,-0.1358,-0.0128,0.0024,-0.0129,0.0109,-0.0158,0.0026,0.0,0.0,0.0,-0.008,0.0,0.0033,,
2026-07-20,,,team,Moneyline,,,,,,,,,,,7.5,6.9,Texas Rangers,Chicago White Sox,Texas Rangers,TBD,Jacob deGrom,Erick Fedde,-168.0,60.4,6.9,True,2026-07-20T13:41:36.576168,0.0,TEX,CWS,TEX,-0.0045,0.1001,0.0119,0.009,0.0218,-0.0028,-0.0002,-0.0144,0.0,0.0,0.0,-0.0067,0.0,-0.0047,,
2026-07-20,,,team,Moneyline,,,,,,,,,,,9.0,1.5,Houston Astros,Miami Marlins,Miami Marlins,TBD,Ronel Blanco,Janson Junk,-108.0,53.5,1.5,False,2026-07-20T13:41:41.281298,0.8,HOU,MIA,MIA,-0.0045,0.0,0.0,0.0,0.0,-0.0034,-0.0183,-0.0114,0.0,0.0,0.0,-0.0067,0.0,-0.0013,,
2026-07-20,,,team,Moneyline,,,,,,,,,,,11.5,8.1,Colorado Rockies,Washington Nationals,Washington Nationals,TBD,Kyle Freeland,Andrew Alvarez,-139.0,66.4,8.1,True,2026-07-20T13:41:46.032273,4.91,COL,WSH,WSH,-0.0045,-0.088,-0.059,-0.0031,-0.0065,-0.0048,0.0114,-0.0208,0.0,0.0,0.0,0.0013,0.0,-0.0015,,
2026-07-20,,,team,Moneyline,,,,,,,,,,,9.5,10.2,Arizona Diamondbacks,Athletics,Arizona Diamondbacks,TBD,Mitch Bratt,Jeffrey Springs,-162.0,62.8,10.2,True,2026-07-20T13:41:58.333726,0.65,ARI,OAK,ARI,0.027,0.0924,0.0297,0.0013,0.002,-0.0092,0.0167,0.0163,0.0,0.0,0.0,0.0,0.0,-0.0037,,
2026-07-20,,,team,Moneyline,,,,,,,,,,,7.5,8.4,Seattle Mariners,Cincinnati Reds,Seattle Mariners,TBD,George Kirby,Andrew Abbott,-164.0,61.3,8.4,True,2026-07-20T13:42:10.646244,0.0,SEA,CIN,SEA,-0.0045,0.0836,0.0063,0.0022,0.0037,-0.0073,0.0332,0.0122,0.0,0.0,0.0,0.0067,0.0,0.0027,,
2026-07-20,,,team,Moneyline,,,,,,,,,,,9.0,-0.4,Los Angeles Angels,St. Louis Cardinals,St. Louis Cardinals,TBD,José Soriano,Kyle Leahy,-115.0,53.2,-0.4,False,2026-07-20T13:42:15.350786,0.0,LAA,STL,STL,-0.0045,0.0022,0.0043,0.0026,0.0079,-0.0014,-0.0033,-0.0104,0.0,0.0,0.0,-0.008,0.0,0.0002,,
2026-07-20,,,team,Moneyline,,,,,,,,,,,7.5,6.3,Cleveland Guardians,Minnesota Twins,Minnesota Twins,TBD,Tanner Bibee,Joe Ryan,-148.0,66.1,6.3,True,2026-07-20T17:22:18.730923,3.98,CLE,MIN,MIN,-0.0045,-0.1128,-0.0189,-0.0022,-0.0158,-0.016,0.0161,0.0005,-0.0042,0.01,0.0,0.0107,0.0,-0.0032,,
2026-07-20,,,team,Moneyline,,,,,,,,,,,7.5,0.5,New York Yankees,Pittsburgh Pirates,Pittsburgh Pirates,TBD,Ryan Weathers,Braxton Ashcraft,-115.0,54.2,0.5,False,2026-07-20T17:22:22.650770,0.36,NYY,PIT,PIT,-0.0045,-0.0303,-0.0119,-0.0029,-0.0001,-0.0087,0.0139,0.004,0.0,0.01,0.0,0.0013,0.0,0.0011,,
2026-07-20,,,team,Moneyline,,,,,,,,,,,7.5,7.1,Toronto Blue Jays,Tampa Bay Rays,Toronto Blue Jays,TBD,Dylan Cease,Nick Martinez,-164.0,60.0,7.1,True,2026-07-20T17:22:26.735967,0.0,TOR,TB,TOR,0.0,0.0951,0.0016,-0.0002,0.0371,-0.0123,0.0145,-0.0106,-0.0083,0.0,0.0,-0.008,0.0,0.0036,,
2026-07-20,,,team,Moneyline,,,,,,,,,,,8.5,4.8,Boston Red Sox,Baltimore Orioles,Boston Red Sox,TBD,Payton Tolle,Shane Baz,-152.0,56.1,4.8,True,2026-07-20T17:22:38.220695,0.0,BOS,BAL,BOS,0.0135,0.0198,0.0194,0.007,0.006,-0.0025,0.0046,0.0048,0.0,0.0,0.0,-0.0027,0.0,-0.0011,,
2026-07-20,,,team,Moneyline,,,,,,,,,,,8.5,5.6,Philadelphia Phillies,Los Angeles Dodgers,Philadelphia Phillies,TBD,Cristopher Sánchez,Emmet Sheehan,-142.0,55.5,5.6,True,2026-07-20T17:22:49.965109,0.0,PHI,LAD,PHI,0.0045,0.0902,0.0394,0.0011,0.0,-0.0199,-0.0002,-0.0251,-0.0042,0.0,0.0,0.0013,0.0,-0.0033,,
2026-07-20,,,team,Moneyline,,,,,,,,,,,9.0,3.4,Atlanta Braves,San Diego Padres,Atlanta Braves,TBD,Bryce Elder,JP Sears,-134.0,52.1,3.4,False,2026-07-20T17:23:02.001624,0.0,ATL,SD,ATL,0.0,0.0088,0.0068,0.0022,-0.0036,0.0146,0.0066,0.0243,-0.0125,0.0,0.0,0.0013,0.0,-0.0046,,
2026-07-20,,,team,Moneyline,,,,,,,,,,,10.5,-0.8,Kansas City Royals,San Francisco Giants,San Francisco Giants,TBD,Michael Wacha,Trevor McDonald,-119.0,53.6,-0.8,False,2026-07-20T17:23:05.892194,0.0,KC,SF,SF,-0.0045,0.0027,0.0225,0.0024,-0.0004,-0.0034,-0.0191,-0.0072,0.0,0.01,0.0,-0.0013,0.0,-0.0045,,
2026-07-20,,,team,Moneyline,,,,,,,,,,,7.5,14.8,Milwaukee Brewers,New York Mets,Milwaukee Brewers,TBD,Jacob Misiorowski,Freddy Peralta,-205.0,72.4,14.8,True,2026-07-20T17:23:09.983103,3.92,MIL,NYM,MIL,0.0045,0.1265,0.0547,0.015,0.0206,0.0132,0.0068,0.0282,0.0,0.01,0.0,0.0,0.0,0.0007,,
2026-07-20,,,team,Moneyline,,,,,,,,,,,11.5,7.4,Chicago Cubs,Detroit Tigers,Detroit Tigers,TBD,Jameson Taillon,Jack Flaherty,-117.0,61.4,7.4,True,2026-07-20T17:23:13.813699,4.07,CHC,DET,DET,0.0,-0.1358,-0.0128,0.0024,-0.0129,0.0109,-0.0158,0.0026,0.0,0.01,0.0,-0.008,0.0,0.0033,,
2026-07-20,,,team,Moneyline,,,,,,,,,,,7.5,6.9,Texas Rangers,Chicago White Sox,Texas Rangers,TBD,Jacob deGrom,Erick Fedde,-168.0,60.4,6.9,True,2026-07-20T17:23:25.367766,0.0,TEX,CWS,TEX,-0.0045,0.1001,0.0119,0.009,0.0218,-0.0028,-0.0002,-0.0144,0.0,0.0,0.0,-0.0067,0.0,-0.0047,,
2026-07-20,,,team,Moneyline,,,,,,,,,,,9.0,1.5,Houston Astros,Miami Marlins,Miami Marlins,TBD,Ronel Blanco,Janson Junk,-112.0,54.4,1.5,False,2026-07-20T17:23:37.088061,0.81,HOU,MIA,MIA,-0.0045,0.0,0.0,0.0,0.0,-0.0034,-0.0183,-0.0114,0.0,0.0,0.0,-0.0067,0.0,-0.0013,,
2026-07-20,,,team,Moneyline,,,,,,,,,,,11.5,8.1,Colorado Rockies,Washington Nationals,Washington Nationals,TBD,Kyle Freeland,Andrew Alvarez,-139.0,66.4,8.1,True,2026-07-20T17:23:48.685793,4.91,COL,WSH,WSH,-0.0045,-0.088,-0.059,-0.0031,-0.0065,-0.0048,0.0114,-0.0208,0.0,0.0,0.0,0.0013,0.0,-0.0015,,
2026-07-20,,,team,Moneyline,,,,,,,,,,,9.5,10.8,Arizona Diamondbacks,Athletics,Arizona Diamondbacks,TBD,Mitch Bratt,Jeffrey Springs,-148.0,61.7,10.8,True,2026-07-20T17:23:52.611150,1.25,ARI,OAK,ARI,0.027,0.0924,0.0297,0.0013,0.002,-0.0092,0.0167,0.0163,0.0,0.01,0.0,0.0,0.0,-0.0037,,
2026-07-20,,,team,Moneyline,,,,,,,,,,,7.5,8.5,Seattle Mariners,Cincinnati Reds,Seattle Mariners,TBD,George Kirby,Andrew Abbott,-146.0,59.1,8.5,True,2026-07-20T17:23:56.457815,0.0,SEA,CIN,SEA,-0.0045,0.0836,0.0063,0.0022,0.0037,-0.0073,0.0332,0.0122,0.0,0.0,0.0,0.0067,0.0,0.0027,,
2026-07-20,,,team,Moneyline,,,,,,,,,,,9.0,-0.4,Los Angeles Angels,St. Louis Cardinals,St. Louis Cardinals,TBD,José Soriano,Kyle Leahy,-119.0,54.0,-0.4,False,2026-07-20T17:24:00.229917,0.0,LAA,STL,STL,-0.0045,0.0022,0.0043,0.0026,0.0079,-0.0014,-0.0033,-0.0104,0.0,0.0,0.0,-0.008,0.0,0.0002,,
2026-07-20,,,team,Moneyline,,,,,,,,,,,7.5,6.6,Cleveland Guardians,Minnesota Twins,Minnesota Twins,TBD,Tanner Bibee,Joe Ryan,-148.0,66.4,6.6,True,2026-07-20T18:52:38.958007,4.18,CLE,MIN,MIN,-0.0045,-0.1128,-0.0189,-0.0022,-0.0158,-0.016,0.0161,0.0005,-0.0042,0.01,0.0,0.004,0.0,-0.0032,,
2026-07-20,,,team,Moneyline,,,,,,,,,,,7.5,0.5,New York Yankees,Pittsburgh Pirates,Pittsburgh Pirates,TBD,Ryan Weathers,Braxton Ashcraft,-117.0,54.6,0.5,False,2026-07-20T18:52:41.576774,0.35,NYY,PIT,PIT,-0.0045,-0.0303,-0.0119,-0.0029,-0.0001,-0.0087,0.0139,0.004,0.0,0.01,0.0,0.0013,0.0,0.0011,,
2026-07-20,,,team,Moneyline,,,,,,,,,,,7.5,7.1,Toronto Blue Jays,Tampa Bay Rays,Toronto Blue Jays,TBD,Dylan Cease,Nick Martinez,-164.0,60.0,7.1,True,2026-07-20T18:52:44.325659,0.0,TOR,TB,TOR,0.0,0.0951,0.0016,-0.0002,0.0371,-0.0123,0.0145,-0.0106,-0.0083,0.0,0.0,-0.008,0.0,0.0036,,
2026-07-20,,,team,Moneyline,,,,,,,,,,,8.5,5.3,Boston Red Sox,Baltimore Orioles,Boston Red Sox,TBD,Payton Tolle,Shane Baz,-152.0,56.6,5.3,True,2026-07-20T18:52:46.922710,0.0,BOS,BAL,BOS,0.0135,0.0198,0.0194,0.007,0.006,-0.0025,0.0046,0.0048,0.0,0.01,0.0,-0.0027,0.0,-0.0011,,
2026-07-20,,,team,Moneyline,,,,,,,,,,,8.5,5.6,Philadelphia Phillies,Los Angeles Dodgers,Philadelphia Phillies,TBD,Cristopher Sánchez,Emmet Sheehan,-142.0,55.5,5.6,True,2026-07-20T18:52:57.326116,0.0,PHI,LAD,PHI,0.0045,0.0902,0.0394,0.0011,0.0,-0.0199,-0.0002,-0.0251,-0.0042,0.0,0.0,0.0013,0.0,-0.0033,,
2026-07-20,,,team,Moneyline,,,,,,,,,,,9.0,3.4,Atlanta Braves,San Diego Padres,Atlanta Braves,TBD,Bryce Elder,JP Sears,-134.0,52.1,3.4,False,2026-07-20T18:53:07.859189,0.0,ATL,SD,ATL,0.0,0.0088,0.0068,0.0022,-0.0036,0.0146,0.0066,0.0243,-0.0125,0.0,0.0,0.0013,0.0,-0.0046,,
2026-07-20,,,team,Moneyline,,,,,,,,,,,10.5,-0.8,Kansas City Royals,San Francisco Giants,San Francisco Giants,TBD,Michael Wacha,Trevor McDonald,-119.0,53.6,-0.8,False,2026-07-20T18:53:10.519149,0.0,KC,SF,SF,-0.0045,0.0027,0.0225,0.0024,-0.0004,-0.0034,-0.0191,-0.0072,0.0,0.01,0.0,-0.0013,0.0,-0.0045,,
2026-07-20,,,team,Moneyline,,,,,,,,,,,7.5,14.8,Milwaukee Brewers,New York Mets,Milwaukee Brewers,TBD,Jacob Misiorowski,Freddy Peralta,-205.0,72.4,14.8,True,2026-07-20T18:53:13.323849,3.92,MIL,NYM,MIL,0.0045,0.1265,0.0547,0.015,0.0206,0.0132,0.0068,0.0282,0.0,0.01,0.0,0.0,0.0,0.0007,,
2026-07-20,,,team,Moneyline,,,,,,,,,,,11.5,7.9,Chicago Cubs,Detroit Tigers,Detroit Tigers,TBD,Jameson Taillon,Jack Flaherty,-117.0,61.9,7.9,True,2026-07-20T18:53:16.002491,4.35,CHC,DET,DET,0.0,-0.1358,-0.0128,0.0024,-0.0129,0.0109,-0.0158,0.0026,0.0,0.0,0.0,-0.008,0.0,0.0033,,
2026-07-20,,,team,Moneyline,,,,,,,,,,,7.5,7.4,Texas Rangers,Chicago White Sox,Texas Rangers,TBD,Jacob deGrom,Erick Fedde,-168.0,60.9,7.4,True,2026-07-20T18:53:18.817380,0.0,TEX,CWS,TEX,-0.0045,0.1001,0.0119,0.009,0.0218,-0.0028,-0.0002,-0.0144,0.0,0.01,0.0,-0.0067,0.0,-0.0047,,
2026-07-20,,,team,Moneyline,,,,,,,,,,,9.0,1.0,Houston Astros,Miami Marlins,Miami Marlins,TBD,Ronel Blanco,Janson Junk,-112.0,53.8,1.0,False,2026-07-20T18:53:21.578907,0.52,HOU,MIA,MIA,-0.0045,0.0,0.0,0.0,0.0,-0.0034,-0.0183,-0.0114,0.0,0.01,0.0,-0.0067,0.0,-0.0013,,
2026-07-20,,,team,Moneyline,,,,,,,,,,,11.5,7.6,Colorado Rockies,Washington Nationals,Washington Nationals,TBD,Kyle Freeland,Andrew Alvarez,-139.0,65.9,7.6,True,2026-07-20T18:53:24.133221,4.61,COL,WSH,WSH,-0.0045,-0.088,-0.059,-0.0031,-0.0065,-0.0048,0.0114,-0.0208,0.0,0.01,0.0,0.0013,0.0,-0.0015,,
2026-07-20,,,team,Moneyline,,,,,,,,,,,9.5,10.8,Arizona Diamondbacks,Athletics,Arizona Diamondbacks,TBD,Mitch Bratt,Jeffrey Springs,-148.0,61.7,10.8,True,2026-07-20T18:53:26.968722,1.25,ARI,OAK,ARI,0.027,0.0924,0.0297,0.0013,0.002,-0.0092,0.0167,0.0163,0.0,0.01,0.0,0.0,0.0,-0.0037,,
2026-07-20,,,team,Moneyline,,,,,,,,,,,7.5,8.5,Seattle Mariners,Cincinnati Reds,Seattle Mariners,TBD,George Kirby,Andrew Abbott,-146.0,59.1,8.5,True,2026-07-20T18:53:29.606803,0.0,SEA,CIN,SEA,-0.0045,0.0836,0.0063,0.0022,0.0037,-0.0073,0.0332,0.0122,0.0,0.0,0.0,0.0067,0.0,0.0027,,
2026-07-20,,,team,Moneyline,,,,,,,,,,,9.0,-1.0,Los Angeles Angels,St. Louis Cardinals,St. Louis Cardinals,TBD,José Soriano,Kyle Leahy,-119.0,53.4,-1.0,False,2026-07-20T18:53:32.294805,0.0,LAA,STL,STL,-0.0045,0.0022,0.0043,0.0026,0.0079,-0.0014,-0.0033,-0.0104,0.0,0.01,0.0,-0.008,0.0,0.0002,,
2026-07-20,,,team,Moneyline,,,,,,,,,,,7.5,7.1,Cleveland Guardians,Minnesota Twins,Minnesota Twins,TBD,Tanner Bibee,Joe Ryan,-148.0,66.9,7.1,True,2026-07-20T20:05:52.414894,4.49,CLE,MIN,MIN,-0.0045,-0.1128,-0.0189,-0.0022,-0.0158,-0.016,0.0161,0.0005,-0.0042,0.0,0.0,0.004,0.0,-0.0032,,
2026-07-20,,,team,Moneyline,,,,,,,,,,,7.5,0.6,New York Yankees,Pittsburgh Pirates,Pittsburgh Pirates,TBD,Ryan Weathers,Braxton Ashcraft,-117.0,54.6,0.6,False,2026-07-20T20:05:55.101570,0.38,NYY,PIT,PIT,-0.0045,-0.0303,-0.0119,-0.0029,-0.0001,-0.0087,0.0139,0.004,0.0,0.01,0.0,0.0,0.0,0.0011,,
2026-07-20,,,team,Moneyline,,,,,,,,,,,7.5,7.0,Toronto Blue Jays,Tampa Bay Rays,Toronto Blue Jays,TBD,Dylan Cease,Nick Martinez,-164.0,59.9,7.0,True,2026-07-20T20:05:57.804732,0.0,TOR,TB,TOR,0.0,0.0951,0.0016,-0.0002,0.0371,-0.0123,0.0145,-0.0106,-0.0083,0.0,0.0,-0.0093,0.0,0.0036,,
2026-07-20,,,team,Moneyline,,,,,,,,,,,8.5,4.5,Boston Red Sox,Baltimore Orioles,Boston Red Sox,TBD,Payton Tolle,Shane Baz,-154.0,56.2,4.5,True,2026-07-20T20:06:08.102084,0.0,BOS,BAL,BOS,0.0135,0.0198,0.0194,0.007,0.006,-0.0025,0.0046,0.0048,0.0,0.0,0.0,-0.0067,0.0,-0.0011,,
2026-07-20,,,team,Moneyline,,,,,,,,,,,8.5,6.1,Philadelphia Phillies,Los Angeles Dodgers,Philadelphia Phillies,TBD,Cristopher Sánchez,Emmet Sheehan,-142.0,56.0,6.1,True,2026-07-20T20:06:10.757018,0.0,PHI,LAD,PHI,0.0045,0.0902,0.0394,0.0011,0.0,-0.0199,-0.0002,-0.0251,-0.0042,0.01,0.0,0.0013,0.0,-0.0033,,
2026-07-20,,,team,Moneyline,,,,,,,,,,,9.0,4.0,Atlanta Braves,San Diego Padres,Atlanta Braves,TBD,Bryce Elder,JP Sears,-134.0,52.7,4.0,False,2026-07-20T20:06:13.420481,0.0,ATL,SD,ATL,0.0,0.0088,0.0068,0.0022,-0.0036,0.0146,0.0066,0.0243,-0.0125,0.01,0.0,0.0013,0.0,-0.0046,,
2026-07-20,,,team,Moneyline,,,,,,,,,,,10.5,-1.0,Kansas City Royals,San Francisco Giants,San Francisco Giants,TBD,Michael Wacha,Trevor McDonald,-115.0,52.6,-1.0,False,2026-07-20T20:06:16.075102,0.0,KC,SF,SF,-0.0045,0.0027,0.0225,0.0024,-0.0004,-0.0034,-0.0191,-0.0072,0.0,0.01,0.0,0.0013,0.0,-0.0045,,
2026-07-20,,,team,Moneyline,,,,,,,,,,,7.5,14.6,Milwaukee Brewers,New York Mets,Milwaukee Brewers,TBD,Jacob Misiorowski,Freddy Peralta,-210.0,72.7,14.6,True,2026-07-20T20:06:18.860766,3.84,MIL,NYM,MIL,0.0045,0.1265,0.0547,0.015,0.0206,0.0132,0.0068,0.0282,0.0,0.01,0.0,-0.0013,0.0,0.0007,,
2026-07-20,,,team,Moneyline,,,,,,,,,,,11.5,7.9,Chicago Cubs,Detroit Tigers,Detroit Tigers,TBD,Jameson Taillon,Jack Flaherty,-117.0,61.9,7.9,True,2026-07-20T20:06:29.187605,4.35,CHC,DET,DET,0.0,-0.1358,-0.0128,0.0024,-0.0129,0.0109,-0.0158,0.0026,0.0,0.0,0.0,-0.008,0.0,0.0033,,
2026-07-20,,,team,Moneyline,,,,,,,,,,,7.5,6.9,Texas Rangers,Chicago White Sox,Texas Rangers,TBD,Jacob deGrom,Erick Fedde,-168.0,60.4,6.9,True,2026-07-20T20:06:39.508446,0.0,TEX,CWS,TEX,-0.0045,0.1001,0.0119,0.009,0.0218,-0.0028,-0.0002,-0.0144,0.0,0.0,0.0,-0.0067,0.0,-0.0047,,
2026-07-20,,,team,Moneyline,,,,,,,,,,,9.0,1.5,Houston Astros,Miami Marlins,Miami Marlins,TBD,Ronel Blanco,Janson Junk,-112.0,54.4,1.5,False,2026-07-20T20:06:50.003704,0.81,HOU,MIA,MIA,-0.0045,0.0,0.0,0.0,0.0,-0.0034,-0.0183,-0.0114,0.0,0.0,0.0,-0.0067,0.0,-0.0013,,
2026-07-20,,,team,Moneyline,,,,,,,,,,,11.5,8.1,Colorado Rockies,Washington Nationals,Washington Nationals,TBD,Kyle Freeland,Andrew Alvarez,-141.0,66.7,8.1,True,2026-07-20T20:07:00.490899,4.94,COL,WSH,WSH,-0.0045,-0.088,-0.059,-0.0031,-0.0065,-0.0048,0.0114,-0.0208,0.0,0.0,0.0,0.0013,0.0,-0.0015,,
2026-07-20,,,team,Moneyline,,,,,,,,,,,9.5,10.3,Arizona Diamondbacks,Athletics,Arizona Diamondbacks,TBD,Mitch Bratt,Jeffrey Springs,-148.0,61.2,10.3,True,2026-07-20T20:07:11.191034,0.92,ARI,OAK,ARI,0.027,0.0924,0.0297,0.0013,0.002,-0.0092,0.0167,0.0163,0.0,0.0,0.0,0.0,0.0,-0.0037,,
2026-07-20,,,team,Moneyline,,,,,,,,,,,7.5,8.5,Seattle Mariners,Cincinnati Reds,Seattle Mariners,TBD,George Kirby,Andrew Abbott,-146.0,59.1,8.5,True,2026-07-20T20:07:13.789464,0.0,SEA,CIN,SEA,-0.0045,0.0836,0.0063,0.0022,0.0037,-0.0073,0.0332,0.0122,0.0,0.0,0.0,0.0067,0.0,0.0027,,
2026-07-20,,,team,Moneyline,,,,,,,,,,,9.0,-1.0,Los Angeles Angels,St. Louis Cardinals,St. Louis Cardinals,TBD,José Soriano,Kyle Leahy,-122.0,54.0,-1.0,False,2026-07-20T20:07:16.526177,0.0,LAA,STL,STL,-0.0045,0.0022,0.0043,0.0026,0.0079,-0.0014,-0.0033,-0.0104,0.0,0.01,0.0,-0.008,0.0,0.0002,,
2026-07-20,,,team,Moneyline,,,,,,,,,,,7.5,7.1,Cleveland Guardians,Minnesota Twins,Minnesota Twins,TBD,Tanner Bibee,Joe Ryan,-148.0,66.9,7.1,True,2026-07-20T21:59:05.320500,4.49,CLE,MIN,MIN,-0.0045,-0.1128,-0.0189,-0.0022,-0.0158,-0.016,0.0161,0.0005,-0.0042,0.0,0.0,0.004,0.0,-0.0032,,
2026-07-20,,,team,Moneyline,,,,,,,,,,,7.5,1.2,New York Yankees,Pittsburgh Pirates,Pittsburgh Pirates,TBD,Ryan Weathers,Braxton Ashcraft,-122.0,56.1,1.2,False,2026-07-20T21:59:10.431186,0.65,NYY,PIT,PIT,-0.0045,-0.0303,-0.0119,-0.0029,-0.0001,-0.0087,0.0139,0.004,0.0,0.0,0.0,0.0,0.0,0.0011,,
2026-07-20,,,team,Moneyline,,,,,,,,,,,7.5,7.1,Toronto Blue Jays,Tampa Bay Rays,Toronto Blue Jays,TBD,Dylan Cease,Nick Martinez,-164.0,60.0,7.1,True,2026-07-20T21:59:15.439778,0.0,TOR,TB,TOR,0.0,0.0951,0.0016,-0.0002,0.0371,-0.0123,0.0145,-0.0106,-0.0083,0.0,0.0,-0.0067,0.0,0.0036,,
2026-07-20,,,team,Moneyline,,,,,,,,,,,8.5,4.5,Boston Red Sox,Baltimore Orioles,Boston Red Sox,TBD,Payton Tolle,Shane Baz,-154.0,56.2,4.5,True,2026-07-20T21:59:27.901791,0.0,BOS,BAL,BOS,0.0135,0.0198,0.0194,0.007,0.006,-0.0025,0.0046,0.0048,0.0,0.0,0.0,-0.0067,0.0,-0.0011,,
2026-07-20,,,team,Moneyline,,,,,,,,,,,8.5,6.1,Philadelphia Phillies,Los Angeles Dodgers,Philadelphia Phillies,TBD,Cristopher Sánchez,Emmet Sheehan,-142.0,56.0,6.1,True,2026-07-20T21:59:32.940044,0.0,PHI,LAD,PHI,0.0045,0.0902,0.0394,0.0011,0.0,-0.0199,-0.0002,-0.0251,-0.0042,0.01,0.0,0.0013,0.0,-0.0033,,
2026-07-20,,,team,Moneyline,,,,,,,,,,,9.0,4.0,Atlanta Braves,San Diego Padres,Atlanta Braves,TBD,Bryce Elder,JP Sears,-130.0,52.0,4.0,False,2026-07-20T21:59:37.837829,0.0,ATL,SD,ATL,0.0,0.0088,0.0068,0.0022,-0.0036,0.0146,0.0066,0.0243,-0.0125,0.01,0.0,0.0013,0.0,-0.0046,,
2026-07-20,,,team,Moneyline,,,,,,,,,,,10.5,-0.4,Kansas City Royals,San Francisco Giants,San Francisco Giants,TBD,Michael Wacha,Trevor McDonald,-115.0,53.2,-0.4,False,2026-07-20T21:59:50.463677,0.0,KC,SF,SF,-0.0045,0.0027,0.0225,0.0024,-0.0004,-0.0034,-0.0191,-0.0072,0.0,0.0,0.0,0.0013,0.0,-0.0045,,
2026-07-20,,,team,Moneyline,,,,,,,,,,,7.5,14.5,Milwaukee Brewers,New York Mets,Milwaukee Brewers,TBD,Jacob Misiorowski,Freddy Peralta,-210.0,72.6,14.5,True,2026-07-20T21:59:55.482241,3.79,MIL,NYM,MIL,0.0045,0.1265,0.0547,0.015,0.0206,0.0132,0.0068,0.0282,0.0,0.01,0.0,-0.0027,0.0,0.0007,,
2026-07-20,,,team,Moneyline,,,,,,,,,,,11.5,7.9,Chicago Cubs,Detroit Tigers,Detroit Tigers,TBD,Jameson Taillon,Jack Flaherty,-119.0,62.3,7.9,True,2026-07-20T22:00:10.608215,4.36,CHC,DET,DET,0.0,-0.1358,-0.0128,0.0024,-0.0129,0.0109,-0.0158,0.0026,0.0,0.0,0.0,-0.008,0.0,0.0033,,
2026-07-20,,,team,Moneyline,,,,,,,,,,,7.5,6.9,Texas Rangers,Chicago White Sox,Texas Rangers,TBD,Jacob deGrom,Erick Fedde,-168.0,60.4,6.9,True,2026-07-20T22:00:23.051231,0.0,TEX,CWS,TEX,-0.0045,0.1001,0.0119,0.009,0.0218,-0.0028,-0.0002,-0.0144,0.0,0.0,0.0,-0.0067,0.0,-0.0047,,
2026-07-20,,,team,Moneyline,,,,,,,,,,,8.5,1.5,Houston Astros,Miami Marlins,Miami Marlins,TBD,Ronel Blanco,Janson Junk,-110.0,54.0,1.5,False,2026-07-20T22:00:35.461390,0.84,HOU,MIA,MIA,-0.0045,0.0,0.0,0.0,0.0,-0.0034,-0.0183,-0.0114,0.0,0.0,0.0,-0.0067,0.0,-0.0013,,
2026-07-20,,,team,Moneyline,,,,,,,,,,,11.5,7.6,Colorado Rockies,Washington Nationals,Washington Nationals,TBD,Kyle Freeland,Andrew Alvarez,-143.0,66.6,7.6,True,2026-07-20T22:00:40.627303,4.68,COL,WSH,WSH,-0.0045,-0.088,-0.059,-0.0031,-0.0065,-0.0048,0.0114,-0.0208,0.0,0.01,0.0,0.0013,0.0,-0.0015,,
2026-07-20,,,team,Moneyline,,,,,,,,,,,9.5,10.9,Arizona Diamondbacks,Athletics,Arizona Diamondbacks,TBD,Mitch Bratt,Jeffrey Springs,-142.0,60.8,10.9,True,2026-07-20T22:00:45.708524,1.26,ARI,OAK,ARI,0.027,0.0924,0.0297,0.0013,0.002,-0.0092,0.0167,0.0163,0.0,0.01,0.0,0.0,0.0,-0.0037,,
2026-07-20,,,team,Moneyline,,,,,,,,,,,7.5,8.5,Seattle Mariners,Cincinnati Reds,Seattle Mariners,TBD,George Kirby,Andrew Abbott,-146.0,59.1,8.5,True,2026-07-20T22:00:50.467776,0.0,SEA,CIN,SEA,-0.0045,0.0836,0.0063,0.0022,0.0037,-0.0073,0.0332,0.0122,0.0,0.0,0.0,0.0067,0.0,0.0027,,
2026-07-20,,,team,Moneyline,,,,,,,,,,,9.0,-1.0,Los Angeles Angels,St. Louis Cardinals,St. Louis Cardinals,TBD,José Soriano,Kyle Leahy,-122.0,54.0,-1.0,False,2026-07-20T22:00:55.091245,0.0,LAA,STL,STL,-0.0045,0.0022,0.0043,0.0026,0.0079,-0.0014,-0.0033,-0.0104,0.0,0.01,0.0,-0.008,0.0,0.0002,,
2026-07-21,,,team,Moneyline,,,,,,,,,,,8.0,4.8,Cleveland Guardians,Minnesota Twins,Cleveland Guardians,TBD,Parker Messick,Kendry Rojas,-148.0,55.7,4.8,True,2026-07-21T11:13:07.086034,0.0,CLE,MIN,CLE,0.0045,0.0457,0.0191,0.0075,-0.0013,-0.0129,0.0165,0.0035,-0.0018,0.0,0.0,-0.0147,0.0,0.0031,,
2026-07-21,,,team,Moneyline,,,,,,,,,,,8.5,2.0,Philadelphia Phillies,Los Angeles Dodgers,Philadelphia Phillies,TBD,Zack Wheeler,Justin Wrobleski,-134.0,50.8,2.0,False,2026-07-21T11:13:09.925561,0.0,PHI,LAD,PHI,0.009,0.0231,0.0101,0.0029,0.0175,-0.0185,0.0004,-0.0238,0.0,0.0,0.0,-0.0013,0.0,-0.0009,,
2026-07-21,,,team,Moneyline,,,,,,,,,,,9.0,4.5,New York Yankees,Pittsburgh Pirates,New York Yankees,TBD,Will Warren,Bubba Chandler,-148.0,55.4,4.5,True,2026-07-21T11:13:12.582876,0.0,NYY,PIT,NYY,0.0,0.027,0.0133,0.002,0.0031,-0.0081,0.0134,0.0048,0.0125,0.0,0.0,0.0067,0.0,-0.01,,
2026-07-21,,,team,Moneyline,,,,,,,,,,,7.5,2.7,Toronto Blue Jays,Tampa Bay Rays,Tampa Bay Rays,TBD,Kevin Gausman,Drew Rasmussen,-130.0,59.3,2.7,False,2026-07-21T11:13:22.839593,1.58,TOR,TB,TB,0.0,-0.016,-0.0193,-0.0059,0.0018,-0.014,0.0136,-0.012,-0.0089,0.0,0.0,-0.008,0.0,-0.0003,,
2026-07-21,,,team,Moneyline,,,,,,,,,,,8.5,7.0,Boston Red Sox,Baltimore Orioles,Boston Red Sox,TBD,Ranger Suarez,Kyle Bradish,-136.0,56.0,7.0,True,2026-07-21T11:13:33.252373,0.0,BOS,BAL,BOS,0.0135,0.077,0.0083,0.0042,0.003,-0.0028,0.0057,0.0048,0.0018,0.0,0.0,-0.004,0.0,-0.0025,,
2026-07-21,,,team,Moneyline,,,,,,,,,,,9.0,5.9,Atlanta Braves,San Diego Padres,Atlanta Braves,TBD,Reynaldo López,Walker Buehler,-144.0,56.1,5.9,True,2026-07-21T11:13:35.917595,0.0,ATL,SD,ATL,0.0045,0.0022,0.0335,0.004,-0.0014,0.0143,0.007,0.0243,-0.0063,0.0,0.0,0.0067,0.0,0.0009,,
2026-07-21,,,team,Moneyline,,,,,,,,,,,9.5,0.5,Kansas City Royals,San Francisco Giants,San Francisco Giants,TBD,Luinder Avila,Tyler Mahle,-128.0,56.6,0.5,False,2026-07-21T11:13:38.535379,0.27,KC,SF,SF,0.0,-0.0049,0.005,-0.0031,-0.002,-0.0031,-0.0198,-0.0067,0.0125,0.0,0.0,-0.0013,0.0,-0.0031,,
2026-07-21,,,team,Moneyline,,,,,,,,,,,9.0,0.2,Milwaukee Brewers,New York Mets,New York Mets,TBD,Brandon Sproat,Zac Thornton,-100.0,50.3,0.2,False,2026-07-21T11:13:41.287277,0.17,MIL,NYM,NYM,0.009,-0.0732,-0.0248,-0.0035,0.0053,0.0148,0.0081,0.0296,0.0125,0.0,0.0,0.0027,0.0,-0.0028,,
2026-07-21,,,team,Moneyline,,,,,,,,,,,8.5,3.0,Chicago Cubs,Detroit Tigers,Detroit Tigers,TBD,David Peterson,Framber Valdez,-117.0,57.0,3.0,False,2026-07-21T11:13:51.582316,1.66,CHC,DET,DET,-0.0045,-0.0099,-0.0423,-0.007,0.0017,0.0104,-0.0156,0.0019,-0.0125,0.0,0.0,0.0013,0.0,0.0038,,
2026-07-21,,,team,Moneyline,,,,,,,,,,,8.5,-2.4,Texas Rangers,Chicago White Sox,Chicago White Sox,TBD,Kumar Rocker,Noah Schultz,-110.0,50.1,-2.4,False,2026-07-21T11:14:01.985643,0.0,TEX,CWS,CWS,-0.0045,0.0462,0.0187,-0.0002,-0.0002,-0.0036,-0.0002,-0.0165,-0.0125,0.0,0.0,0.0027,0.0,-0.0039,,
2026-07-21,,,team,Moneyline,,,,,,,,,,,9.0,3.3,Houston Astros,Miami Marlins,Miami Marlins,TBD,Tatsuya Imai,Tyler Phillips,-112.0,56.2,3.3,False,2026-07-21T11:14:12.826552,1.79,HOU,MIA,MIA,0.0,-0.0253,-0.0421,-0.002,0.0174,-0.0028,-0.0169,-0.0102,0.0125,0.0,0.0,-0.0067,0.0,-0.0033,,
2026-07-21,,,team,Moneyline,,,,,,,,,,,13.0,0.0,Colorado Rockies,Washington Nationals,Washington Nationals,TBD,Michael Lorenzen,Miles Mikolas,-130.0,56.6,0.0,False,2026-07-21T11:14:16.057961,0.04,COL,WSH,WSH,-0.009,0.0352,-0.0124,-0.0097,0.009,-0.0062,0.0112,-0.0219,-0.0125,0.0,0.0,0.0,0.0,-0.0026,,
2026-07-21,,,team,Moneyline,,,,,,,,,,,9.0,6.8,Los Angeles Angels,St. Louis Cardinals,Los Angeles Angels,TBD,Walbert Ureña,Matthew Liberatore,-106.0,50.6,6.8,True,2026-07-21T11:14:19.354376,0.0,LAA,STL,LAA,0.0,0.0512,0.0382,0.0035,0.0008,-0.0006,-0.0026,-0.0101,0.0125,0.0,0.0,0.0107,0.0,0.0027,,
2026-07-21,,,team,Moneyline,,,,,,,,,,,9.5,2.9,Arizona Diamondbacks,Athletics,Arizona Diamondbacks,TBD,Kohl Drake,Jack Perkins,-134.0,51.8,2.9,False,2026-07-21T11:14:22.565063,0.0,ARI,OAK,ARI,0.018,0.0,0.0,0.0,0.0,-0.0098,0.0165,0.015,-0.0125,0.01,0.0,0.0,0.0,-0.0027,,
2026-07-21,,,team,Moneyline,,,,,,,,,,,7.5,0.9,Seattle Mariners,Cincinnati Reds,Cincinnati Reds,TBD,Luis Castillo,Chase Burns,-122.0,55.9,0.9,False,2026-07-21T11:14:33.646502,0.53,SEA,CIN,CIN,0.0,-0.0423,-0.043,-0.0057,-0.0091,-0.0059,0.0343,0.0146,0.0125,0.0,0.0,0.0093,0.0,0.0001,,
2026-07-21,,,team,Moneyline,,,,,,,,,,,8.0,4.8,Cleveland Guardians,Minnesota Twins,Cleveland Guardians,TBD,Parker Messick,Kendry Rojas,-148.0,55.7,4.8,True,2026-07-21T16:25:43.424348,0.0,CLE,MIN,CLE,0.0045,0.0457,0.0191,0.0075,-0.0013,-0.0129,0.0165,0.0035,-0.0018,0.0,0.0,-0.0147,0.0,0.0031,,
2026-07-21,,,team,Moneyline,,,,,,,,,,,9.0,-2.0,Philadelphia Phillies,Los Angeles Dodgers,Los Angeles Dodgers,TBD,Zack Wheeler,Justin Wrobleski,-110.0,50.5,-2.0,False,2026-07-21T16:25:46.287029,0.0,PHI,LAD,LAD,0.009,0.0231,0.0101,0.0029,0.0175,-0.0185,0.0004,-0.0238,0.0,0.0,0.0,-0.0013,0.0,-0.0009,,
2026-07-21,,,team,Moneyline,,,,,,,,,,,9.5,4.5,New York Yankees,Pittsburgh Pirates,New York Yankees,TBD,Will Warren,Bubba Chandler,-138.0,54.0,4.5,True,2026-07-21T16:25:48.851588,0.0,NYY,PIT,NYY,0.0,0.027,0.0133,0.002,0.0031,-0.0081,0.0134,0.0048,0.0125,0.0,0.0,0.0067,0.0,-0.01,,
2026-07-21,,,team,Moneyline,,,,,,,,,,,7.5,2.7,Toronto Blue Jays,Tampa Bay Rays,Tampa Bay Rays,TBD,Kevin Gausman,Drew Rasmussen,-128.0,58.9,2.7,False,2026-07-21T16:25:51.429357,1.57,TOR,TB,TB,0.0,-0.016,-0.0193,-0.0059,0.0018,-0.014,0.0136,-0.012,-0.0089,0.0,0.0,-0.008,0.0,-0.0003,,
2026-07-21,,,team,Moneyline,,,,,,,,,,,8.5,7.0,Boston Red Sox,Baltimore Orioles,Boston Red Sox,TBD,Ranger Suarez,Kyle Bradish,-136.0,56.0,7.0,True,2026-07-21T16:25:59.005318,0.0,BOS,BAL,BOS,0.0135,0.077,0.0083,0.0042,0.003,-0.0028,0.0057,0.0048,0.0018,0.0,0.0,-0.004,0.0,-0.0025,,
2026-07-21,,,team,Moneyline,,,,,,,,,,,9.0,5.9,Atlanta Braves,San Diego Padres,Atlanta Braves,TBD,Reynaldo López,Walker Buehler,-142.0,55.8,5.9,True,2026-07-21T16:26:09.415021,0.0,ATL,SD,ATL,0.0045,0.0022,0.0335,0.004,-0.0014,0.0143,0.007,0.0243,-0.0063,0.0,0.0,0.0067,0.0,0.0009,,
2026-07-21,,,team,Moneyline,,,,,,,,,,,9.5,0.5,Kansas City Royals,San Francisco Giants,San Francisco Giants,TBD,Luinder Avila,Tyler Mahle,-130.0,57.0,0.5,False,2026-07-21T16:26:19.872581,0.28,KC,SF,SF,0.0,-0.0049,0.005,-0.0031,-0.002,-0.0031,-0.0198,-0.0067,0.0125,0.0,0.0,-0.0013,0.0,-0.0031,,
2026-07-21,,,team,Moneyline,,,,,,,,,,,8.5,-0.3,Milwaukee Brewers,New York Mets,New York Mets,TBD,Brandon Sproat,Zac Thornton,-105.0,50.9,-0.3,False,2026-07-21T16:26:22.475920,0.0,MIL,NYM,NYM,0.009,-0.0732,-0.0248,-0.0035,0.0053,0.0148,0.0081,0.0296,0.0125,0.01,0.0,0.0027,0.0,-0.0028,,
2026-07-21,,,team,Moneyline,,,,,,,,,,,8.0,2.4,Chicago Cubs,Detroit Tigers,Detroit Tigers,TBD,David Peterson,Framber Valdez,-115.0,56.1,2.4,False,2026-07-21T16:26:24.932184,1.38,CHC,DET,DET,-0.0045,-0.0099,-0.0423,-0.007,0.0017,0.0104,-0.0156,0.0019,-0.0125,0.01,0.0,0.0013,0.0,0.0038,,
2026-07-21,,,team,Moneyline,,,,,,,,,,,8.5,3.0,Texas Rangers,Chicago White Sox,Texas Rangers,TBD,Kumar Rocker,Noah Schultz,-126.0,50.5,3.0,False,2026-07-21T16:26:27.783809,0.0,TEX,CWS,TEX,-0.0045,0.0462,0.0187,-0.0002,-0.0002,-0.0036,-0.0002,-0.0165,-0.0125,0.01,0.0,0.0027,0.0,-0.0039,,
2026-07-21,,,team,Moneyline,,,,,,,,,,,9.0,2.8,Houston Astros,Miami Marlins,Miami Marlins,TBD,Tatsuya Imai,Tyler Phillips,-110.0,55.3,2.8,False,2026-07-21T16:26:30.334188,1.53,HOU,MIA,MIA,0.0,-0.0253,-0.0421,-0.002,0.0174,-0.0028,-0.0169,-0.0102,0.0125,0.01,0.0,-0.0067,0.0,-0.0033,,
2026-07-21,,,team,Moneyline,,,,,,,,,,,13.0,6.4,Colorado Rockies,Washington Nationals,Washington Nationals,TBD,Michael Lorenzen,Carson Palmquist,-126.0,62.2,6.4,False,2026-07-21T16:26:33.115302,3.62,COL,WSH,WSH,-0.009,-0.0462,-0.0292,-0.0095,-0.01,-0.0062,0.0112,-0.0219,-0.0125,0.0,0.0,-0.0027,0.0,-0.0026,,
2026-07-21,,,team,Moneyline,,,,,,,,,,,9.5,6.8,Los Angeles Angels,St. Louis Cardinals,Los Angeles Angels,TBD,Walbert Ureña,Matthew Liberatore,-116.0,52.4,6.8,True,2026-07-21T16:26:43.505613,0.0,LAA,STL,LAA,0.0,0.0512,0.0382,0.0035,0.0008,-0.0006,-0.0026,-0.0101,0.0125,0.0,0.0,0.0107,0.0,0.0027,,
2026-07-21,,,team,Moneyline,,,,,,,,,,,9.5,2.3,Arizona Diamondbacks,Athletics,Arizona Diamondbacks,TBD,Kohl Drake,Jack Perkins,-134.0,51.3,2.3,False,2026-07-21T16:26:53.687326,0.0,ARI,OAK,ARI,0.018,0.0,0.0,0.0,0.0,-0.0098,0.0165,0.015,-0.0125,0.0,0.0,0.0,0.0,-0.0027,,
2026-07-21,,,team,Moneyline,,,,,,,,,,,7.5,0.9,Seattle Mariners,Cincinnati Reds,Cincinnati Reds,TBD,Luis Castillo,Chase Burns,-119.0,55.3,0.9,False,2026-07-21T16:26:56.299540,0.55,SEA,CIN,CIN,0.0,-0.0423,-0.043,-0.0057,-0.0091,-0.0059,0.0343,0.0146,0.0125,0.0,0.0,0.0093,0.0,0.0001,,
2026-07-21,,,team,Moneyline,,,,,,,,,,,7.5,5.2,Cleveland Guardians,Minnesota Twins,Cleveland Guardians,TBD,Parker Messick,Kendry Rojas,-154.0,56.8,5.2,True,2026-07-21T22:02:57.240472,0.0,CLE,MIN,CLE,0.0045,0.0457,0.0191,0.0075,-0.0013,-0.0129,0.0165,0.0035,-0.0018,0.0,0.0,-0.0067,0.0,0.0031,,
2026-07-21,,,team,Moneyline,,,,,,,,,,,9.0,-2.1,Philadelphia Phillies,Los Angeles Dodgers,Los Angeles Dodgers,TBD,Zack Wheeler,Justin Wrobleski,-115.0,51.5,-2.1,False,2026-07-21T22:03:01.038533,0.0,PHI,LAD,LAD,0.009,0.0231,0.0101,0.0029,0.0175,-0.0185,0.0004,-0.0238,0.0,0.0,0.0,0.0,0.0,-0.0009,,
2026-07-21,,,team,Moneyline,,,,,,,,,,,7.5,2.2,Toronto Blue Jays,Tampa Bay Rays,Tampa Bay Rays,TBD,Kevin Gausman,Drew Rasmussen,-124.0,57.6,2.2,False,2026-07-21T22:03:12.700235,1.27,TOR,TB,TB,0.0,-0.016,-0.0193,-0.0059,0.0018,-0.014,0.0136,-0.012,-0.0089,0.0,0.0,0.0013,0.0,-0.0003,,
2026-07-21,,,team,Moneyline,,,,,,,,,,,9.0,6.4,Atlanta Braves,San Diego Padres,Atlanta Braves,TBD,Reynaldo López,Walker Buehler,-142.0,56.3,6.4,True,2026-07-21T22:03:16.715572,0.0,ATL,SD,ATL,0.0045,0.0022,0.0335,0.004,-0.0014,0.0143,0.007,0.0243,-0.0063,0.01,0.0,0.0053,0.0,0.0009,,
2026-07-21,,,team,Moneyline,,,,,,,,,,,9.0,0.4,Kansas City Royals,San Francisco Giants,San Francisco Giants,TBD,Luinder Avila,Tyler Mahle,-128.0,56.5,0.4,False,2026-07-21T22:03:28.092912,0.23,KC,SF,SF,0.0,-0.0049,0.005,-0.0031,-0.002,-0.0031,-0.0198,-0.0067,0.0125,0.0,0.0,0.0,0.0,-0.0031,,
2026-07-21,,,team,Moneyline,,,,,,,,,,,8.5,0.1,Milwaukee Brewers,New York Mets,New York Mets,TBD,Brandon Sproat,Zac Thornton,-105.0,51.3,0.1,False,2026-07-21T22:03:39.479379,0.06,MIL,NYM,NYM,0.009,-0.0732,-0.0248,-0.0035,0.0053,0.0148,0.0081,0.0296,0.0125,0.0,0.0,0.0053,0.0,-0.0028,,
2026-07-21,,,team,Moneyline,,,,,,,,,,,8.0,2.6,Chicago Cubs,Detroit Tigers,Detroit Tigers,TBD,David Peterson,Framber Valdez,-115.0,56.2,2.6,False,2026-07-21T22:03:43.309021,1.46,CHC,DET,DET,-0.0045,-0.0099,-0.0423,-0.007,0.0017,0.0104,-0.0156,0.0019,-0.0125,0.01,0.0,-0.0013,0.0,0.0038,,
2026-07-21,,,team,Moneyline,,,,,,,,,,,8.5,-3.1,Texas Rangers,Chicago White Sox,Chicago White Sox,TBD,Kumar Rocker,Noah Schultz,-115.0,50.5,-3.1,False,2026-07-21T22:03:47.246511,0.0,TEX,CWS,CWS,-0.0045,0.0462,0.0187,-0.0002,-0.0002,-0.0036,-0.0002,-0.0165,-0.0125,0.01,0.0,0.0053,0.0,-0.0039,,
2026-07-21,,,team,Moneyline,,,,,,,,,,,9.0,2.7,Houston Astros,Miami Marlins,Miami Marlins,TBD,Tatsuya Imai,Tyler Phillips,-110.0,55.1,2.7,False,2026-07-21T22:03:50.996132,1.45,HOU,MIA,MIA,0.0,-0.0253,-0.0421,-0.002,0.0174,-0.0028,-0.0169,-0.0102,0.0125,0.01,0.0,-0.004,0.0,-0.0033,,
2026-07-21,,,team,Moneyline,,,,,,,,,,,13.0,6.5,Colorado Rockies,Washington Nationals,Washington Nationals,TBD,Michael Lorenzen,Carson Palmquist,-130.0,63.0,6.5,False,2026-07-21T22:04:02.247974,3.75,COL,WSH,WSH,-0.009,-0.0462,-0.0292,-0.0095,-0.01,-0.0062,0.0112,-0.0219,-0.0125,0.0,0.0,-0.0053,0.0,-0.0026,,
2026-07-21,,,team,Moneyline,,,,,,,,,,,9.5,7.2,Los Angeles Angels,St. Louis Cardinals,Los Angeles Angels,TBD,Walbert Ureña,Matthew Liberatore,-116.0,52.8,7.2,True,2026-07-21T22:04:05.621116,0.0,LAA,STL,LAA,0.0,0.0512,0.0382,0.0035,0.0008,-0.0006,-0.0026,-0.0101,0.0125,0.01,0.0,0.008,0.0,0.0027,,
2026-07-21,,,team,Moneyline,,,,,,,,,,,9.5,2.3,Arizona Diamondbacks,Athletics,Arizona Diamondbacks,TBD,Kohl Drake,Jack Perkins,-134.0,51.3,2.3,False,2026-07-21T22:04:16.771501,0.0,ARI,OAK,ARI,0.018,0.0,0.0,0.0,0.0,-0.0098,0.0165,0.015,-0.0125,0.0,0.0,0.0,0.0,-0.0027,,
2026-07-21,,,team,Moneyline,,,,,,,,,,,7.5,1.1,Seattle Mariners,Cincinnati Reds,Cincinnati Reds,TBD,Luis Castillo,Chase Burns,-117.0,55.1,1.1,False,2026-07-21T22:04:28.005947,0.64,SEA,CIN,CIN,0.0,-0.0423,-0.043,-0.0057,-0.0091,-0.0059,0.0343,0.0146,0.0125,0.0,0.0,0.0067,0.0,0.0001,,
2026-07-22,,,team,Moneyline,,,,,,,,,,,9.5,9.7,New York Yankees,Pittsburgh Pirates,New York Yankees,TBD,Max Fried,Bubba Chandler,-178.0,64.4,9.7,True,2026-07-22T11:13:52.424611,0.25,NYY,PIT,NYY,0.0,0.1034,0.0281,0.0097,-0.0036,-0.0081,0.0134,0.0048,0.0125,0.0,0.0,0.004,0.0,0.0017,,
2026-07-22,,,team,Moneyline,,,,,,,,,,,9.5,2.2,Boston Red Sox,Baltimore Orioles,Boston Red Sox,TBD,TBD,Kyle Bradish,-144.0,52.4,2.2,False,2026-07-22T11:13:56.635401,0.0,BOS,BAL,BOS,0.0135,0.0,0.0,0.0,0.0,-0.0028,0.0057,0.0048,0.0018,0.0,0.0,0.0,0.0,-0.0014,,
2026-07-22,,,team,Moneyline,,,,,,,,,,,9.0,3.9,Kansas City Royals,San Francisco Giants,San Francisco Giants,TBD,Seth Lugo,Landen Roupp,-137.0,61.8,3.9,False,2026-07-22T11:14:01.060945,2.35,KC,SF,SF,0.0,-0.0561,-0.0074,-0.0031,-0.0087,-0.0025,-0.0198,-0.0062,0.0125,0.0,0.0,-0.0013,0.0,0.0011,,
2026-07-22,,,team,Moneyline,,,,,,,,,,,7.5,3.9,Milwaukee Brewers,New York Mets,Milwaukee Brewers,TBD,Logan Henderson,Christian Scott,-142.0,53.8,3.9,False,2026-07-22T11:14:05.332274,0.0,MIL,NYM,MIL,0.0,0.0247,-0.0117,0.0026,-0.0059,0.0132,0.0075,0.0282,0.0,0.0,0.0,-0.0013,0.0,-0.0045,,
2026-07-22,,,team,Moneyline,,,,,,,,,,,11.5,1.7,Colorado Rockies,Washington Nationals,Washington Nationals,TBD,Gabriel Hughes,Cade Cavalli,-153.0,62.2,1.7,False,2026-07-22T11:14:09.539144,1.11,COL,WSH,WSH,-0.0045,-0.0242,-0.0038,0.0009,-0.0072,-0.0056,0.0123,-0.0211,0.0,0.0,0.0,0.0,0.0,0.0023,,
2026-07-22,,,team,Moneyline,,,,,,,,,,,9.5,6.4,Arizona Diamondbacks,Athletics,Athletics,TBD,Merrill Kelly,Gage Jump,-119.0,60.8,6.4,True,2026-07-22T11:14:13.765083,3.55,ARI,OAK,OAK,0.0225,-0.1469,-0.0245,-0.0037,-0.0172,-0.0104,0.0154,0.0154,0.0,0.01,0.0,0.0,0.0,0.0017,,
2026-07-22,,,team,Moneyline,,,,,,,,,,,8.0,11.0,Seattle Mariners,Cincinnati Reds,Seattle Mariners,TBD,Emerson Hancock,Brady Singer,-158.0,63.3,11.0,True,2026-07-22T11:14:18.126194,1.3,SEA,CIN,SEA,-0.0045,0.099,0.025,0.0088,0.004,-0.0056,0.0348,0.0138,0.0,0.0,0.0,0.0093,0.0,0.0039,,
2026-07-22,,,team,Moneyline,,,,,,,,,,,9.0,4.0,Los Angeles Angels,St. Louis Cardinals,Los Angeles Angels,TBD,Reid Detmers,Hunter Dobbins,-122.0,50.8,4.0,True,2026-07-22T11:14:30.147968,0.0,LAA,STL,LAA,0.0045,0.0495,0.0002,0.0051,0.0061,0.0003,-0.002,-0.0086,0.0125,0.0,0.0,-0.0133,0.0,0.0009,,
2026-07-22,,,team,Moneyline,,,,,,,,,,,9.5,-1.9,Philadelphia Phillies,Los Angeles Dodgers,Los Angeles Dodgers,TBD,Aaron Nola,Eric Lauer,-135.0,55.6,-1.9,False,2026-07-22T11:14:34.637076,0.0,PHI,LAD,LAD,0.0045,0.0621,-0.0157,-0.0037,0.0176,-0.0185,0.0002,-0.0242,-0.0025,0.0,0.0,-0.0013,0.0,-0.0015,,
2026-07-22,,,team,Moneyline,,,,,,,,,,,8.0,3.8,Cleveland Guardians,Minnesota Twins,Cleveland Guardians,TBD,Slade Cecconi,Bailey Ober,-122.0,50.6,3.8,False,2026-07-22T11:14:46.563022,0.0,CLE,MIN,CLE,0.0135,0.022,-0.0041,-0.0048,0.001,-0.012,0.0167,0.0046,0.0,0.0,0.0,0.0107,0.0,0.0041,,
2026-07-22,,,team,Moneyline,,,,,,,,,,,8.5,-0.0,Toronto Blue Jays,Tampa Bay Rays,Tampa Bay Rays,TBD,Braydon Fisher,Griffin Jax,-122.0,55.0,-0.0,False,2026-07-22T11:14:58.917258,0.0,TOR,TB,TB,0.0,0.0165,0.0058,0.0013,-0.0009,-0.0157,0.0125,-0.0149,-0.0094,0.0,0.0,-0.008,0.0,-0.0049,,
2026-07-22,,,team,Moneyline,,,,,,,,,,,8.5,-1.5,Atlanta Braves,San Diego Padres,San Diego Padres,TBD,Martín Pérez,Michael King,-117.0,52.5,-1.5,False,2026-07-22T11:15:03.520895,0.0,ATL,SD,SD,0.0045,-0.0182,-0.0036,-0.0007,-0.0034,0.0123,0.0053,0.0226,-0.0075,0.0,0.0,-0.0027,0.0,0.0001,,
2026-07-22,,,team,Moneyline,,,,,,,,,,,8.0,4.5,Chicago Cubs,Detroit Tigers,Detroit Tigers,TBD,Colin Rea,Keider Montero,-119.0,58.9,4.5,True,2026-07-22T11:15:08.436849,2.48,CHC,DET,DET,0.0,-0.0676,-0.0274,-0.0097,0.0024,0.012,-0.015,0.005,0.0,0.0,0.0,-0.008,0.0,0.0077,,
2026-07-22,,,team,Moneyline,,,,,,,,,,,8.5,8.1,Texas Rangers,Chicago White Sox,Texas Rangers,TBD,Tyler Alexander,Anthony Kay,-110.0,52.8,8.1,True,2026-07-22T11:15:13.090370,0.19,TEX,CWS,TEX,-0.0045,0.1028,0.0182,0.0013,0.0043,-0.0014,0.0,-0.013,0.0,0.01,0.0,0.0107,0.0,0.0017,,
2026-07-22,,,team,Moneyline,,,,,,,,,,,8.0,-0.8,Houston Astros,Miami Marlins,Miami Marlins,TBD,Peter Lambert,Sandy Alcantara,-115.0,52.8,-0.8,False,2026-07-22T11:15:17.481510,0.0,HOU,MIA,MIA,0.009,-0.0138,0.0155,0.0024,0.0083,-0.0022,-0.0167,-0.0099,0.0125,0.0,0.0,-0.0067,0.0,-0.0015,,
2026-07-22,,,team,Moneyline,,,,,,,,,,,9.5,10.4,New York Yankees,Pittsburgh Pirates,New York Yankees,TBD,Max Fried,Bubba Chandler,-190.0,66.4,10.4,True,2026-07-22T16:27:53.703746,0.65,NYY,PIT,NYY,0.0,0.1034,0.0281,0.0097,-0.0036,-0.0081,0.0134,0.0048,0.0125,0.01,0.0,0.0093,0.0,0.0017,,
2026-07-22,,,team,Moneyline,,,,,,,,,,,9.5,2.2,Boston Red Sox,Baltimore Orioles,Boston Red Sox,TBD,TBD,Kyle Bradish,-158.0,54.4,2.2,False,2026-07-22T16:27:56.572813,0.0,BOS,BAL,BOS,0.0135,0.0,0.0,0.0,0.0,-0.0028,0.0057,0.0048,0.0018,0.0,0.0,0.0,0.0,-0.0014,,
2026-07-22,,,team,Moneyline,,,,,,,,,,,8.5,4.0,Kansas City Royals,San Francisco Giants,San Francisco Giants,TBD,Seth Lugo,Landen Roupp,-143.0,63.0,4.0,False,2026-07-22T16:27:59.577541,2.51,KC,SF,SF,0.0,-0.0561,-0.0074,-0.0031,-0.0087,-0.0025,-0.0198,-0.0062,0.0125,0.0,0.0,-0.004,0.0,0.0011,,
2026-07-22,,,team,Moneyline,,,,,,,,,,,7.5,3.8,Milwaukee Brewers,New York Mets,Milwaukee Brewers,TBD,Logan Henderson,Christian Scott,-158.0,56.0,3.8,False,2026-07-22T16:28:10.483562,0.0,MIL,NYM,MIL,0.0,0.0247,-0.0117,0.0026,-0.0059,0.0132,0.0075,0.0282,0.0,0.0,0.0,-0.0027,0.0,-0.0045,,
2026-07-22,,,team,Moneyline,,,,,,,,,,,11.5,1.7,Colorado Rockies,Washington Nationals,Washington Nationals,TBD,Gabriel Hughes,Cade Cavalli,-155.0,62.5,1.7,False,2026-07-22T16:28:21.271257,1.12,COL,WSH,WSH,-0.0045,-0.0242,-0.0038,0.0009,-0.0072,-0.0056,0.0123,-0.0211,0.0,0.0,0.0,0.0,0.0,0.0023,,
2026-07-22,,,team,Moneyline,,,,,,,,,,,8.5,6.5,Arizona Diamondbacks,Athletics,Athletics,TBD,Merrill Kelly,Gage Jump,-108.0,58.5,6.5,True,2026-07-22T16:28:24.471984,3.4,ARI,OAK,OAK,0.0225,-0.1469,-0.0245,-0.0037,-0.0172,-0.0104,0.0154,0.0155,0.0,0.01,0.0,0.0,0.0,0.0017,,
2026-07-22,,,team,Moneyline,,,,,,,,,,,8.5,11.1,Seattle Mariners,Cincinnati Reds,Seattle Mariners,TBD,Emerson Hancock,Brady Singer,-156.0,63.0,11.1,True,2026-07-22T16:28:35.275819,1.31,SEA,CIN,SEA,-0.0045,0.099,0.025,0.0088,0.004,-0.0056,0.0348,0.0138,0.0,0.0,0.0,0.0093,0.0,0.0039,,
2026-07-22,,,team,Moneyline,,,,,,,,,,,8.5,4.0,Los Angeles Angels,St. Louis Cardinals,Los Angeles Angels,TBD,Reid Detmers,Hunter Dobbins,-132.0,52.4,4.0,True,2026-07-22T16:28:46.159529,0.0,LAA,STL,LAA,0.0045,0.0495,0.0002,0.0051,0.0061,0.0006,-0.002,-0.0086,0.0125,0.0,0.0,-0.0133,0.0,0.0009,,
2026-07-22,,,team,Moneyline,,,,,,,,,,,9.5,-1.9,Philadelphia Phillies,Los Angeles Dodgers,Los Angeles Dodgers,TBD,Aaron Nola,Eric Lauer,-137.0,56.0,-1.9,False,2026-07-22T16:28:49.401760,0.0,PHI,LAD,LAD,0.0045,0.0621,-0.0157,-0.0037,0.0176,-0.0185,0.0002,-0.0242,-0.0025,0.0,0.0,-0.0013,0.0,-0.0015,,
2026-07-22,,,team,Moneyline,,,,,,,,,,,8.0,3.8,Cleveland Guardians,Minnesota Twins,Cleveland Guardians,TBD,Slade Cecconi,Bailey Ober,-126.0,51.3,3.8,False,2026-07-22T16:28:52.958036,0.0,CLE,MIN,CLE,0.0135,0.022,-0.0041,-0.0048,0.001,-0.012,0.0167,0.0046,0.0,0.0,0.0,0.0107,0.0,0.0041,,
2026-07-22,,,team,Moneyline,,,,,,,,,,,8.0,-0.0,Toronto Blue Jays,Tampa Bay Rays,Tampa Bay Rays,TBD,Braydon Fisher,Griffin Jax,-126.0,55.7,-0.0,False,2026-07-22T16:29:04.683181,0.0,TOR,TB,TB,0.0,0.0165,0.0058,0.0013,-0.0009,-0.0157,0.0125,-0.0149,-0.0094,0.0,0.0,-0.008,0.0,-0.0049,,
2026-07-22,,,team,Moneyline,,,,,,,,,,,8.5,-2.0,Atlanta Braves,San Diego Padres,San Diego Padres,TBD,Martín Pérez,Michael King,-117.0,52.0,-2.0,False,2026-07-22T16:29:08.476081,0.0,ATL,SD,SD,0.0045,-0.0182,-0.0036,-0.0007,-0.0034,0.0123,0.0053,0.0226,-0.0075,0.01,0.0,-0.0027,0.0,0.0001,,
2026-07-22,,,team,Moneyline,,,,,,,,,,,8.0,4.5,Chicago Cubs,Detroit Tigers,Detroit Tigers,TBD,Colin Rea,Keider Montero,-115.0,58.1,4.5,True,2026-07-22T16:29:12.492310,2.48,CHC,DET,DET,0.0,-0.0676,-0.0274,-0.0097,0.0024,0.012,-0.015,0.005,0.0,0.0,0.0,-0.008,0.0,0.0077,,
2026-07-22,,,team,Moneyline,,,,,,,,,,,8.5,8.0,Texas Rangers,Chicago White Sox,Texas Rangers,TBD,Tyler Alexander,Anthony Kay,-108.0,52.2,8.0,True,2026-07-22T16:29:16.567911,0.15,TEX,CWS,TEX,-0.0045,0.1028,0.0182,0.0013,0.0043,-0.0014,0.0,-0.013,0.0,0.01,0.0,0.008,0.0,0.0017,,
2026-07-22,,,team,Moneyline,,,,,,,,,,,8.5,-1.4,Houston Astros,Miami Marlins,Miami Marlins,TBD,Peter Lambert,Sandy Alcantara,-119.0,53.0,-1.4,False,2026-07-22T16:29:20.471263,0.0,HOU,MIA,MIA,0.009,-0.0138,0.0155,0.0024,0.0083,-0.0022,-0.0167,-0.0099,0.0125,0.01,0.0,-0.0067,0.0,-0.0015,,
2026-07-22,,,team,Moneyline,,,,,,,,,,,8.5,10.0,New York Yankees,Pittsburgh Pirates,New York Yankees,TBD,Max Fried,Bubba Chandler,-265.0,71.3,10.0,True,2026-07-22T17:15:23.222721,0.0,NYY,PIT,NYY,0.0045,0.1034,0.0281,0.0097,-0.0036,-0.0081,0.0134,0.005,0.0125,0.01,0.0,0.0093,0.0,0.0017,,
2026-07-22,,,team,Moneyline,,,,,,,,,,,9.5,2.2,Boston Red Sox,Baltimore Orioles,Boston Red Sox,TBD,TBD,Kyle Bradish,-164.0,55.1,2.2,False,2026-07-22T17:15:27.285526,0.0,BOS,BAL,BOS,0.0135,0.0,0.0,0.0,0.0,-0.0028,0.0057,0.0048,0.0018,0.0,0.0,0.0,0.0,-0.0014,,
2026-07-22,,,team,Moneyline,,,,,,,,,,,8.5,4.0,Kansas City Royals,San Francisco Giants,San Francisco Giants,TBD,Seth Lugo,Landen Roupp,-146.0,63.5,4.0,False,2026-07-22T17:15:31.718360,2.53,KC,SF,SF,0.0,-0.0561,-0.0074,-0.0031,-0.0087,-0.0025,-0.0198,-0.0062,0.0125,0.0,0.0,-0.004,0.0,0.0011,,
2026-07-22,,,team,Moneyline,,,,,,,,,,,7.5,3.8,Milwaukee Brewers,New York Mets,Milwaukee Brewers,TBD,Logan Henderson,Christian Scott,-158.0,56.0,3.8,False,2026-07-22T17:15:36.468359,0.0,MIL,NYM,MIL,0.0,0.0247,-0.0117,0.0026,-0.0059,0.0132,0.0075,0.0282,0.0,0.0,0.0,-0.0027,0.0,-0.0045,,
2026-07-22,,,team,Moneyline,,,,,,,,,,,11.5,1.1,Colorado Rockies,Washington Nationals,Washington Nationals,TBD,Gabriel Hughes,Cade Cavalli,-155.0,61.9,1.1,False,2026-07-22T17:15:40.935493,0.71,COL,WSH,WSH,-0.0045,-0.0242,-0.0038,0.0009,-0.0072,-0.0056,0.0123,-0.0211,0.0,0.01,0.0,0.0027,0.0,0.0023,,
2026-07-22,,,team,Moneyline,,,,,,,,,,,8.5,6.5,Arizona Diamondbacks,Athletics,Athletics,TBD,Merrill Kelly,Gage Jump,-108.0,58.5,6.5,True,2026-07-22T17:15:45.331424,3.4,ARI,OAK,OAK,0.0225,-0.1469,-0.0245,-0.0037,-0.0172,-0.0104,0.0154,0.0155,0.0,0.01,0.0,0.0,0.0,0.0017,,
2026-07-22,,,team,Moneyline,,,,,,,,,,,8.0,10.9,Seattle Mariners,Cincinnati Reds,Seattle Mariners,TBD,Emerson Hancock,Brady Singer,-154.0,62.6,10.9,True,2026-07-22T17:15:50.082625,1.22,SEA,CIN,SEA,-0.0045,0.099,0.025,0.0088,0.004,-0.0056,0.0348,0.0138,0.0,0.0,0.0,0.0067,0.0,0.0039,,
2026-07-22,,,team,Moneyline,,,,,,,,,,,8.5,4.0,Los Angeles Angels,St. Louis Cardinals,Los Angeles Angels,TBD,Reid Detmers,Hunter Dobbins,-132.0,52.4,4.0,True,2026-07-22T17:16:02.639031,0.0,LAA,STL,LAA,0.0045,0.0495,0.0002,0.0051,0.0061,0.0006,-0.002,-0.0086,0.0125,0.0,0.0,-0.0133,0.0,0.0009,,
2026-07-22,,,team,Moneyline,,,,,,,,,,,9.5,-1.9,Philadelphia Phillies,Los Angeles Dodgers,Los Angeles Dodgers,TBD,Aaron Nola,Eric Lauer,-137.0,56.0,-1.9,False,2026-07-22T17:16:14.868952,0.0,PHI,LAD,LAD,0.0045,0.0621,-0.0157,-0.0037,0.0176,-0.0185,0.0002,-0.0242,-0.0025,0.0,0.0,-0.0013,0.0,-0.0015,,
2026-07-22,,,team,Moneyline,,,,,,,,,,,8.0,3.8,Cleveland Guardians,Minnesota Twins,Cleveland Guardians,TBD,Slade Cecconi,Bailey Ober,-126.0,51.3,3.8,False,2026-07-22T17:16:19.496613,0.0,CLE,MIN,CLE,0.0135,0.022,-0.0041,-0.0048,0.001,-0.012,0.0167,0.0046,0.0,0.0,0.0,0.0107,0.0,0.0041,,
2026-07-22,,,team,Moneyline,,,,,,,,,,,8.0,-0.0,Toronto Blue Jays,Tampa Bay Rays,Tampa Bay Rays,TBD,Braydon Fisher,Griffin Jax,-126.0,55.7,-0.0,False,2026-07-22T17:16:24.197955,0.0,TOR,TB,TB,0.0,0.0165,0.0058,0.0013,-0.0009,-0.0157,0.0125,-0.0149,-0.0094,0.0,0.0,-0.008,0.0,-0.0049,,
2026-07-22,,,team,Moneyline,,,,,,,,,,,8.5,-1.5,Atlanta Braves,San Diego Padres,San Diego Padres,TBD,Martín Pérez,Michael King,-117.0,52.5,-1.5,False,2026-07-22T17:16:36.245118,0.0,ATL,SD,SD,0.0045,-0.0182,-0.0036,-0.0007,-0.0034,0.0123,0.0053,0.0226,-0.0075,0.0,0.0,-0.0027,0.0,0.0001,,
2026-07-22,,,team,Moneyline,,,,,,,,,,,8.0,4.5,Chicago Cubs,Detroit Tigers,Detroit Tigers,TBD,Colin Rea,Keider Montero,-115.0,58.1,4.5,True,2026-07-22T17:16:48.364355,2.48,CHC,DET,DET,0.0,-0.0676,-0.0274,-0.0097,0.0024,0.012,-0.015,0.005,0.0,0.0,0.0,-0.008,0.0,0.0077,,
2026-07-22,,,team,Moneyline,,,,,,,,,,,8.5,8.0,Texas Rangers,Chicago White Sox,Texas Rangers,TBD,Tyler Alexander,Anthony Kay,-108.0,52.2,8.0,True,2026-07-22T17:16:53.084328,0.15,TEX,CWS,TEX,-0.0045,0.1028,0.0182,0.0013,0.0043,-0.0014,0.0,-0.013,0.0,0.01,0.0,0.008,0.0,0.0017,,
2026-07-22,,,team,Moneyline,,,,,,,,,,,8.5,-0.8,Houston Astros,Miami Marlins,Miami Marlins,TBD,Peter Lambert,Sandy Alcantara,-119.0,53.6,-0.8,False,2026-07-22T17:17:05.077127,0.0,HOU,MIA,MIA,0.009,-0.0138,0.0155,0.0024,0.0083,-0.0022,-0.0167,-0.0099,0.0125,0.0,0.0,-0.0067,0.0,-0.0015,,
2026-07-22,,,team,Moneyline,,,,,,,,,,,7.5,10.2,New York Yankees,Pittsburgh Pirates,New York Yankees,TBD,Max Fried,Bubba Chandler,-240.0,69.6,10.2,True,2026-07-22T17:23:21.440070,0.0,NYY,PIT,NYY,0.0045,0.1034,0.0281,0.0097,-0.0036,-0.0084,0.0134,0.005,0.0125,0.01,0.0,0.0093,0.0,0.0017,,
2026-07-22,,,team,Moneyline,,,,,,,,,,,9.5,2.2,Boston Red Sox,Baltimore Orioles,Boston Red Sox,TBD,TBD,Kyle Bradish,-164.0,55.1,2.2,False,2026-07-22T17:23:24.277520,0.0,BOS,BAL,BOS,0.0135,0.0,0.0,0.0,0.0,-0.0028,0.0057,0.0048,0.0018,0.0,0.0,0.0,0.0,-0.0014,,
2026-07-22,,,team,Moneyline,,,,,,,,,,,8.5,4.0,Kansas City Royals,San Francisco Giants,San Francisco Giants,TBD,Seth Lugo,Landen Roupp,-146.0,63.5,4.0,False,2026-07-22T17:23:27.433486,2.53,KC,SF,SF,0.0,-0.0561,-0.0074,-0.0031,-0.0087,-0.0025,-0.0198,-0.0062,0.0125,0.0,0.0,-0.004,0.0,0.0011,,
2026-07-22,,,team,Moneyline,,,,,,,,,,,7.5,3.8,Milwaukee Brewers,New York Mets,Milwaukee Brewers,TBD,Logan Henderson,Christian Scott,-158.0,56.0,3.8,False,2026-07-22T17:23:38.377368,0.0,MIL,NYM,MIL,0.0,0.0247,-0.0117,0.0026,-0.0059,0.0132,0.0075,0.0282,0.0,0.0,0.0,-0.0027,0.0,-0.0045,,
2026-07-22,,,team,Moneyline,,,,,,,,,,,11.5,1.6,Colorado Rockies,Washington Nationals,Washington Nationals,TBD,Gabriel Hughes,Cade Cavalli,-155.0,62.4,1.6,False,2026-07-22T17:23:49.189943,1.04,COL,WSH,WSH,-0.0045,-0.0242,-0.0038,0.0009,-0.0072,-0.0056,0.0123,-0.0211,0.0,0.0,0.0,0.0027,0.0,0.0023,,
2026-07-22,,,team,Moneyline,,,,,,,,,,,8.5,6.5,Arizona Diamondbacks,Athletics,Athletics,TBD,Merrill Kelly,Gage Jump,-108.0,58.5,6.5,True,2026-07-22T17:23:52.580520,3.4,ARI,OAK,OAK,0.0225,-0.1469,-0.0245,-0.0037,-0.0172,-0.0104,0.0154,0.0155,0.0,0.01,0.0,0.0,0.0,0.0017,,
2026-07-22,,,team,Moneyline,,,,,,,,,,,8.0,10.9,Seattle Mariners,Cincinnati Reds,Seattle Mariners,TBD,Emerson Hancock,Brady Singer,-158.0,63.1,10.9,True,2026-07-22T17:23:55.644406,1.21,SEA,CIN,SEA,-0.0045,0.099,0.025,0.0088,0.004,-0.0056,0.0348,0.0138,0.0,0.0,0.0,0.0067,0.0,0.0039,,
2026-07-22,,,team,Moneyline,,,,,,,,,,,8.5,4.0,Los Angeles Angels,St. Louis Cardinals,Los Angeles Angels,TBD,Reid Detmers,Hunter Dobbins,-132.0,52.4,4.0,True,2026-07-22T17:23:58.843809,0.0,LAA,STL,LAA,0.0045,0.0495,0.0002,0.0051,0.0061,0.0006,-0.002,-0.0086,0.0125,0.0,0.0,-0.0133,0.0,0.0009,,
2026-07-22,,,team,Moneyline,,,,,,,,,,,9.5,-2.4,Philadelphia Phillies,Los Angeles Dodgers,Los Angeles Dodgers,TBD,Aaron Nola,Eric Lauer,-137.0,55.4,-2.4,False,2026-07-22T17:24:01.904790,0.0,PHI,LAD,LAD,0.0045,0.0621,-0.0157,-0.0037,0.0176,-0.0185,0.0002,-0.0242,-0.0025,0.01,0.0,-0.0013,0.0,-0.0015,,
2026-07-22,,,team,Moneyline,,,,,,,,,,,8.0,3.8,Cleveland Guardians,Minnesota Twins,Cleveland Guardians,TBD,Slade Cecconi,Bailey Ober,-126.0,51.3,3.8,False,2026-07-22T17:24:12.683406,0.0,CLE,MIN,CLE,0.0135,0.022,-0.0041,-0.0048,0.001,-0.012,0.0167,0.0046,0.0,0.0,0.0,0.0107,0.0,0.0041,,
2026-07-22,,,team,Moneyline,,,,,,,,,,,8.0,-0.0,Toronto Blue Jays,Tampa Bay Rays,Tampa Bay Rays,TBD,Braydon Fisher,Griffin Jax,-126.0,55.7,-0.0,False,2026-07-22T17:24:23.469051,0.0,TOR,TB,TB,0.0,0.0165,0.0058,0.0013,-0.0009,-0.0157,0.0125,-0.0149,-0.0094,0.0,0.0,-0.008,0.0,-0.0049,,
2026-07-22,,,team,Moneyline,,,,,,,,,,,8.5,-1.5,Atlanta Braves,San Diego Padres,San Diego Padres,TBD,Martín Pérez,Michael King,-117.0,52.5,-1.5,False,2026-07-22T17:24:34.362793,0.0,ATL,SD,SD,0.0045,-0.0182,-0.0036,-0.0007,-0.0034,0.0123,0.0053,0.0226,-0.0075,0.0,0.0,-0.0027,0.0,0.0001,,
2026-07-22,,,team,Moneyline,,,,,,,,,,,8.0,4.5,Chicago Cubs,Detroit Tigers,Detroit Tigers,TBD,Colin Rea,Keider Montero,-115.0,58.1,4.5,True,2026-07-22T17:24:37.508919,2.48,CHC,DET,DET,0.0,-0.0676,-0.0274,-0.0097,0.0024,0.012,-0.015,0.005,0.0,0.0,0.0,-0.008,0.0,0.0077,,
2026-07-22,,,team,Moneyline,,,,,,,,,,,8.5,8.0,Texas Rangers,Chicago White Sox,Texas Rangers,TBD,Tyler Alexander,Anthony Kay,-108.0,52.2,8.0,True,2026-07-22T17:24:40.759342,0.15,TEX,CWS,TEX,-0.0045,0.1028,0.0182,0.0013,0.0043,-0.0014,0.0,-0.013,0.0,0.01,0.0,0.008,0.0,0.0017,,
2026-07-22,,,team,Moneyline,,,,,,,,,,,8.5,-0.8,Houston Astros,Miami Marlins,Miami Marlins,TBD,Peter Lambert,Sandy Alcantara,-119.0,53.6,-0.8,False,2026-07-22T17:24:51.450655,0.0,HOU,MIA,MIA,0.009,-0.0138,0.0155,0.0024,0.0083,-0.0022,-0.0167,-0.0099,0.0125,0.0,0.0,-0.0067,0.0,-0.0015,,
2026-07-22,,,team,Moneyline,,,,,,,,,,,8.5,-6.7,Seattle Mariners,Cincinnati Reds,Cincinnati Reds,TBD,Emerson Hancock,Brady Singer,-503.0,76.7,-6.7,False,2026-07-22T21:52:19.348205,0.0,SEA,CIN,CIN,-0.0045,0.0814,0.0247,0.0081,0.0028,-0.0062,0.0348,0.0131,0.0,0.01,0.0,0.0067,0.0,0.0039,,
2026-07-22,,,team,Moneyline,,,,,,,,,,,3.5,-3.2,Los Angeles Angels,St. Louis Cardinals,St. Louis Cardinals,TBD,Reid Detmers,Hunter Dobbins,-221.0,65.8,-3.2,False,2026-07-22T21:52:22.115750,0.0,LAA,STL,STL,0.0,0.0346,-0.0054,0.0048,0.0066,0.0008,-0.002,-0.009,0.0125,0.01,0.0,-0.0067,0.0,0.0009,,
2026-07-22,,,team,Moneyline,,,,,,,,,,,9.5,-2.5,Philadelphia Phillies,Los Angeles Dodgers,Los Angeles Dodgers,TBD,Aaron Nola,Eric Lauer,-137.0,55.4,-2.5,False,2026-07-22T21:52:25.072865,0.0,PHI,LAD,LAD,0.0045,0.0621,-0.0157,-0.0037,0.0176,-0.0185,0.0002,-0.0242,-0.0025,0.01,0.0,0.0,0.0,-0.0015,,
2026-07-22,,,team,Moneyline,,,,,,,,,,,8.0,3.7,Cleveland Guardians,Minnesota Twins,Cleveland Guardians,TBD,Slade Cecconi,Bailey Ober,-144.0,53.9,3.7,False,2026-07-22T21:52:28.055972,0.0,CLE,MIN,CLE,0.0135,0.022,-0.0041,-0.0048,0.001,-0.012,0.0167,0.0046,0.0,0.0,0.0,0.008,0.0,0.0041,,
2026-07-22,,,team,Moneyline,,,,,,,,,,,9.0,5.7,New York Yankees,Pittsburgh Pirates,New York Yankees,TBD,Gerrit Cole,Mitch Keller,-186.0,61.0,5.7,True,2026-07-22T21:52:30.561722,0.0,NYY,PIT,NYY,0.0,0.0258,0.0176,0.0046,0.0121,-0.0087,0.0139,0.0043,0.0,0.01,0.0,0.0067,0.0,0.0017,,
2026-07-22,,,team,Moneyline,,,,,,,,,,,7.5,-0.2,Toronto Blue Jays,Tampa Bay Rays,Tampa Bay Rays,TBD,Braydon Fisher,Griffin Jax,-126.0,55.5,-0.2,False,2026-07-22T21:52:33.374895,0.0,TOR,TB,TB,0.0,0.0165,0.0058,0.0013,-0.0009,-0.0157,0.0125,-0.0149,-0.0094,0.0,0.0,-0.004,0.0,-0.0049,,
2026-07-22,,,team,Moneyline,,,,,,,,,,,9.0,9.3,Boston Red Sox,Baltimore Orioles,Boston Red Sox,TBD,Jake Bennett,Dean Kremer,-131.0,57.3,9.3,True,2026-07-22T21:52:35.951885,0.34,BOS,BAL,BOS,0.0135,0.1029,0.0373,0.0066,-0.0122,-0.0025,0.0057,0.0058,0.0031,0.0,0.0,-0.0067,0.0,-0.0014,,
2026-07-22,,,team,Moneyline,,,,,,,,,,,8.5,-2.0,Atlanta Braves,San Diego Padres,San Diego Padres,TBD,Martín Pérez,Michael King,-117.0,52.0,-2.0,False,2026-07-22T21:52:38.814364,0.0,ATL,SD,SD,0.0045,-0.0182,-0.0036,-0.0007,-0.0034,0.0123,0.0053,0.0226,-0.0075,0.01,0.0,-0.0027,0.0,0.0001,,
2026-07-22,,,team,Moneyline,,,,,,,,,,,8.0,4.4,Chicago Cubs,Detroit Tigers,Detroit Tigers,TBD,Colin Rea,Keider Montero,-115.0,58.0,4.4,True,2026-07-22T21:52:41.497916,2.44,CHC,DET,DET,0.0,-0.0676,-0.0274,-0.0097,0.0024,0.012,-0.015,0.005,0.0,0.0,0.0,-0.0067,0.0,0.0077,,
2026-07-22,,,team,Moneyline,,,,,,,,,,,8.5,-7.9,Texas Rangers,Chicago White Sox,Chicago White Sox,TBD,Tyler Alexander,Anthony Kay,-139.0,50.3,-7.9,False,2026-07-22T21:52:44.414732,0.0,TEX,CWS,CWS,-0.0045,0.1028,0.0182,0.0013,0.0043,-0.0014,0.0,-0.013,0.0,0.01,0.0,0.008,0.0,0.0017,,
2026-07-22,,,team,Moneyline,,,,,,,,,,,8.5,-1.0,Houston Astros,Miami Marlins,Miami Marlins,TBD,Peter Lambert,Sandy Alcantara,-119.0,53.4,-1.0,False,2026-07-22T21:52:54.857249,0.0,HOU,MIA,MIA,0.009,-0.0138,0.0155,0.0024,0.0083,-0.0022,-0.0167,-0.0099,0.0125,0.0,0.0,-0.004,0.0,-0.0015,,
2026-07-22,,,team,Moneyline,,,,,,,,,,,8.0,1.9,Atlanta Braves,San Diego Padres,Atlanta Braves,TBD,Martín Pérez,Michael King,-225.0,61.4,1.9,False,2026-07-22T21:52:54.982214,0.0,ATL,SD,ATL,0.0045,-0.0182,-0.0036,-0.0007,-0.0034,0.0123,0.0053,0.0226,-0.0075,0.01,0.0,-0.0027,0.0,0.0001,,
2026-07-22,,,team,Moneyline,,,,,,,,,,,7.5,3.7,Cleveland Guardians,Minnesota Twins,Cleveland Guardians,TBD,Slade Cecconi,Bailey Ober,-130.0,51.7,3.7,False,2026-07-22T21:52:55.165233,0.0,CLE,MIN,CLE,0.0135,0.022,-0.0041,-0.0048,0.001,-0.012,0.0167,0.0046,0.0,0.0,0.0,0.008,0.0,0.0041,,
2026-07-22,,,team,Moneyline,,,,,,,,,,,8.5,-0.2,Toronto Blue Jays,Tampa Bay Rays,Tampa Bay Rays,TBD,Braydon Fisher,Griffin Jax,-128.0,55.9,-0.2,False,2026-07-22T21:52:55.293526,0.0,TOR,TB,TB,0.0,0.0165,0.0058,0.0013,-0.0009,-0.0157,0.0125,-0.0149,-0.0094,0.0,0.0,-0.004,0.0,-0.0049,,
2026-07-22,,,team,Moneyline,,,,,,,,,,,8.5,0.5,St. Louis Cardinals,Arizona Diamondbacks,Arizona Diamondbacks,TBD,TBD,TBD,-110.0,52.9,0.5,False,2026-07-22T21:53:05.081155,0.29,STL,ARI,ARI,-0.018,0.0,0.0,0.0,0.0,-0.0008,-0.0075,0.0011,-0.0042,0.0,0.0,0.0,0.0,0.0031,,
2026-07-22,,,team,Moneyline,,,,,,,,,,,8.5,3.3,Detroit Tigers,Kansas City Royals,Detroit Tigers,TBD,TBD,TBD,-198.0,60.2,3.3,False,2026-07-22T21:53:14.749435,0.0,DET,KC,DET,0.0045,0.0,0.0,0.0,0.0,-0.0011,0.0268,0.02,0.0042,0.0,0.0,0.0,0.0,-0.01,,
2026-07-22,,,team,Moneyline,,,,,,,,,,,8.5,-4.4,Seattle Mariners,Cincinnati Reds,Cincinnati Reds,TBD,Emerson Hancock,Brady Singer,-918.0,85.7,-4.4,False,2026-07-22T22:03:04.018967,0.0,SEA,CIN,CIN,-0.0045,0.0814,0.0247,0.0081,0.0028,-0.0062,0.0348,0.0131,0.0,0.01,0.0,0.0067,0.0,0.0039,,
2026-07-22,,,team,Moneyline,,,,,,,,,,,3.5,-3.0,Los Angeles Angels,St. Louis Cardinals,St. Louis Cardinals,TBD,Reid Detmers,Hunter Dobbins,-248.0,68.3,-3.0,False,2026-07-22T22:03:08.454116,0.0,LAA,STL,STL,0.0,0.0346,-0.0054,0.0048,0.0066,0.0006,-0.002,-0.0088,0.0125,0.01,0.0,-0.0067,0.0,0.0009,,
2026-07-22,,,team,Moneyline,,,,,,,,,,,9.5,-2.5,Philadelphia Phillies,Los Angeles Dodgers,Los Angeles Dodgers,TBD,Aaron Nola,Eric Lauer,-137.0,55.4,-2.5,False,2026-07-22T22:03:12.734712,0.0,PHI,LAD,LAD,0.0045,0.0621,-0.0157,-0.0037,0.0176,-0.0185,0.0002,-0.0242,-0.0025,0.01,0.0,0.0,0.0,-0.0015,,
2026-07-22,,,team,Moneyline,,,,,,,,,,,8.0,3.7,Cleveland Guardians,Minnesota Twins,Cleveland Guardians,TBD,Slade Cecconi,Bailey Ober,-144.0,53.9,3.7,False,2026-07-22T22:03:16.979887,0.0,CLE,MIN,CLE,0.0135,0.022,-0.0041,-0.0048,0.001,-0.012,0.0167,0.0046,0.0,0.0,0.0,0.008,0.0,0.0041,,
2026-07-22,,,team,Moneyline,,,,,,,,,,,9.0,5.7,New York Yankees,Pittsburgh Pirates,New York Yankees,TBD,Gerrit Cole,Mitch Keller,-186.0,61.0,5.7,True,2026-07-22T22:03:21.261541,0.0,NYY,PIT,NYY,0.0,0.0258,0.0176,0.0046,0.0121,-0.0087,0.0139,0.0043,0.0,0.01,0.0,0.0067,0.0,0.0017,,
2026-07-22,,,team,Moneyline,,,,,,,,,,,7.5,-0.2,Toronto Blue Jays,Tampa Bay Rays,Tampa Bay Rays,TBD,Braydon Fisher,Griffin Jax,-126.0,55.5,-0.2,False,2026-07-22T22:03:33.214219,0.0,TOR,TB,TB,0.0,0.0165,0.0058,0.0013,-0.0009,-0.0157,0.0125,-0.0149,-0.0094,0.0,0.0,-0.004,0.0,-0.0049,,
2026-07-22,,,team,Moneyline,,,,,,,,,,,9.0,9.3,Boston Red Sox,Baltimore Orioles,Boston Red Sox,TBD,Jake Bennett,Dean Kremer,-131.0,57.3,9.3,True,2026-07-22T22:03:37.594577,0.34,BOS,BAL,BOS,0.0135,0.1029,0.0373,0.0066,-0.0122,-0.0025,0.0057,0.0058,0.0031,0.0,0.0,-0.0067,0.0,-0.0014,,
2026-07-22,,,team,Moneyline,,,,,,,,,,,8.5,-1.5,Atlanta Braves,San Diego Padres,San Diego Padres,TBD,Martín Pérez,Michael King,-117.0,52.5,-1.5,False,2026-07-22T22:03:49.818873,0.0,ATL,SD,SD,0.0045,-0.0182,-0.0036,-0.0007,-0.0034,0.0123,0.0053,0.0226,-0.0075,0.0,0.0,-0.0027,0.0,0.0001,,
2026-07-22,,,team,Moneyline,,,,,,,,,,,8.0,4.4,Chicago Cubs,Detroit Tigers,Detroit Tigers,TBD,Colin Rea,Keider Montero,-115.0,58.0,4.4,True,2026-07-22T22:04:01.791785,2.44,CHC,DET,DET,0.0,-0.0676,-0.0274,-0.0097,0.0024,0.012,-0.015,0.005,0.0,0.0,0.0,-0.0067,0.0,0.0077,,
2026-07-22,,,team,Moneyline,,,,,,,,,,,8.5,-7.9,Texas Rangers,Chicago White Sox,Chicago White Sox,TBD,Tyler Alexander,Anthony Kay,-139.0,50.3,-7.9,False,2026-07-22T22:04:06.619215,0.0,TEX,CWS,CWS,-0.0045,0.1028,0.0182,0.0013,0.0043,-0.0014,0.0,-0.013,0.0,0.01,0.0,0.008,0.0,0.0017,,
2026-07-22,,,team,Moneyline,,,,,,,,,,,8.5,-1.5,Houston Astros,Miami Marlins,Miami Marlins,TBD,Peter Lambert,Sandy Alcantara,-119.0,52.9,-1.5,False,2026-07-22T22:04:11.409081,0.0,HOU,MIA,MIA,0.009,-0.0138,0.0155,0.0024,0.0083,-0.0022,-0.0167,-0.0099,0.0125,0.01,0.0,-0.004,0.0,-0.0015,,
2026-07-22,,,team,Moneyline,,,,,,,,,,,8.0,1.9,Atlanta Braves,San Diego Padres,Atlanta Braves,TBD,Martín Pérez,Michael King,-225.0,61.4,1.9,False,2026-07-22T22:04:12.148759,0.0,ATL,SD,ATL,0.0045,-0.0182,-0.0036,-0.0007,-0.0034,0.0123,0.0053,0.0226,-0.0075,0.01,0.0,-0.0027,0.0,0.0001,,
2026-07-22,,,team,Moneyline,,,,,,,,,,,7.5,3.7,Cleveland Guardians,Minnesota Twins,Cleveland Guardians,TBD,Slade Cecconi,Bailey Ober,-130.0,51.7,3.7,False,2026-07-22T22:04:12.340718,0.0,CLE,MIN,CLE,0.0135,0.022,-0.0041,-0.0048,0.001,-0.012,0.0167,0.0046,0.0,0.0,0.0,0.008,0.0,0.0041,,
2026-07-22,,,team,Moneyline,,,,,,,,,,,8.5,-0.2,Toronto Blue Jays,Tampa Bay Rays,Tampa Bay Rays,TBD,Braydon Fisher,Griffin Jax,-128.0,55.9,-0.2,False,2026-07-22T22:04:20.764392,0.0,TOR,TB,TB,0.0,0.0165,0.0058,0.0013,-0.0009,-0.0157,0.0125,-0.0149,-0.0094,0.0,0.0,-0.004,0.0,-0.0049,,
2026-07-22,,,team,Moneyline,,,,,,,,,,,8.5,0.5,St. Louis Cardinals,Arizona Diamondbacks,Arizona Diamondbacks,TBD,TBD,TBD,-110.0,53.0,0.5,False,2026-07-22T22:04:24.133029,0.31,STL,ARI,ARI,-0.018,0.0,0.0,0.0,0.0,-0.0008,-0.0075,0.0006,-0.0042,0.0,0.0,0.0,0.0,0.0031,,
2026-07-22,,,team,Moneyline,,,,,,,,,,,8.5,3.3,Detroit Tigers,Kansas City Royals,Detroit Tigers,TBD,TBD,TBD,-198.0,60.2,3.3,False,2026-07-22T22:04:27.324484,0.0,DET,KC,DET,0.0045,0.0,0.0,0.0,0.0,-0.0011,0.0268,0.02,0.0042,0.0,0.0,0.0,0.0,-0.01,,
2026-07-22,,,team,Moneyline,,,,,,,,,,,8.5,-6.3,Seattle Mariners,Cincinnati Reds,Cincinnati Reds,TBD,Emerson Hancock,Brady Singer,-1643.0,88.0,-6.3,False,2026-07-22T22:21:18.750144,0.0,SEA,CIN,CIN,-0.0045,0.0814,0.0247,0.0081,0.0028,-0.0062,0.0337,0.013,-0.0042,0.01,0.0,0.0067,0.0,0.0039,,
2026-07-22,,,team,Moneyline,,,,,,,,,,,1.5,-2.2,Los Angeles Angels,St. Louis Cardinals,St. Louis Cardinals,TBD,Reid Detmers,Hunter Dobbins,-463.0,80.1,-2.2,False,2026-07-22T22:21:23.079184,0.0,LAA,STL,STL,0.0,0.0346,-0.0054,0.0048,0.0066,0.0008,-0.002,-0.009,0.0125,0.01,0.0,-0.0067,0.0,0.0009,,
2026-07-22,,,team,Moneyline,,,,,,,,,,,9.5,-2.0,Philadelphia Phillies,Los Angeles Dodgers,Los Angeles Dodgers,TBD,Aaron Nola,Eric Lauer,-141.0,56.7,-2.0,False,2026-07-22T22:21:27.370906,0.0,PHI,LAD,LAD,0.0045,0.0621,-0.0157,-0.0037,0.0176,-0.0185,0.0002,-0.0242,-0.0025,0.0,0.0,0.0,0.0,-0.0015,,
2026-07-22,,,team,Moneyline,,,,,,,,,,,8.0,3.7,Cleveland Guardians,Minnesota Twins,Cleveland Guardians,TBD,Slade Cecconi,Bailey Ober,-144.0,53.9,3.7,False,2026-07-22T22:21:31.691822,0.0,CLE,MIN,CLE,0.0135,0.022,-0.0041,-0.0048,0.001,-0.012,0.0167,0.0046,0.0,0.0,0.0,0.008,0.0,0.0041,,
2026-07-22,,,team,Moneyline,,,,,,,,,,,9.0,5.1,New York Yankees,Pittsburgh Pirates,New York Yankees,TBD,Gerrit Cole,Mitch Keller,-186.0,60.4,5.1,True,2026-07-22T22:21:43.383604,0.0,NYY,PIT,NYY,0.0,0.0258,0.0176,0.0046,0.0121,-0.0087,0.0139,0.0043,0.0,0.0,0.0,0.0067,0.0,0.0017,,
2026-07-22,,,team,Moneyline,,,,,,,,,,,7.5,-0.2,Toronto Blue Jays,Tampa Bay Rays,Tampa Bay Rays,TBD,Braydon Fisher,Griffin Jax,-126.0,55.5,-0.2,False,2026-07-22T22:21:47.704096,0.0,TOR,TB,TB,0.0,0.0165,0.0058,0.0013,-0.0009,-0.0157,0.0125,-0.0149,-0.0094,0.0,0.0,-0.004,0.0,-0.0049,,
2026-07-22,,,team,Moneyline,,,,,,,,,,,9.0,9.3,Boston Red Sox,Baltimore Orioles,Boston Red Sox,TBD,Jake Bennett,Dean Kremer,-126.0,56.5,9.3,True,2026-07-22T22:21:51.931214,0.42,BOS,BAL,BOS,0.0135,0.1029,0.0373,0.0066,-0.0122,-0.0025,0.0057,0.0058,0.0031,0.0,0.0,-0.0067,0.0,-0.0014,,
2026-07-22,,,team,Moneyline,,,,,,,,,,,8.5,-1.5,Atlanta Braves,San Diego Padres,San Diego Padres,TBD,Martín Pérez,Michael King,-117.0,52.5,-1.5,False,2026-07-22T22:22:03.943470,0.0,ATL,SD,SD,0.0045,-0.0182,-0.0036,-0.0007,-0.0034,0.0123,0.0053,0.0226,-0.0075,0.0,0.0,-0.0027,0.0,0.0001,,
2026-07-22,,,team,Moneyline,,,,,,,,,,,8.0,4.4,Chicago Cubs,Detroit Tigers,Detroit Tigers,TBD,Colin Rea,Keider Montero,-115.0,58.0,4.4,True,2026-07-22T22:22:15.986682,2.44,CHC,DET,DET,0.0,-0.0676,-0.0274,-0.0097,0.0024,0.012,-0.015,0.005,0.0,0.0,0.0,-0.0067,0.0,0.0077,,
2026-07-22,,,team,Moneyline,,,,,,,,,,,8.5,-7.4,Texas Rangers,Chicago White Sox,Chicago White Sox,TBD,Tyler Alexander,Anthony Kay,-139.0,50.9,-7.4,False,2026-07-22T22:22:28.603633,0.0,TEX,CWS,CWS,-0.0045,0.1028,0.0182,0.0013,0.0043,-0.0014,0.0,-0.013,0.0,0.0,0.0,0.008,0.0,0.0017,,
2026-07-22,,,team,Moneyline,,,,,,,,,,,8.0,-1.0,Houston Astros,Miami Marlins,Miami Marlins,TBD,Peter Lambert,Sandy Alcantara,-119.0,53.4,-1.0,False,2026-07-22T22:22:40.828697,0.0,HOU,MIA,MIA,0.009,-0.0138,0.0155,0.0024,0.0083,-0.0022,-0.0167,-0.0099,0.0125,0.0,0.0,-0.004,0.0,-0.0015,,
2026-07-22,,,team,Moneyline,,,,,,,,,,,8.0,1.9,Atlanta Braves,San Diego Padres,Atlanta Braves,TBD,Martín Pérez,Michael King,-225.0,61.4,1.9,False,2026-07-22T22:22:41.722201,0.0,ATL,SD,ATL,0.0045,-0.0182,-0.0036,-0.0007,-0.0034,0.0123,0.0053,0.0226,-0.0075,0.01,0.0,-0.0027,0.0,0.0001,,
2026-07-22,,,team,Moneyline,,,,,,,,,,,7.5,3.7,Cleveland Guardians,Minnesota Twins,Cleveland Guardians,TBD,Slade Cecconi,Bailey Ober,-130.0,51.7,3.7,False,2026-07-22T22:22:41.971429,0.0,CLE,MIN,CLE,0.0135,0.022,-0.0041,-0.0048,0.001,-0.012,0.0167,0.0046,0.0,0.0,0.0,0.008,0.0,0.0041,,
2026-07-22,,,team,Moneyline,,,,,,,,,,,8.5,-0.2,Toronto Blue Jays,Tampa Bay Rays,Tampa Bay Rays,TBD,Braydon Fisher,Griffin Jax,-128.0,55.9,-0.2,False,2026-07-22T22:22:42.252771,0.0,TOR,TB,TB,0.0,0.0165,0.0058,0.0013,-0.0009,-0.0157,0.0125,-0.0149,-0.0094,0.0,0.0,-0.004,0.0,-0.0049,,
2026-07-22,,,team,Moneyline,,,,,,,,,,,8.5,0.5,St. Louis Cardinals,Arizona Diamondbacks,Arizona Diamondbacks,TBD,TBD,TBD,-110.0,53.0,0.5,False,2026-07-22T22:22:45.374331,0.31,STL,ARI,ARI,-0.018,0.0,0.0,0.0,0.0,-0.0011,-0.0075,0.001,-0.0042,0.0,0.0,0.0,0.0,0.0031,,
2026-07-22,,,team,Moneyline,,,,,,,,,,,8.5,3.3,Detroit Tigers,Kansas City Royals,Detroit Tigers,TBD,TBD,TBD,-198.0,60.2,3.3,False,2026-07-22T22:22:48.609390,0.0,DET,KC,DET,0.0045,0.0,0.0,0.0,0.0,-0.0011,0.0268,0.02,0.0042,0.0,0.0,0.0,0.0,-0.01,,
2026-07-22,,,team,Moneyline,,,,,,,,,,,11.5,3.8,Cleveland Guardians,Minnesota Twins,Cleveland Guardians,TBD,Slade Cecconi,Bailey Ober,-192.0,58.9,3.8,False,2026-07-22T23:36:28.939044,0.0,CLE,MIN,CLE,0.018,0.0154,-0.0013,-0.0042,0.0023,-0.012,0.0167,0.0046,0.0,0.0,0.0,0.008,0.0,0.0041,,
2026-07-22,,,team,Moneyline,,,,,,,,,,,8.5,2.3,Philadelphia Phillies,Los Angeles Dodgers,Philadelphia Phillies,TBD,Aaron Nola,Eric Lauer,-170.0,55.0,2.3,False,2026-07-22T23:36:33.829703,0.0,PHI,LAD,PHI,0.009,0.0605,-0.0131,-0.0031,0.0163,-0.0179,0.0002,-0.0235,-0.0025,0.0,0.0,0.0,0.0,-0.0015,,
2026-07-22,,,team,Moneyline,,,,,,,,,,,7.5,0.2,Toronto Blue Jays,Tampa Bay Rays,Toronto Blue Jays,TBD,Braydon Fisher,Griffin Jax,-215.0,57.5,0.2,False,2026-07-22T23:36:38.106950,0.0,TOR,TB,TOR,0.0,0.0126,0.0086,0.0018,-0.0017,-0.0154,0.0125,-0.0147,-0.0094,0.0,0.0,-0.004,0.0,-0.0049,,
2026-07-22,,,team,Moneyline,,,,,,,,,,,7.5,5.2,New York Yankees,Pittsburgh Pirates,New York Yankees,TBD,Gerrit Cole,Mitch Keller,-195.0,60.4,5.2,True,2026-07-22T23:36:49.569563,0.0,NYY,PIT,NYY,0.0,0.0258,0.0176,0.0046,0.0121,-0.0081,0.0139,0.0045,0.0,0.0,0.0,0.0067,0.0,0.0017,,
2026-07-22,,,team,Moneyline,,,,,,,,,,,12.5,-6.5,Boston Red Sox,Baltimore Orioles,Baltimore Orioles,TBD,Jake Bennett,Dean Kremer,-365.0,72.0,-6.5,False,2026-07-22T23:37:01.143326,0.0,BOS,BAL,BAL,0.0045,0.1029,0.0373,0.0066,-0.0122,-0.0031,0.0057,0.0046,0.0031,0.0,0.0,-0.0067,0.0,-0.0014,,
2026-07-22,,,team,Moneyline,,,,,,,,,,,9.5,1.9,Atlanta Braves,San Diego Padres,Atlanta Braves,TBD,Martín Pérez,Michael King,-290.0,64.8,1.9,False,2026-07-22T23:37:13.103574,0.0,ATL,SD,ATL,0.009,-0.0138,-0.0018,-0.0002,-0.0032,0.0123,0.0053,0.0226,-0.0075,0.0,0.0,-0.0027,0.0,0.0001,,
2026-07-22,,,team,Moneyline,,,,,,,,,,,8.0,4.4,Chicago Cubs,Detroit Tigers,Detroit Tigers,TBD,Colin Rea,Keider Montero,-112.0,57.3,4.4,True,2026-07-22T23:37:17.040964,2.36,CHC,DET,DET,0.0,-0.0676,-0.0274,-0.0097,0.0024,0.012,-0.015,0.005,0.0,0.0,0.0,-0.0067,0.0,0.0077,,
2026-07-22,,,team,Moneyline,,,,,,,,,,,8.5,-7.9,Texas Rangers,Chicago White Sox,Chicago White Sox,TBD,Tyler Alexander,Anthony Kay,-139.0,50.3,-7.9,False,2026-07-22T23:37:20.937878,0.0,TEX,CWS,CWS,-0.0045,0.1028,0.0182,0.0013,0.0043,-0.0014,0.0,-0.013,0.0,0.01,0.0,0.008,0.0,0.0017,,
2026-07-22,,,team,Moneyline,,,,,,,,,,,8.0,-1.5,Houston Astros,Miami Marlins,Miami Marlins,TBD,Peter Lambert,Sandy Alcantara,-124.0,53.9,-1.5,False,2026-07-22T23:37:24.871748,0.0,HOU,MIA,MIA,0.009,-0.0138,0.0155,0.0024,0.0083,-0.0022,-0.0167,-0.0099,0.0125,0.01,0.0,-0.004,0.0,-0.0015,,
2026-07-22,,,team,Moneyline,,,,,,,,,,,8.0,2.0,Atlanta Braves,San Diego Padres,Atlanta Braves,TBD,Martín Pérez,Michael King,-225.0,61.5,2.0,False,2026-07-22T23:37:33.256412,0.0,ATL,SD,ATL,0.009,-0.0138,-0.0018,-0.0002,-0.0032,0.0123,0.0053,0.0226,-0.0075,0.0,0.0,-0.0027,0.0,0.0001,,
2026-07-22,,,team,Moneyline,,,,,,,,,,,7.5,3.8,Cleveland Guardians,Minnesota Twins,Cleveland Guardians,TBD,Slade Cecconi,Bailey Ober,-130.0,51.9,3.8,False,2026-07-22T23:37:33.413995,0.0,CLE,MIN,CLE,0.018,0.0154,-0.0013,-0.0042,0.0023,-0.012,0.0167,0.0046,0.0,0.0,0.0,0.008,0.0,0.0041,,
2026-07-22,,,team,Moneyline,,,,,,,,,,,8.5,-0.2,Toronto Blue Jays,Tampa Bay Rays,Tampa Bay Rays,TBD,Braydon Fisher,Griffin Jax,-128.0,56.0,-0.2,False,2026-07-22T23:37:33.581942,0.0,TOR,TB,TB,0.0,0.0126,0.0086,0.0018,-0.0017,-0.0154,0.0125,-0.0147,-0.0094,0.0,0.0,-0.004,0.0,-0.0049,,
2026-07-22,,,team,Moneyline,,,,,,,,,,,8.5,0.4,St. Louis Cardinals,Arizona Diamondbacks,Arizona Diamondbacks,TBD,TBD,TBD,-110.0,52.9,0.4,False,2026-07-22T23:37:45.109705,0.29,STL,ARI,ARI,-0.018,0.0,0.0,0.0,0.0,-0.0011,-0.0068,0.001,-0.0042,0.0,0.0,0.0,0.0,0.0031,,
2026-07-22,,,team,Moneyline,,,,,,,,,,,8.5,3.3,Detroit Tigers,Kansas City Royals,Detroit Tigers,TBD,TBD,TBD,-198.0,60.2,3.3,False,2026-07-22T23:37:55.564576,0.0,DET,KC,DET,0.0045,0.0,0.0,0.0,0.0,-0.0011,0.0268,0.02,0.0042,0.0,0.0,0.0,0.0,-0.01,,
2026-07-23,,,team,Moneyline,,,,,,,,,,,12.5,-1.3,Cleveland Guardians,Minnesota Twins,Minnesota Twins,TBD,Gavin Williams,Taj Bradley,-804.0,87.6,-1.3,False,2026-07-23T00:56:59.067085,0.0,CLE,MIN,MIN,0.0135,0.0072,-0.0027,0.0022,0.0026,-0.0126,0.0167,0.0042,0.0,0.0,0.0,0.008,0.0,0.0021,,
2026-07-23,,,team,Moneyline,,,,,,,,,,,10.5,-2.2,Philadelphia Phillies,Los Angeles Dodgers,Los Angeles Dodgers,TBD,TBD,TBD,-918.0,88.0,-2.2,False,2026-07-23T00:57:02.952913,0.0,PHI,LAD,LAD,0.0,0.0,0.0,0.0,0.0,-0.019,0.0002,-0.0245,-0.0025,0.0,0.0,0.0,0.0,-0.0003,,
2026-07-23,,,team,Moneyline,,,,,,,,,,,7.5,2.4,Toronto Blue Jays,Tampa Bay Rays,Tampa Bay Rays,TBD,Shane Bieber,Ian Seymour,-583.0,87.7,2.4,False,2026-07-23T00:57:06.727403,4.05,TOR,TB,TB,-0.009,-0.0435,-0.0004,-0.0068,-0.011,-0.0162,0.0125,-0.0152,-0.0094,0.0,0.0,-0.0067,0.0,-0.0046,,
2026-07-23,,,team,Moneyline,,,,,,,,,,,2.5,1.6,New York Yankees,Pittsburgh Pirates,New York Yankees,TBD,TBD,TBD,-174.0,54.5,1.6,False,2026-07-23T00:57:17.839736,0.0,NYY,PIT,NYY,0.0,0.0,0.0,0.0,0.0,-0.0081,0.0139,0.0045,0.0,0.0,0.0,0.0,0.0,0.001,,
2026-07-23,,,team,Moneyline,,,,,,,,,,,8.5,-1.0,Boston Red Sox,Baltimore Orioles,Baltimore Orioles,TBD,TBD,TBD,-506.0,82.5,-1.0,False,2026-07-23T00:57:29.299823,0.0,BOS,BAL,BAL,0.0045,0.0,0.0,0.0,0.0,-0.0031,0.0057,0.005,0.0031,0.0,0.0,0.0,0.0,-0.0011,,
2026-07-23,,,team,Moneyline,,,,,,,,,,,3.5,11.1,Atlanta Braves,San Diego Padres,Atlanta Braves,TBD,Chris Sale,Griffin Canning,-430.0,80.5,11.1,False,2026-07-23T00:57:40.859894,0.0,ATL,SD,ATL,0.009,0.1144,0.0823,0.0123,0.0072,0.0129,0.0053,0.0226,-0.0075,0.0,0.0,-0.0027,0.0,-0.001,,
2026-07-23,,,team,Moneyline,,,,,,,,,,,7.5,-0.7,Texas Rangers,Chicago White Sox,Chicago White Sox,TBD,TBD,TBD,-139.0,57.6,-0.7,False,2026-07-23T00:57:44.756042,0.0,TEX,CWS,CWS,-0.0045,0.0,0.0,0.0,0.0,-0.0008,0.0,-0.0128,0.0,0.01,0.0,0.0,0.0,0.0023,,
2026-07-23,,,team,Moneyline,,,,,,,,,,,7.5,1.4,Chicago Cubs,Detroit Tigers,Chicago Cubs,TBD,TBD,TBD,-170.0,54.1,1.4,False,2026-07-23T00:57:48.544240,0.0,CHC,DET,CHC,0.0,0.0,0.0,0.0,0.0,0.0115,-0.015,0.0048,0.0,0.0,0.0,0.0,0.0,0.0071,,
2026-07-23,,,team,Moneyline,,,,,,,,,,,7.5,1.3,Houston Astros,Miami Marlins,Houston Astros,TBD,TBD,TBD,-400.0,69.6,1.3,False,2026-07-23T00:57:52.567410,0.0,HOU,MIA,HOU,0.0135,0.0,0.0,0.0,0.0,-0.0017,-0.0167,-0.0091,0.0125,0.01,0.0,0.0,0.0,0.0002,,
2026-07-23,,,team,Moneyline,,,,,,,,,,,8.5,13.7,Atlanta Braves,San Diego Padres,Atlanta Braves,TBD,Chris Sale,Griffin Canning,-225.0,73.2,13.7,True,2026-07-23T00:57:53.413733,3.24,ATL,SD,ATL,0.009,0.1144,0.0823,0.0123,0.0072,0.0129,0.0053,0.0226,-0.0075,0.01,0.0,-0.0027,0.0,-0.001,,
2026-07-23,,,team,Moneyline,,,,,,,,,,,7.5,3.3,Cleveland Guardians,Minnesota Twins,Cleveland Guardians,TBD,Gavin Williams,Taj Bradley,-130.0,51.3,3.3,False,2026-07-23T00:57:53.614270,0.0,CLE,MIN,CLE,0.0135,0.0072,-0.0027,0.0022,0.0026,-0.0126,0.0167,0.0042,0.0,0.0,0.0,0.008,0.0,0.0021,,
2026-07-23,,,team,Moneyline,,,,,,,,,,,8.5,4.9,Toronto Blue Jays,Tampa Bay Rays,Tampa Bay Rays,TBD,Shane Bieber,Ian Seymour,-128.0,61.1,4.9,True,2026-07-23T00:57:53.821565,2.81,TOR,TB,TB,-0.009,-0.0435,-0.0004,-0.0068,-0.011,-0.0162,0.0125,-0.0152,-0.0094,0.0,0.0,-0.0067,0.0,-0.0046,,
2026-07-23,,,team,Moneyline,,,,,,,,,,,8.5,-2.3,St. Louis Cardinals,Arizona Diamondbacks,Arizona Diamondbacks,TBD,Michael McGreevy,Brandon Pfaadt,-110.0,50.2,-2.3,False,2026-07-23T00:57:57.878267,0.0,STL,ARI,ARI,-0.018,0.0187,0.0297,0.0046,-0.0037,-0.0011,-0.0068,0.001,-0.0042,0.0,0.0,0.0,0.0,0.0032,,
2026-07-23,,,team,Moneyline,,,,,,,,,,,8.5,7.6,Detroit Tigers,Kansas City Royals,Detroit Tigers,TBD,Troy Melton,Randy Dobnak,-198.0,64.5,7.6,True,2026-07-23T00:58:08.678946,0.0,DET,KC,DET,0.0,0.0324,0.0308,0.0099,0.0026,-0.0008,0.0268,0.0195,0.0042,0.0,0.008,0.0,0.0,-0.0058,,
2026-07-23,,,team,Moneyline,,,,,,,,,,,13.5,-2.3,Atlanta Braves,San Diego Padres,Atlanta Braves,TBD,Chris Sale,Griffin Canning,-7000.0,88.0,-2.3,False,2026-07-23T02:04:53.893592,0.0,ATL,SD,ATL,0.009,0.1144,0.0823,0.0123,0.0072,0.0123,0.0053,0.0226,-0.0075,0.0,0.0,-0.0027,0.0,-0.001,,
2026-07-23,,,team,Moneyline,,,,,,,,,,,8.5,-0.2,Texas Rangers,Chicago White Sox,Chicago White Sox,TBD,TBD,TBD,-432.0,81.0,-0.2,False,2026-07-23T02:04:56.325092,0.0,TEX,CWS,CWS,-0.009,0.0,0.0,0.0,0.0,-0.0011,0.0,-0.0134,0.0,0.01,0.0,0.0,0.0,0.0023,,
2026-07-23,,,team,Moneyline,,,,,,,,,,,6.5,-2.2,Chicago Cubs,Detroit Tigers,Detroit Tigers,TBD,TBD,TBD,-918.0,88.0,-2.2,False,2026-07-23T02:04:58.906666,0.0,CHC,DET,DET,-0.0045,0.0,0.0,0.0,0.0,0.0109,-0.015,0.0038,0.0,0.0,0.0,0.0,0.0,0.0071,,
2026-07-23,,,team,Moneyline,,,,,,,,,,,6.5,-1.2,Houston Astros,Miami Marlins,Miami Marlins,TBD,TBD,TBD,-119.0,53.3,-1.2,False,2026-07-23T02:05:01.472820,0.0,HOU,MIA,MIA,0.009,0.0,0.0,0.0,0.0,-0.002,-0.0167,-0.0098,0.0125,0.01,0.0,0.0,0.0,0.0002,,
2026-07-23,,,team,Moneyline,,,,,,,,,,,8.5,13.3,Atlanta Braves,San Diego Padres,Atlanta Braves,TBD,Chris Sale,Griffin Canning,-225.0,72.8,13.3,True,2026-07-23T02:05:01.591615,2.87,ATL,SD,ATL,0.009,0.1144,0.0823,0.0123,0.0072,0.0123,0.0053,0.0226,-0.0075,0.0,0.0,-0.0027,0.0,-0.001,,
2026-07-23,,,team,Moneyline,,,,,,,,,,,7.5,3.3,Cleveland Guardians,Minnesota Twins,Cleveland Guardians,TBD,Gavin Williams,Taj Bradley,-130.0,51.4,3.3,False,2026-07-23T02:05:04.654147,0.0,CLE,MIN,CLE,0.0135,0.0072,-0.0027,0.0022,0.0026,-0.012,0.0176,0.0042,-0.0014,0.0,0.0,0.008,0.0,0.0035,,
2026-07-23,,,team,Moneyline,,,,,,,,,,,8.5,5.2,Toronto Blue Jays,Tampa Bay Rays,Tampa Bay Rays,TBD,Shane Bieber,Ian Seymour,-128.0,61.3,5.2,True,2026-07-23T02:05:15.498110,2.94,TOR,TB,TB,-0.009,-0.0435,-0.0004,-0.0068,-0.011,-0.0162,0.0134,-0.0149,-0.0097,0.0,0.0,-0.0067,0.0,-0.01,,
2026-07-23,,,team,Moneyline,,,,,,,,,,,8.5,-2.3,St. Louis Cardinals,Arizona Diamondbacks,Arizona Diamondbacks,TBD,Michael McGreevy,Brandon Pfaadt,-110.0,50.2,-2.3,False,2026-07-23T02:05:26.044528,0.0,STL,ARI,ARI,-0.018,0.0187,0.0297,0.0046,-0.0037,-0.0011,-0.0068,0.001,-0.0042,0.0,0.0,0.0,0.0,0.0032,,
2026-07-23,,,team,Moneyline,,,,,,,,,,,8.5,7.9,Detroit Tigers,Kansas City Royals,Detroit Tigers,TBD,Troy Melton,Randy Dobnak,-198.0,64.8,7.9,True,2026-07-23T02:05:28.310192,0.0,DET,KC,DET,0.0045,0.0324,0.0308,0.0099,0.0026,-0.0008,0.0268,0.0203,0.0042,0.0,0.008,0.0,0.0,-0.0058,,
2026-07-23,,,team,Moneyline,,,,,,,,,,,8.0,12.7,Atlanta Braves,San Diego Padres,Atlanta Braves,TBD,Chris Sale,Griffin Canning,-255.0,74.6,12.7,True,2026-07-23T11:15:54.255232,2.42,ATL,SD,ATL,0.009,0.1144,0.0823,0.0123,0.0072,0.0123,0.0042,0.0226,-0.0042,0.0,0.0,-0.0053,0.0,-0.0031,,
2026-07-23,,,team,Moneyline,,,,,,,,,,,7.5,3.4,Cleveland Guardians,Minnesota Twins,Cleveland Guardians,TBD,Gavin Williams,Taj Bradley,-138.0,52.8,3.4,False,2026-07-23T11:16:01.223829,0.0,CLE,MIN,CLE,0.0135,0.0072,-0.0027,0.0022,0.0026,-0.012,0.0176,0.0042,-0.0014,0.0,0.0,0.0093,0.0,0.0035,,
2026-07-23,,,team,Moneyline,,,,,,,,,,,8.5,4.7,Toronto Blue Jays,Tampa Bay Rays,Tampa Bay Rays,TBD,Shane Bieber,Ian Seymour,-122.0,59.7,4.7,True,2026-07-23T11:16:05.421017,2.62,TOR,TB,TB,-0.009,-0.0435,-0.0004,-0.0068,-0.011,-0.0162,0.0134,-0.0149,-0.0097,0.0,0.0,0.0027,0.0,-0.01,,
2026-07-23,,,team,Moneyline,,,,,,,,,,,8.0,-2.5,St. Louis Cardinals,Arizona Diamondbacks,Arizona Diamondbacks,TBD,Michael McGreevy,Brandon Pfaadt,-115.0,51.1,-2.5,False,2026-07-23T11:16:17.566132,0.0,STL,ARI,ARI,-0.018,0.0187,0.0297,0.0046,-0.0037,-0.0011,-0.0068,0.001,-0.0042,0.0,0.0,0.004,0.0,0.0032,,
2026-07-23,,,team,Moneyline,,,,,,,,,,,8.5,7.5,Detroit Tigers,Kansas City Royals,Detroit Tigers,TBD,Troy Melton,Randy Dobnak,-210.0,65.5,7.5,True,2026-07-23T11:16:29.524362,0.0,DET,KC,DET,0.0045,0.0324,0.0308,0.0099,0.0026,-0.0008,0.0273,0.0206,0.0042,0.0,0.0,0.004,0.0,-0.0095,,
2026-07-23,,,team,Moneyline,,,,,,,,,,,8.0,12.9,Atlanta Braves,San Diego Padres,Atlanta Braves,TBD,Chris Sale,Griffin Canning,-245.0,73.8,12.9,True,2026-07-23T13:29:20.478147,2.41,ATL,SD,ATL,0.009,0.1144,0.0823,0.0123,0.0072,0.0123,0.0042,0.0226,-0.0042,0.0,0.0,-0.0053,0.0,-0.0031,,
2026-07-23,,,team,Moneyline,,,,,,,,,,,7.5,3.4,Cleveland Guardians,Minnesota Twins,Cleveland Guardians,TBD,Gavin Williams,Taj Bradley,-142.0,53.3,3.4,False,2026-07-23T13:29:33.300602,0.0,CLE,MIN,CLE,0.0135,0.0072,-0.0027,0.0022,0.0026,-0.012,0.0176,0.0042,-0.0014,0.0,0.0,0.0093,0.0,0.0035,,
2026-07-23,,,team,Moneyline,,,,,,,,,,,8.5,4.7,Toronto Blue Jays,Tampa Bay Rays,Tampa Bay Rays,TBD,Shane Bieber,Ian Seymour,-122.0,59.7,4.7,True,2026-07-23T13:29:38.723313,2.62,TOR,TB,TB,-0.009,-0.0435,-0.0004,-0.0068,-0.011,-0.0162,0.0134,-0.0149,-0.0097,0.0,0.0,0.0027,0.0,-0.01,,
2026-07-23,,,team,Moneyline,,,,,,,,,,,7.5,-2.5,St. Louis Cardinals,Arizona Diamondbacks,Arizona Diamondbacks,TBD,Michael McGreevy,Brandon Pfaadt,-115.0,51.1,-2.5,False,2026-07-23T13:29:44.237210,0.0,STL,ARI,ARI,-0.018,0.0187,0.0297,0.0046,-0.0037,-0.0011,-0.0068,0.001,-0.0042,0.0,0.0,0.004,0.0,0.0032,,
2026-07-23,,,team,Moneyline,,,,,,,,,,,8.5,7.5,Detroit Tigers,Kansas City Royals,Detroit Tigers,TBD,Troy Melton,Randy Dobnak,-210.0,65.5,7.5,True,2026-07-23T13:29:57.905957,0.0,DET,KC,DET,0.0045,0.0324,0.0308,0.0099,0.0026,-0.0008,0.0273,0.0206,0.0042,0.0,0.0,0.004,0.0,-0.0095,,
2026-07-23,,,team,Moneyline,,,,,,,,,,,7.5,9.7,Atlanta Braves,San Diego Padres,Atlanta Braves,TBD,Chris Sale,Kyle Hart,-240.0,69.1,9.7,True,2026-07-23T16:39:27.476543,0.0,ATL,SD,ATL,0.0,0.0759,0.0535,0.0026,0.0114,0.012,0.0042,0.0222,-0.0042,0.01,0.0,-0.0107,0.0,-0.0031,,
2026-07-23,,,team,Moneyline,,,,,,,,,,,7.5,3.5,Cleveland Guardians,Minnesota Twins,Cleveland Guardians,TBD,Gavin Williams,Taj Bradley,-144.0,53.8,3.5,False,2026-07-23T16:39:31.314031,0.0,CLE,MIN,CLE,0.0135,0.0072,-0.0027,0.0022,0.0026,-0.012,0.0176,0.0042,-0.0014,0.0,0.0,0.012,0.0,0.0035,,
2026-07-23,,,team,Moneyline,,,,,,,,,,,8.5,5.8,Toronto Blue Jays,Tampa Bay Rays,Tampa Bay Rays,TBD,Shane Bieber,Casey Legumina,-133.0,62.9,5.8,True,2026-07-23T16:39:35.465002,3.38,TOR,TB,TB,-0.009,-0.0567,-0.0142,-0.0042,0.0047,-0.0162,0.0134,-0.0149,-0.0097,0.0,0.0,-0.0107,0.0,-0.01,,
2026-07-23,,,team,Moneyline,,,,,,,,,,,7.5,-2.5,St. Louis Cardinals,Arizona Diamondbacks,Arizona Diamondbacks,TBD,Michael McGreevy,Brandon Pfaadt,-112.0,50.4,-2.5,False,2026-07-23T16:39:46.943825,0.0,STL,ARI,ARI,-0.018,0.0187,0.0297,0.0046,-0.0037,-0.0011,-0.0068,0.001,-0.0042,0.0,0.0,0.004,0.0,0.0032,,
2026-07-23,,,team,Moneyline,,,,,,,,,,,8.5,7.4,Detroit Tigers,Kansas City Royals,Detroit Tigers,TBD,Troy Melton,Randy Dobnak,-225.0,66.8,7.4,True,2026-07-23T16:39:50.677680,0.0,DET,KC,DET,0.0045,0.0324,0.0308,0.0099,0.0026,-0.0008,0.0273,0.0206,0.0042,0.0,0.0,0.004,0.0,-0.0095,,
2026-07-23,,,team,Moneyline,,,,,,,,,,,9.5,-9.6,Atlanta Braves,San Diego Padres,San Diego Padres,TBD,Chris Sale,Kyle Hart,-213.0,58.5,-9.6,False,2026-07-23T17:08:39.255034,0.0,ATL,SD,SD,0.0,0.0765,0.0495,0.0026,0.0116,0.012,0.0042,0.0218,-0.0042,0.01,0.0,-0.0107,0.0,-0.0031,,
2026-07-23,,,team,Moneyline,,,,,,,,,,,7.5,3.5,Cleveland Guardians,Minnesota Twins,Cleveland Guardians,TBD,Gavin Williams,Taj Bradley,-144.0,53.8,3.5,False,2026-07-23T17:08:41.936231,0.0,CLE,MIN,CLE,0.0135,0.0072,-0.0027,0.0022,0.0026,-0.012,0.0176,0.0042,-0.0014,0.0,0.0,0.012,0.0,0.0035,,
2026-07-23,,,team,Moneyline,,,,,,,,,,,8.5,5.8,Toronto Blue Jays,Tampa Bay Rays,Tampa Bay Rays,TBD,Shane Bieber,Casey Legumina,-133.0,62.9,5.8,True,2026-07-23T17:08:44.555952,3.38,TOR,TB,TB,-0.009,-0.0567,-0.0142,-0.0042,0.0047,-0.0162,0.0134,-0.0149,-0.0097,0.0,0.0,-0.0107,0.0,-0.01,,
2026-07-23,,,team,Moneyline,,,,,,,,,,,7.5,-2.5,St. Louis Cardinals,Arizona Diamondbacks,Arizona Diamondbacks,TBD,Michael McGreevy,Brandon Pfaadt,-112.0,50.4,-2.5,False,2026-07-23T17:08:47.161484,0.0,STL,ARI,ARI,-0.018,0.0187,0.0297,0.0046,-0.0037,-0.0011,-0.0068,0.001,-0.0042,0.0,0.0,0.004,0.0,0.0032,,
2026-07-23,,,team,Moneyline,,,,,,,,,,,8.5,7.4,Detroit Tigers,Kansas City Royals,Detroit Tigers,TBD,Troy Melton,Randy Dobnak,-225.0,66.8,7.4,True,2026-07-23T17:08:57.376217,0.0,DET,KC,DET,0.0045,0.0324,0.0308,0.0099,0.0026,-0.0008,0.0273,0.0206,0.0042,0.0,0.0,0.004,0.0,-0.0095,,
2026-07-23,,,team,Moneyline,,,,,,,,,,,9.5,2.4,St. Louis Cardinals,Arizona Diamondbacks,St. Louis Cardinals,TBD,Michael McGreevy,Brandon Pfaadt,-590.0,75.6,2.4,False,2026-07-23T21:30:30.530653,0.0,STL,ARI,STL,-0.009,0.0176,0.0329,0.0051,-0.004,-0.0006,-0.0068,0.0016,-0.0042,0.0,0.0,0.0027,0.0,0.0032,,
2026-07-23,,,team,Moneyline,,,,,,,,,,,8.5,7.3,Detroit Tigers,Kansas City Royals,Detroit Tigers,TBD,Troy Melton,Randy Dobnak,-235.0,67.5,7.3,True,2026-07-23T21:30:35.027162,0.0,DET,KC,DET,0.0045,0.0324,0.0308,0.0099,0.0026,-0.0008,0.0273,0.0206,0.0042,0.0,0.0,0.004,0.0,-0.0095,,
2026-07-23,,,team,Moneyline,,,,,,,,,,,7.5,2.4,St. Louis Cardinals,Arizona Diamondbacks,St. Louis Cardinals,TBD,Michael McGreevy,Brandon Pfaadt,-620.0,76.9,2.4,False,2026-07-23T22:03:12.236056,0.0,STL,ARI,STL,-0.009,0.0192,0.0338,0.0051,-0.0029,-0.0008,-0.0068,0.0016,-0.0042,0.0,0.0,0.0027,0.0,0.0032,,
2026-07-23,,,team,Moneyline,,,,,,,,,,,8.5,7.1,Detroit Tigers,Kansas City Royals,Detroit Tigers,TBD,Troy Melton,Randy Dobnak,-235.0,67.3,7.1,True,2026-07-23T22:03:26.449433,0.0,DET,KC,DET,0.0045,0.0324,0.0308,0.0099,0.0026,-0.0008,0.0273,0.0206,0.0042,0.0,0.0,0.0,0.0,-0.0095,,
2026-07-23,,,team,Moneyline,,,,,,,,,,,8.5,-3.6,St. Louis Cardinals,Arizona Diamondbacks,Arizona Diamondbacks,TBD,Michael McGreevy,Brandon Pfaadt,-1093.0,88.0,-3.6,False,2026-07-23T23:21:19.270468,0.0,STL,ARI,ARI,-0.018,0.011,0.0245,0.0042,-0.0018,-0.0022,-0.0068,-0.0002,-0.0042,0.0,0.0,0.0027,0.0,0.0032,,
2026-07-23,,,team,Moneyline,,,,,,,,,,,5.5,7.0,Detroit Tigers,Kansas City Royals,Detroit Tigers,TBD,Troy Melton,Randy Dobnak,-265.0,68.4,7.0,False,2026-07-23T23:21:22.082120,0.0,DET,KC,DET,0.0,0.0314,0.032,0.0101,0.0032,-0.0006,0.0273,0.0205,0.0042,0.0,0.0,0.004,0.0,-0.0095,,
2026-07-24T16:45:38.246724,2026-07-24,Milwaukee Brewers,Colorado Rockies,Milwaukee Brewers,-290,73.5,9.3,True,0.0,8.5,Moneyline,team
2026-07-24T16:45:39.945744,2026-07-24,Pittsburgh Pirates,Chicago Cubs,Pittsburgh Pirates,-116,54.8,9.2,True,0.6,8.0,Moneyline,team
2026-07-24T16:45:41.609656,2026-07-24,Detroit Tigers,Kansas City Royals,Detroit Tigers,-270,67.9,5.0,True,0.0,7.5,Moneyline,team
2026-07-24T16:45:43.345297,2026-07-24,Washington Nationals,Arizona Diamondbacks,Arizona Diamondbacks,-122,53.9,-4.3,False,0.0,9.5,Moneyline,team
2026-07-24T16:45:45.045684,2026-07-24,Philadelphia Phillies,New York Yankees,New York Yankees,116,56.6,5.6,True,4.82,7.5,Moneyline,team
2026-07-24T16:45:46.775086,2026-07-24,Baltimore Orioles,Atlanta Braves,Baltimore Orioles,-118,53.9,7.9,True,0.0,8.5,Moneyline,team
2026-07-24T16:45:55.998145,2026-07-24,Tampa Bay Rays,Cleveland Guardians,Tampa Bay Rays,-130,54.1,6.1,True,0.0,7.5,Moneyline,team
2026-07-24T16:46:05.196056,2026-07-24,New York Mets,Los Angeles Dodgers,New York Mets,116,50.3,10.8,True,1.86,9.0,Moneyline,team
2026-07-24T16:46:14.497516,2026-07-24,Miami Marlins,San Diego Padres,Miami Marlins,-136,50.7,1.6,False,0.0,9.0,Moneyline,team
2026-07-24T16:46:16.184205,2026-07-24,Boston Red Sox,Toronto Blue Jays,Boston Red Sox,-126,54.6,7.1,True,0.0,8.5,Moneyline,team
2026-07-24T16:46:17.875522,2026-07-24,Chicago White Sox,Houston Astros,Chicago White Sox,-134,65.4,16.6,True,4.75,8.5,Moneyline,team
2026-07-24T16:46:19.603685,2026-07-24,Texas Rangers,Seattle Mariners,Seattle Mariners,-116,58.2,1.0,False,2.41,7.5,Moneyline,team
2026-07-24T16:46:21.284254,2026-07-24,Minnesota Twins,Athletics,Minnesota Twins,-144,59.7,9.5,True,0.41,9.5,Moneyline,team
2026-07-24T16:46:30.504697,2026-07-24,St. Louis Cardinals,Cincinnati Reds,St. Louis Cardinals,-156,62.6,10.7,True,1.06,8.0,Moneyline,team
2026-07-24T16:46:39.799744,2026-07-24,San Francisco Giants,Los Angeles Angels,San Francisco Giants,-164,64.6,11.7,True,1.63,8.5,Moneyline,team
2026-07-24T16:55:20.196571,2026-07-24,Milwaukee Brewers,Colorado Rockies,Milwaukee Brewers,-290,73.5,9.3,True,0.0,8.5,Moneyline,team
2026-07-24T16:55:21.708614,2026-07-24,Pittsburgh Pirates,Chicago Cubs,Pittsburgh Pirates,-110,54.8,10.2,True,1.28,8.0,Moneyline,team
2026-07-24T16:55:23.050489,2026-07-24,Detroit Tigers,Kansas City Royals,Detroit Tigers,-270,67.9,5.0,True,0.0,7.5,Moneyline,team
2026-07-24T16:55:24.414886,2026-07-24,Washington Nationals,Arizona Diamondbacks,Arizona Diamondbacks,-122,53.9,-4.3,False,0.0,9.5,Moneyline,team
2026-07-24T16:55:25.802666,2026-07-24,Philadelphia Phillies,New York Yankees,New York Yankees,116,56.6,5.6,True,4.82,7.5,Moneyline,team
2026-07-24T16:55:27.124521,2026-07-24,Baltimore Orioles,Atlanta Braves,Baltimore Orioles,-118,53.9,7.9,True,0.0,8.5,Moneyline,team
2026-07-24T16:55:28.563766,2026-07-24,Tampa Bay Rays,Cleveland Guardians,Tampa Bay Rays,-130,55.1,7.1,True,0.0,7.5,Moneyline,team
2026-07-24T16:55:37.646904,2026-07-24,New York Mets,Los Angeles Dodgers,New York Mets,116,50.3,10.8,True,1.86,9.0,Moneyline,team
2026-07-24T16:55:46.640970,2026-07-24,Miami Marlins,San Diego Padres,Miami Marlins,-136,50.7,1.6,False,0.0,9.0,Moneyline,team
2026-07-24T16:55:55.723514,2026-07-24,Boston Red Sox,Toronto Blue Jays,Boston Red Sox,-126,54.0,6.5,True,0.0,8.5,Moneyline,team
2026-07-24T16:56:04.857693,2026-07-24,Chicago White Sox,Houston Astros,Chicago White Sox,-134,65.2,16.5,True,4.65,8.5,Moneyline,team
2026-07-24T16:56:14.031131,2026-07-24,Texas Rangers,Seattle Mariners,Seattle Mariners,-116,58.9,1.8,False,2.83,7.5,Moneyline,team
2026-07-24T16:56:15.388360,2026-07-24,Minnesota Twins,Athletics,Minnesota Twins,-144,59.7,9.5,True,0.41,9.5,Moneyline,team
2026-07-24T16:56:24.642635,2026-07-24,St. Louis Cardinals,Cincinnati Reds,St. Louis Cardinals,-156,62.6,10.7,True,1.06,8.0,Moneyline,team
2026-07-24T16:56:25.972761,2026-07-24,San Francisco Giants,Los Angeles Angels,San Francisco Giants,-164,64.4,11.5,True,1.5,8.5,Moneyline,team
2026-07-24T17:12:17.662127,2026-07-24,Milwaukee Brewers,Colorado Rockies,Milwaukee Brewers,-290,73.6,9.4,True,0.0,8.5,Moneyline,team
2026-07-24T17:12:19.001783,2026-07-24,Pittsburgh Pirates,Chicago Cubs,Pittsburgh Pirates,-110,54.9,10.2,True,1.3,8.0,Moneyline,team
2026-07-24T17:12:20.429772,2026-07-24,Detroit Tigers,Kansas City Royals,Detroit Tigers,-275,67.9,4.6,True,0.0,7.5,Moneyline,team
2026-07-24T17:12:21.847401,2026-07-24,Washington Nationals,Arizona Diamondbacks,Arizona Diamondbacks,-124,53.9,-4.7,False,0.0,9.5,Moneyline,team
2026-07-24T17:12:23.205971,2026-07-24,Philadelphia Phillies,New York Yankees,New York Yankees,116,56.6,5.6,True,4.81,7.5,Moneyline,team
2026-07-24T17:12:24.564890,2026-07-24,Baltimore Orioles,Atlanta Braves,Baltimore Orioles,-122,54.0,7.2,True,0.0,8.5,Moneyline,team
2026-07-24T17:12:26.006778,2026-07-24,Tampa Bay Rays,Cleveland Guardians,Tampa Bay Rays,-130,55.2,7.1,True,0.0,7.5,Moneyline,team
2026-07-24T17:12:27.339098,2026-07-24,New York Mets,Los Angeles Dodgers,New York Mets,116,50.9,11.4,True,2.14,9.0,Moneyline,team
2026-07-24T17:12:28.550671,2026-07-24,Miami Marlins,San Diego Padres,Miami Marlins,-136,51.6,2.5,False,0.0,9.0,Moneyline,team
2026-07-24T17:12:37.430597,2026-07-24,Boston Red Sox,Toronto Blue Jays,Boston Red Sox,-126,54.0,6.5,True,0.0,8.5,Moneyline,team
2026-07-24T17:12:46.393135,2026-07-24,Chicago White Sox,Houston Astros,Chicago White Sox,-134,65.2,16.5,True,4.65,8.5,Moneyline,team
2026-07-24T17:12:55.391099,2026-07-24,Texas Rangers,Seattle Mariners,Seattle Mariners,-116,58.9,1.8,False,2.83,7.5,Moneyline,team
2026-07-24T17:12:57.045403,2026-07-24,Minnesota Twins,Athletics,Minnesota Twins,-144,59.7,9.5,True,0.45,9.5,Moneyline,team
2026-07-24T17:13:06.115068,2026-07-24,St. Louis Cardinals,Cincinnati Reds,St. Louis Cardinals,-156,62.6,10.7,True,1.06,8.0,Moneyline,team
2026-07-24T17:13:15.087252,2026-07-24,San Francisco Giants,Los Angeles Angels,San Francisco Giants,-164,64.6,11.7,True,1.63,8.5,Moneyline,team
2026-07-24T17:32:37.830616,2026-07-24,Milwaukee Brewers,Colorado Rockies,Milwaukee Brewers,-290,73.7,9.5,True,0.0,8.5,Moneyline,team
2026-07-24T17:32:38.751213,2026-07-24,Pittsburgh Pirates,Chicago Cubs,Pittsburgh Pirates,-110,54.9,10.2,True,1.31,8.0,Moneyline,team
2026-07-24T17:32:39.693305,2026-07-24,Detroit Tigers,Kansas City Royals,Detroit Tigers,-275,67.9,4.6,True,0.0,7.5,Moneyline,team
2026-07-24T17:32:40.665852,2026-07-24,Washington Nationals,Arizona Diamondbacks,Arizona Diamondbacks,-124,53.9,-4.7,False,0.0,9.5,Moneyline,team
2026-07-24T17:32:41.648922,2026-07-24,Philadelphia Phillies,New York Yankees,New York Yankees,116,56.6,5.5,True,4.78,7.5,Moneyline,team
2026-07-24T17:32:42.591506,2026-07-24,Baltimore Orioles,Atlanta Braves,Baltimore Orioles,-122,53.9,7.2,True,0.0,8.5,Moneyline,team
2026-07-24T17:32:43.489420,2026-07-24,Tampa Bay Rays,Cleveland Guardians,Tampa Bay Rays,-130,55.2,7.2,True,0.0,7.5,Moneyline,team
2026-07-24T17:32:44.399164,2026-07-24,New York Mets,Los Angeles Dodgers,New York Mets,116,50.9,11.4,True,2.13,9.0,Moneyline,team
2026-07-24T17:32:45.330199,2026-07-24,Miami Marlins,San Diego Padres,Miami Marlins,-136,66.6,17.5,True,5.28,9.0,Moneyline,team
2026-07-24T17:32:46.264122,2026-07-24,Boston Red Sox,Toronto Blue Jays,Boston Red Sox,-126,54.7,7.1,True,0.0,8.5,Moneyline,team
2026-07-24T17:32:47.175751,2026-07-24,Chicago White Sox,Houston Astros,Chicago White Sox,-134,65.4,16.7,True,4.76,8.5,Moneyline,team
2026-07-24T17:32:48.090831,2026-07-24,Texas Rangers,Seattle Mariners,Seattle Mariners,-116,58.1,1.0,False,2.35,7.5,Moneyline,team
2026-07-24T17:32:49.011577,2026-07-24,Minnesota Twins,Athletics,Minnesota Twins,-144,59.8,9.6,True,0.49,9.5,Moneyline,team
2026-07-24T17:32:49.903185,2026-07-24,St. Louis Cardinals,Cincinnati Reds,St. Louis Cardinals,-156,62.7,10.8,True,1.14,8.0,Moneyline,team
2026-07-24T17:32:50.831950,2026-07-24,San Francisco Giants,Los Angeles Angels,San Francisco Giants,-164,64.5,11.6,True,1.56,8.5,Moneyline,team
2026-07-24T18:16:42.362101,2026-07-24,Milwaukee Brewers,Colorado Rockies,Milwaukee Brewers,-290,73.6,9.5,True,0.0,8.5,Moneyline,team
2026-07-24T18:16:43.279172,2026-07-24,Pittsburgh Pirates,Chicago Cubs,Pittsburgh Pirates,-110,54.9,10.3,True,1.34,8.0,Moneyline,team
2026-07-24T18:16:44.346056,2026-07-24,Detroit Tigers,Kansas City Royals,Detroit Tigers,-275,67.9,4.7,True,0.0,7.5,Moneyline,team
2026-07-24T18:16:45.243790,2026-07-24,Washington Nationals,Arizona Diamondbacks,Arizona Diamondbacks,-124,53.9,-4.7,False,0.0,9.5,Moneyline,team
2026-07-24T18:16:46.071908,2026-07-24,Philadelphia Phillies,New York Yankees,New York Yankees,116,56.5,5.5,True,4.75,7.5,Moneyline,team
2026-07-24T18:16:46.982030,2026-07-24,Baltimore Orioles,Atlanta Braves,Baltimore Orioles,-122,54.0,7.2,True,0.0,8.5,Moneyline,team
2026-07-24T18:16:47.897589,2026-07-24,Tampa Bay Rays,Cleveland Guardians,Tampa Bay Rays,-130,55.3,7.2,True,0.0,7.5,Moneyline,team
2026-07-24T18:16:48.758976,2026-07-24,New York Mets,Los Angeles Dodgers,New York Mets,116,50.9,11.5,True,2.16,9.0,Moneyline,team
2026-07-24T18:16:49.614367,2026-07-24,Miami Marlins,San Diego Padres,Miami Marlins,-136,66.6,17.5,True,5.31,9.0,Moneyline,team
2026-07-24T18:16:50.528842,2026-07-24,Boston Red Sox,Toronto Blue Jays,Boston Red Sox,-126,54.7,7.2,True,0.0,8.5,Moneyline,team
2026-07-24T18:16:59.189786,2026-07-24,Chicago White Sox,Houston Astros,Chicago White Sox,-134,65.2,16.5,True,4.65,8.5,Moneyline,team
2026-07-24T18:17:07.801013,2026-07-24,Texas Rangers,Seattle Mariners,Seattle Mariners,-116,58.9,1.8,False,2.83,7.5,Moneyline,team
2026-07-24T18:17:16.405493,2026-07-24,Minnesota Twins,Athletics,Minnesota Twins,-144,59.3,9.1,True,0.19,9.5,Moneyline,team
2026-07-24T18:17:25.009350,2026-07-24,St. Louis Cardinals,Cincinnati Reds,St. Louis Cardinals,-156,62.6,10.7,True,1.06,8.0,Moneyline,team
2026-07-24T18:17:33.593572,2026-07-24,San Francisco Giants,Los Angeles Angels,San Francisco Giants,-164,64.6,11.7,True,1.63,8.5,Moneyline,team
